URL,Latitude,Longitude,Altitude,GoogleMaps,OSMaps
"https://github.com/rcfdtools/R.GISMobile/tree/main/.poi/1/PXL_20230503_141248486.jpg",4.712488888888889,-73.81947777777778,3732.0,"http://maps.google.com/maps?q=4.712488888888889,-73.81947777777778","https://www.openstreetmap.org/query?lat=4.712488888888889&lon=-73.81947777777778"
"https://github.com/rcfdtools/R.GISMobile/tree/main/.poi/1/PXL_20230503_141401490.jpg",4.712169444444444,-73.8198361111111,3733.41,"http://maps.google.com/maps?q=4.712169444444444,-73.8198361111111","https://www.openstreetmap.org/query?lat=4.712169444444444&lon=-73.8198361111111"
"https://github.com/rcfdtools/R.GISMobile/tree/main/.poi/1/PXL_20230503_141404104.jpg",4.712169444444444,-73.8198361111111,3733.41,"http://maps.google.com/maps?q=4.712169444444444,-73.8198361111111","https://www.openstreetmap.org/query?lat=4.712169444444444&lon=-73.8198361111111"
"https://github.com/rcfdtools/R.GISMobile/tree/main/.poi/1/PXL_20230503_141452560.jpg",4.712169444444444,-73.8198361111111,3733.41,"http://maps.google.com/maps?q=4.712169444444444,-73.8198361111111","https://www.openstreetmap.org/query?lat=4.712169444444444&lon=-73.8198361111111"
"https://github.com/rcfdtools/R.GISMobile/tree/main/.poi/1/PXL_20230503_141454219.jpg",4.712169444444444,-73.8198361111111,3733.41,"http://maps.google.com/maps?q=4.712169444444444,-73.8198361111111","https://www.openstreetmap.org/query?lat=4.712169444444444&lon=-73.8198361111111"
"https://github.com/rcfdtools/R.GISMobile/tree/main/.poi/1/PXL_20230503_141456741.jpg",4.712169444444444,-73.8198361111111,3733.41,"http://maps.google.com/maps?q=4.712169444444444,-73.8198361111111","https://www.openstreetmap.org/query?lat=4.712169444444444&lon=-73.8198361111111"
"https://github.com/rcfdtools/R.GISMobile/tree/main/.poi/1/PXL_20230503_141459242.jpg",4.712169444444444,-73.8198361111111,3733.41,"http://maps.google.com/maps?q=4.712169444444444,-73.8198361111111","https://www.openstreetmap.org/query?lat=4.712169444444444&lon=-73.8198361111111"
"https://github.com/rcfdtools/R.GISMobile/tree/main/.poi/1/PXL_20230503_142135200.jpg",4.712169444444444,-73.81983333333334,3719.56,"http://maps.google.com/maps?q=4.712169444444444,-73.81983333333334","https://www.openstreetmap.org/query?lat=4.712169444444444&lon=-73.81983333333334"
"https://github.com/rcfdtools/R.GISMobile/tree/main/.poi/1/PXL_20230503_142138155.jpg",4.712169444444444,-73.81983333333334,3719.56,"http://maps.google.com/maps?q=4.712169444444444,-73.81983333333334","https://www.openstreetmap.org/query?lat=4.712169444444444&lon=-73.81983333333334"
"https://github.com/rcfdtools/R.GISMobile/tree/main/.poi/1/PXL_20230503_142141424.jpg",4.712169444444444,-73.81983333333334,3719.56,"http://maps.google.com/maps?q=4.712169444444444,-73.81983333333334","https://www.openstreetmap.org/query?lat=4.712169444444444&lon=-73.81983333333334"
"https://github.com/rcfdtools/R.GISMobile/tree/main/.poi/10/2013-07-03_16.02.18.jpg",9.5336385,-73.4629137,56.84,"http://maps.google.com/maps?q=9.5336385,-73.4629137","https://www.openstreetmap.org/query?lat=9.5336385&lon=-73.4629137"
"https://github.com/rcfdtools/R.GISMobile/tree/main/.poi/10/2013-07-03_16.02.21.jpg",9.5336385,-73.4629137,56.84,"http://maps.google.com/maps?q=9.5336385,-73.4629137","https://www.openstreetmap.org/query?lat=9.5336385&lon=-73.4629137"
"https://github.com/rcfdtools/R.GISMobile/tree/main/.poi/10/2013-07-03_16.02.26.jpg",9.5336385,-73.4629137,56.84,"http://maps.google.com/maps?q=9.5336385,-73.4629137","https://www.openstreetmap.org/query?lat=9.5336385&lon=-73.4629137"
"https://github.com/rcfdtools/R.GISMobile/tree/main/.poi/10/2013-07-03_16.02.34.jpg",9.5336385,-73.4629137,56.84,"http://maps.google.com/maps?q=9.5336385,-73.4629137","https://www.openstreetmap.org/query?lat=9.5336385&lon=-73.4629137"
"https://github.com/rcfdtools/R.GISMobile/tree/main/.poi/10/2013-07-03_16.02.37.jpg",9.5336385,-73.4629137,56.84,"http://maps.google.com/maps?q=9.5336385,-73.4629137","https://www.openstreetmap.org/query?lat=9.5336385&lon=-73.4629137"
"https://github.com/rcfdtools/R.GISMobile/tree/main/.poi/10/2013-07-03_16.02.53.jpg",9.5336385,-73.4629137,56.84,"http://maps.google.com/maps?q=9.5336385,-73.4629137","https://www.openstreetmap.org/query?lat=9.5336385&lon=-73.4629137"
"https://github.com/rcfdtools/R.GISMobile/tree/main/.poi/10/2013-07-03_16.03.00.jpg",9.5336385,-73.4629137,56.84,"http://maps.google.com/maps?q=9.5336385,-73.4629137","https://www.openstreetmap.org/query?lat=9.5336385&lon=-73.4629137"
"https://github.com/rcfdtools/R.GISMobile/tree/main/.poi/10/2013-07-03_16.10.23.jpg",9.5332223,-73.4627698,57.73,"http://maps.google.com/maps?q=9.5332223,-73.4627698","https://www.openstreetmap.org/query?lat=9.5332223&lon=-73.4627698"
"https://github.com/rcfdtools/R.GISMobile/tree/main/.poi/10/2013-07-03_16.10.26.jpg",9.5332223,-73.4627698,57.73,"http://maps.google.com/maps?q=9.5332223,-73.4627698","https://www.openstreetmap.org/query?lat=9.5332223&lon=-73.4627698"
"https://github.com/rcfdtools/R.GISMobile/tree/main/.poi/10/2013-07-03_16.10.30.jpg",9.5332223,-73.4627698,57.73,"http://maps.google.com/maps?q=9.5332223,-73.4627698","https://www.openstreetmap.org/query?lat=9.5332223&lon=-73.4627698"
"https://github.com/rcfdtools/R.GISMobile/tree/main/.poi/10/2013-07-03_16.10.52.jpg",9.5332223,-73.4627698,57.73,"http://maps.google.com/maps?q=9.5332223,-73.4627698","https://www.openstreetmap.org/query?lat=9.5332223&lon=-73.4627698"
"https://github.com/rcfdtools/R.GISMobile/tree/main/.poi/10/2013-07-03_16.11.05.jpg",9.5332223,-73.4627698,57.73,"http://maps.google.com/maps?q=9.5332223,-73.4627698","https://www.openstreetmap.org/query?lat=9.5332223&lon=-73.4627698"
"https://github.com/rcfdtools/R.GISMobile/tree/main/.poi/10/2013-07-03_16.11.59.jpg",9.5332223,-73.4627698,57.73,"http://maps.google.com/maps?q=9.5332223,-73.4627698","https://www.openstreetmap.org/query?lat=9.5332223&lon=-73.4627698"
"https://github.com/rcfdtools/R.GISMobile/tree/main/.poi/10/2013-07-03_16.14.39.jpg",9.5330167,-73.4626651,56.05,"http://maps.google.com/maps?q=9.5330167,-73.4626651","https://www.openstreetmap.org/query?lat=9.5330167&lon=-73.4626651"
"https://github.com/rcfdtools/R.GISMobile/tree/main/.poi/10/2013-07-03_16.26.22.jpg",9.5282362,-73.4623197,54.04,"http://maps.google.com/maps?q=9.5282362,-73.4623197","https://www.openstreetmap.org/query?lat=9.5282362&lon=-73.4623197"
"https://github.com/rcfdtools/R.GISMobile/tree/main/.poi/10/2013-07-03_16.26.26.jpg",9.5282362,-73.4623197,54.04,"http://maps.google.com/maps?q=9.5282362,-73.4623197","https://www.openstreetmap.org/query?lat=9.5282362&lon=-73.4623197"
"https://github.com/rcfdtools/R.GISMobile/tree/main/.poi/10/2013-07-03_16.28.03.jpg",9.5282168,-73.4622893,52.94,"http://maps.google.com/maps?q=9.5282168,-73.4622893","https://www.openstreetmap.org/query?lat=9.5282168&lon=-73.4622893"
"https://github.com/rcfdtools/R.GISMobile/tree/main/.poi/10/2013-07-03_16.28.07.jpg",9.5282168,-73.4622893,52.94,"http://maps.google.com/maps?q=9.5282168,-73.4622893","https://www.openstreetmap.org/query?lat=9.5282168&lon=-73.4622893"
"https://github.com/rcfdtools/R.GISMobile/tree/main/.poi/10/2013-07-03_16.39.14.jpg",9.5249731,-73.4694264,46.07,"http://maps.google.com/maps?q=9.5249731,-73.4694264","https://www.openstreetmap.org/query?lat=9.5249731&lon=-73.4694264"
"https://github.com/rcfdtools/R.GISMobile/tree/main/.poi/10/2013-07-03_16.39.21.jpg",9.5249731,-73.4694264,46.07,"http://maps.google.com/maps?q=9.5249731,-73.4694264","https://www.openstreetmap.org/query?lat=9.5249731&lon=-73.4694264"
"https://github.com/rcfdtools/R.GISMobile/tree/main/.poi/10/2013-07-03_16.39.31.jpg",9.5249731,-73.4694264,46.07,"http://maps.google.com/maps?q=9.5249731,-73.4694264","https://www.openstreetmap.org/query?lat=9.5249731&lon=-73.4694264"
"https://github.com/rcfdtools/R.GISMobile/tree/main/.poi/11/2013-07-04_08.54.52.jpg",9.5384802,-73.5215662,39.24,"http://maps.google.com/maps?q=9.5384802,-73.5215662","https://www.openstreetmap.org/query?lat=9.5384802&lon=-73.5215662"
"https://github.com/rcfdtools/R.GISMobile/tree/main/.poi/11/2013-07-04_08.55.15.jpg",9.5384802,-73.5215662,39.24,"http://maps.google.com/maps?q=9.5384802,-73.5215662","https://www.openstreetmap.org/query?lat=9.5384802&lon=-73.5215662"
"https://github.com/rcfdtools/R.GISMobile/tree/main/.poi/11/2013-07-04_08.58.04.jpg",9.5384264,-73.5215579,40.13,"http://maps.google.com/maps?q=9.5384264,-73.5215579","https://www.openstreetmap.org/query?lat=9.5384264&lon=-73.5215579"
"https://github.com/rcfdtools/R.GISMobile/tree/main/.poi/11/2013-07-04_08.58.24.jpg",9.5384264,-73.5215579,40.13,"http://maps.google.com/maps?q=9.5384264,-73.5215579","https://www.openstreetmap.org/query?lat=9.5384264&lon=-73.5215579"
"https://github.com/rcfdtools/R.GISMobile/tree/main/.poi/11/2013-07-04_08.58.43.jpg",9.5384264,-73.5215579,40.13,"http://maps.google.com/maps?q=9.5384264,-73.5215579","https://www.openstreetmap.org/query?lat=9.5384264&lon=-73.5215579"
"https://github.com/rcfdtools/R.GISMobile/tree/main/.poi/11/2013-07-04_08.58.48.jpg",9.5384264,-73.5215579,40.13,"http://maps.google.com/maps?q=9.5384264,-73.5215579","https://www.openstreetmap.org/query?lat=9.5384264&lon=-73.5215579"
"https://github.com/rcfdtools/R.GISMobile/tree/main/.poi/11/2013-07-04_08.58.52.jpg",9.5384264,-73.5215579,40.13,"http://maps.google.com/maps?q=9.5384264,-73.5215579","https://www.openstreetmap.org/query?lat=9.5384264&lon=-73.5215579"
"https://github.com/rcfdtools/R.GISMobile/tree/main/.poi/11/2013-07-04_08.59.56.jpg",9.5384264,-73.5215579,40.13,"http://maps.google.com/maps?q=9.5384264,-73.5215579","https://www.openstreetmap.org/query?lat=9.5384264&lon=-73.5215579"
"https://github.com/rcfdtools/R.GISMobile/tree/main/.poi/11/2013-07-04_09.00.00.jpg",9.5381873,-73.5215483,77.59,"http://maps.google.com/maps?q=9.5381873,-73.5215483","https://www.openstreetmap.org/query?lat=9.5381873&lon=-73.5215483"
"https://github.com/rcfdtools/R.GISMobile/tree/main/.poi/11/2013-07-04_09.00.06.jpg",9.5381873,-73.5215483,77.59,"http://maps.google.com/maps?q=9.5381873,-73.5215483","https://www.openstreetmap.org/query?lat=9.5381873&lon=-73.5215483"
"https://github.com/rcfdtools/R.GISMobile/tree/main/.poi/11/2013-07-04_09.00.11.jpg",9.5381873,-73.5215483,77.59,"http://maps.google.com/maps?q=9.5381873,-73.5215483","https://www.openstreetmap.org/query?lat=9.5381873&lon=-73.5215483"
"https://github.com/rcfdtools/R.GISMobile/tree/main/.poi/11/2013-07-04_09.00.17.jpg",9.5381873,-73.5215483,77.59,"http://maps.google.com/maps?q=9.5381873,-73.5215483","https://www.openstreetmap.org/query?lat=9.5381873&lon=-73.5215483"
"https://github.com/rcfdtools/R.GISMobile/tree/main/.poi/12/2013-07-03_16.02.18.jpg",9.5336385,-73.4629137,56.84,"http://maps.google.com/maps?q=9.5336385,-73.4629137","https://www.openstreetmap.org/query?lat=9.5336385&lon=-73.4629137"
"https://github.com/rcfdtools/R.GISMobile/tree/main/.poi/12/2013-07-03_16.02.21.jpg",9.5336385,-73.4629137,56.84,"http://maps.google.com/maps?q=9.5336385,-73.4629137","https://www.openstreetmap.org/query?lat=9.5336385&lon=-73.4629137"
"https://github.com/rcfdtools/R.GISMobile/tree/main/.poi/12/2013-07-03_16.02.26.jpg",9.5336385,-73.4629137,56.84,"http://maps.google.com/maps?q=9.5336385,-73.4629137","https://www.openstreetmap.org/query?lat=9.5336385&lon=-73.4629137"
"https://github.com/rcfdtools/R.GISMobile/tree/main/.poi/12/2013-07-03_16.02.34.jpg",9.5336385,-73.4629137,56.84,"http://maps.google.com/maps?q=9.5336385,-73.4629137","https://www.openstreetmap.org/query?lat=9.5336385&lon=-73.4629137"
"https://github.com/rcfdtools/R.GISMobile/tree/main/.poi/12/2013-07-03_16.02.37.jpg",9.5336385,-73.4629137,56.84,"http://maps.google.com/maps?q=9.5336385,-73.4629137","https://www.openstreetmap.org/query?lat=9.5336385&lon=-73.4629137"
"https://github.com/rcfdtools/R.GISMobile/tree/main/.poi/12/2013-07-03_16.02.53.jpg",9.5336385,-73.4629137,56.84,"http://maps.google.com/maps?q=9.5336385,-73.4629137","https://www.openstreetmap.org/query?lat=9.5336385&lon=-73.4629137"
"https://github.com/rcfdtools/R.GISMobile/tree/main/.poi/12/2013-07-03_16.03.00.jpg",9.5336385,-73.4629137,56.84,"http://maps.google.com/maps?q=9.5336385,-73.4629137","https://www.openstreetmap.org/query?lat=9.5336385&lon=-73.4629137"
"https://github.com/rcfdtools/R.GISMobile/tree/main/.poi/12/2013-07-03_16.10.23.jpg",9.5332223,-73.4627698,57.73,"http://maps.google.com/maps?q=9.5332223,-73.4627698","https://www.openstreetmap.org/query?lat=9.5332223&lon=-73.4627698"
"https://github.com/rcfdtools/R.GISMobile/tree/main/.poi/12/2013-07-03_16.10.26.jpg",9.5332223,-73.4627698,57.73,"http://maps.google.com/maps?q=9.5332223,-73.4627698","https://www.openstreetmap.org/query?lat=9.5332223&lon=-73.4627698"
"https://github.com/rcfdtools/R.GISMobile/tree/main/.poi/12/2013-07-03_16.10.30.jpg",9.5332223,-73.4627698,57.73,"http://maps.google.com/maps?q=9.5332223,-73.4627698","https://www.openstreetmap.org/query?lat=9.5332223&lon=-73.4627698"
"https://github.com/rcfdtools/R.GISMobile/tree/main/.poi/12/2013-07-03_16.10.33.jpg",9.5332223,-73.4627698,57.73,"http://maps.google.com/maps?q=9.5332223,-73.4627698","https://www.openstreetmap.org/query?lat=9.5332223&lon=-73.4627698"
"https://github.com/rcfdtools/R.GISMobile/tree/main/.poi/12/2013-07-03_16.10.52.jpg",9.5332223,-73.4627698,57.73,"http://maps.google.com/maps?q=9.5332223,-73.4627698","https://www.openstreetmap.org/query?lat=9.5332223&lon=-73.4627698"
"https://github.com/rcfdtools/R.GISMobile/tree/main/.poi/12/2013-07-03_16.10.58.jpg",9.5332223,-73.4627698,57.73,"http://maps.google.com/maps?q=9.5332223,-73.4627698","https://www.openstreetmap.org/query?lat=9.5332223&lon=-73.4627698"
"https://github.com/rcfdtools/R.GISMobile/tree/main/.poi/12/2013-07-03_16.11.00.jpg",9.5332223,-73.4627698,57.73,"http://maps.google.com/maps?q=9.5332223,-73.4627698","https://www.openstreetmap.org/query?lat=9.5332223&lon=-73.4627698"
"https://github.com/rcfdtools/R.GISMobile/tree/main/.poi/12/2013-07-03_16.11.05.jpg",9.5332223,-73.4627698,57.73,"http://maps.google.com/maps?q=9.5332223,-73.4627698","https://www.openstreetmap.org/query?lat=9.5332223&lon=-73.4627698"
"https://github.com/rcfdtools/R.GISMobile/tree/main/.poi/12/2013-07-03_16.11.59.jpg",9.5332223,-73.4627698,57.73,"http://maps.google.com/maps?q=9.5332223,-73.4627698","https://www.openstreetmap.org/query?lat=9.5332223&lon=-73.4627698"
"https://github.com/rcfdtools/R.GISMobile/tree/main/.poi/12/2013-07-03_16.14.39.jpg",9.5330167,-73.4626651,56.05,"http://maps.google.com/maps?q=9.5330167,-73.4626651","https://www.openstreetmap.org/query?lat=9.5330167&lon=-73.4626651"
"https://github.com/rcfdtools/R.GISMobile/tree/main/.poi/12/2013-07-03_16.14.54.jpg",9.5330167,-73.4626651,56.05,"http://maps.google.com/maps?q=9.5330167,-73.4626651","https://www.openstreetmap.org/query?lat=9.5330167&lon=-73.4626651"
"https://github.com/rcfdtools/R.GISMobile/tree/main/.poi/12/2013-07-03_16.15.27.jpg",9.5330167,-73.4626651,56.05,"http://maps.google.com/maps?q=9.5330167,-73.4626651","https://www.openstreetmap.org/query?lat=9.5330167&lon=-73.4626651"
"https://github.com/rcfdtools/R.GISMobile/tree/main/.poi/12/2013-07-03_16.15.41.jpg",9.5330167,-73.4626651,56.05,"http://maps.google.com/maps?q=9.5330167,-73.4626651","https://www.openstreetmap.org/query?lat=9.5330167&lon=-73.4626651"
"https://github.com/rcfdtools/R.GISMobile/tree/main/.poi/12/2013-07-03_16.16.22.jpg",9.5330167,-73.4626651,56.05,"http://maps.google.com/maps?q=9.5330167,-73.4626651","https://www.openstreetmap.org/query?lat=9.5330167&lon=-73.4626651"
"https://github.com/rcfdtools/R.GISMobile/tree/main/.poi/12/2013-07-03_16.26.22.jpg",9.5282362,-73.4623197,54.04,"http://maps.google.com/maps?q=9.5282362,-73.4623197","https://www.openstreetmap.org/query?lat=9.5282362&lon=-73.4623197"
"https://github.com/rcfdtools/R.GISMobile/tree/main/.poi/12/2013-07-03_16.26.26.jpg",9.5282362,-73.4623197,54.04,"http://maps.google.com/maps?q=9.5282362,-73.4623197","https://www.openstreetmap.org/query?lat=9.5282362&lon=-73.4623197"
"https://github.com/rcfdtools/R.GISMobile/tree/main/.poi/12/2013-07-03_16.28.03.jpg",9.5282168,-73.4622893,52.94,"http://maps.google.com/maps?q=9.5282168,-73.4622893","https://www.openstreetmap.org/query?lat=9.5282168&lon=-73.4622893"
"https://github.com/rcfdtools/R.GISMobile/tree/main/.poi/12/2013-07-03_16.28.07.jpg",9.5282168,-73.4622893,52.94,"http://maps.google.com/maps?q=9.5282168,-73.4622893","https://www.openstreetmap.org/query?lat=9.5282168&lon=-73.4622893"
"https://github.com/rcfdtools/R.GISMobile/tree/main/.poi/12/2013-07-03_16.39.14.jpg",9.5249731,-73.4694264,46.07,"http://maps.google.com/maps?q=9.5249731,-73.4694264","https://www.openstreetmap.org/query?lat=9.5249731&lon=-73.4694264"
"https://github.com/rcfdtools/R.GISMobile/tree/main/.poi/12/2013-07-03_16.39.18.jpg",9.5249731,-73.4694264,46.07,"http://maps.google.com/maps?q=9.5249731,-73.4694264","https://www.openstreetmap.org/query?lat=9.5249731&lon=-73.4694264"
"https://github.com/rcfdtools/R.GISMobile/tree/main/.poi/12/2013-07-03_16.39.21.jpg",9.5249731,-73.4694264,46.07,"http://maps.google.com/maps?q=9.5249731,-73.4694264","https://www.openstreetmap.org/query?lat=9.5249731&lon=-73.4694264"
"https://github.com/rcfdtools/R.GISMobile/tree/main/.poi/12/2013-07-03_16.39.24.jpg",9.5249731,-73.4694264,46.07,"http://maps.google.com/maps?q=9.5249731,-73.4694264","https://www.openstreetmap.org/query?lat=9.5249731&lon=-73.4694264"
"https://github.com/rcfdtools/R.GISMobile/tree/main/.poi/12/2013-07-03_16.39.31.jpg",9.5249731,-73.4694264,46.07,"http://maps.google.com/maps?q=9.5249731,-73.4694264","https://www.openstreetmap.org/query?lat=9.5249731&lon=-73.4694264"
"https://github.com/rcfdtools/R.GISMobile/tree/main/.poi/18/20220427_084023.jpg",0.0,0.0,0.0,"http://maps.google.com/maps?q=0.0,0.0","https://www.openstreetmap.org/query?lat=0.0&lon=0.0"
"https://github.com/rcfdtools/R.GISMobile/tree/main/.poi/18/20220427_084135.jpg",0.0,0.0,0.0,"http://maps.google.com/maps?q=0.0,0.0","https://www.openstreetmap.org/query?lat=0.0&lon=0.0"
"https://github.com/rcfdtools/R.GISMobile/tree/main/.poi/18/20220427_084139.jpg",0.0,0.0,0.0,"http://maps.google.com/maps?q=0.0,0.0","https://www.openstreetmap.org/query?lat=0.0&lon=0.0"
"https://github.com/rcfdtools/R.GISMobile/tree/main/.poi/18/20220427_084822.jpg",0.0,0.0,0.0,"http://maps.google.com/maps?q=0.0,0.0","https://www.openstreetmap.org/query?lat=0.0&lon=0.0"
"https://github.com/rcfdtools/R.GISMobile/tree/main/.poi/18/20220427_084830.jpg",0.0,0.0,0.0,"http://maps.google.com/maps?q=0.0,0.0","https://www.openstreetmap.org/query?lat=0.0&lon=0.0"
"https://github.com/rcfdtools/R.GISMobile/tree/main/.poi/18/20220427_084837.jpg",0.0,0.0,0.0,"http://maps.google.com/maps?q=0.0,0.0","https://www.openstreetmap.org/query?lat=0.0&lon=0.0"
"https://github.com/rcfdtools/R.GISMobile/tree/main/.poi/18/20220427_084929.jpg",0.0,0.0,0.0,"http://maps.google.com/maps?q=0.0,0.0","https://www.openstreetmap.org/query?lat=0.0&lon=0.0"
"https://github.com/rcfdtools/R.GISMobile/tree/main/.poi/2/PXL_20230503_145311366.jpg",4.678047222222222,-73.79294444444444,3730.03,"http://maps.google.com/maps?q=4.678047222222222,-73.79294444444444","https://www.openstreetmap.org/query?lat=4.678047222222222&lon=-73.79294444444444"
"https://github.com/rcfdtools/R.GISMobile/tree/main/.poi/2/PXL_20230503_145353316.jpg",4.678238888888889,-73.79212777777778,3723.83,"http://maps.google.com/maps?q=4.678238888888889,-73.79212777777778","https://www.openstreetmap.org/query?lat=4.678238888888889&lon=-73.79212777777778"
"https://github.com/rcfdtools/R.GISMobile/tree/main/.poi/2/PXL_20230503_145357736.jpg",4.678238888888889,-73.79212777777778,3723.83,"http://maps.google.com/maps?q=4.678238888888889,-73.79212777777778","https://www.openstreetmap.org/query?lat=4.678238888888889&lon=-73.79212777777778"
"https://github.com/rcfdtools/R.GISMobile/tree/main/.poi/2/PXL_20230503_151140383.jpg",4.678233333333334,-73.79198055555555,3723.73,"http://maps.google.com/maps?q=4.678233333333334,-73.79198055555555","https://www.openstreetmap.org/query?lat=4.678233333333334&lon=-73.79198055555555"
"https://github.com/rcfdtools/R.GISMobile/tree/main/.poi/2/PXL_20230503_151249602.MP.jpg",4.678219444444445,-73.79198611111111,3723.76,"http://maps.google.com/maps?q=4.678219444444445,-73.79198611111111","https://www.openstreetmap.org/query?lat=4.678219444444445&lon=-73.79198611111111"
"https://github.com/rcfdtools/R.GISMobile/tree/main/.poi/21/20220426_134914.jpg",0.0,0.0,0.0,"http://maps.google.com/maps?q=0.0,0.0","https://www.openstreetmap.org/query?lat=0.0&lon=0.0"
"https://github.com/rcfdtools/R.GISMobile/tree/main/.poi/21/20220426_134953.jpg",0.0,0.0,0.0,"http://maps.google.com/maps?q=0.0,0.0","https://www.openstreetmap.org/query?lat=0.0&lon=0.0"
"https://github.com/rcfdtools/R.GISMobile/tree/main/.poi/21/20220426_135020.jpg",0.0,0.0,0.0,"http://maps.google.com/maps?q=0.0,0.0","https://www.openstreetmap.org/query?lat=0.0&lon=0.0"
"https://github.com/rcfdtools/R.GISMobile/tree/main/.poi/21/20220426_135042.jpg",0.0,0.0,0.0,"http://maps.google.com/maps?q=0.0,0.0","https://www.openstreetmap.org/query?lat=0.0&lon=0.0"
"https://github.com/rcfdtools/R.GISMobile/tree/main/.poi/21/20220426_135050.jpg",0.0,0.0,0.0,"http://maps.google.com/maps?q=0.0,0.0","https://www.openstreetmap.org/query?lat=0.0&lon=0.0"
"https://github.com/rcfdtools/R.GISMobile/tree/main/.poi/21/20220426_135111.jpg",0.0,0.0,0.0,"http://maps.google.com/maps?q=0.0,0.0","https://www.openstreetmap.org/query?lat=0.0&lon=0.0"
"https://github.com/rcfdtools/R.GISMobile/tree/main/.poi/21/20220426_135718.jpg",0.0,0.0,0.0,"http://maps.google.com/maps?q=0.0,0.0","https://www.openstreetmap.org/query?lat=0.0&lon=0.0"
"https://github.com/rcfdtools/R.GISMobile/tree/main/.poi/21/20220426_140311.jpg",0.0,0.0,0.0,"http://maps.google.com/maps?q=0.0,0.0","https://www.openstreetmap.org/query?lat=0.0&lon=0.0"
"https://github.com/rcfdtools/R.GISMobile/tree/main/.poi/21/20220426_140447.jpg",0.0,0.0,0.0,"http://maps.google.com/maps?q=0.0,0.0","https://www.openstreetmap.org/query?lat=0.0&lon=0.0"
"https://github.com/rcfdtools/R.GISMobile/tree/main/.poi/21/20220426_141416.jpg",0.0,0.0,0.0,"http://maps.google.com/maps?q=0.0,0.0","https://www.openstreetmap.org/query?lat=0.0&lon=0.0"
"https://github.com/rcfdtools/R.GISMobile/tree/main/.poi/21/20220426_141515.jpg",0.0,0.0,0.0,"http://maps.google.com/maps?q=0.0,0.0","https://www.openstreetmap.org/query?lat=0.0&lon=0.0"
"https://github.com/rcfdtools/R.GISMobile/tree/main/.poi/21/20220426_141519.jpg",0.0,0.0,0.0,"http://maps.google.com/maps?q=0.0,0.0","https://www.openstreetmap.org/query?lat=0.0&lon=0.0"
"https://github.com/rcfdtools/R.GISMobile/tree/main/.poi/22/IMG_0519.JPG",5.012822222222222,-74.47740277777778,852.0079617834394,"http://maps.google.com/maps?q=5.012822222222222,-74.47740277777778","https://www.openstreetmap.org/query?lat=5.012822222222222&lon=-74.47740277777778"
"https://github.com/rcfdtools/R.GISMobile/tree/main/.poi/22/IMG_0520.JPG",5.012841666666667,-74.47743055555556,855.76296633303,"http://maps.google.com/maps?q=5.012841666666667,-74.47743055555556","https://www.openstreetmap.org/query?lat=5.012841666666667&lon=-74.47743055555556"
"https://github.com/rcfdtools/R.GISMobile/tree/main/.poi/22/IMG_0521.JPG",5.012291666666667,-74.47744722222222,854.1477045908183,"http://maps.google.com/maps?q=5.012291666666667,-74.47744722222222","https://www.openstreetmap.org/query?lat=5.012291666666667&lon=-74.47744722222222"
"https://github.com/rcfdtools/R.GISMobile/tree/main/.poi/22/IMG_0522.JPG",5.0128111111111116,-74.47741666666667,852.742337164751,"http://maps.google.com/maps?q=5.0128111111111116,-74.47741666666667","https://www.openstreetmap.org/query?lat=5.0128111111111116&lon=-74.47741666666667"
"https://github.com/rcfdtools/R.GISMobile/tree/main/.poi/22/IMG_0523.JPG",5.012788888888889,-74.47733333333333,856.3652618135377,"http://maps.google.com/maps?q=5.012788888888889,-74.47733333333333","https://www.openstreetmap.org/query?lat=5.012788888888889&lon=-74.47733333333333"
"https://github.com/rcfdtools/R.GISMobile/tree/main/.poi/22/IMG_0524.JPG",5.0160527777777775,-74.47553888888889,856.2385252069225,"http://maps.google.com/maps?q=5.0160527777777775,-74.47553888888889","https://www.openstreetmap.org/query?lat=5.0160527777777775&lon=-74.47553888888889"
"https://github.com/rcfdtools/R.GISMobile/tree/main/.poi/22/IMG_0525.JPG",5.009994444444445,-74.47755555555555,870.8621212121212,"http://maps.google.com/maps?q=5.009994444444445,-74.47755555555555","https://www.openstreetmap.org/query?lat=5.009994444444445&lon=-74.47755555555555"
"https://github.com/rcfdtools/R.GISMobile/tree/main/.poi/22/IMG_0526.JPG",5.009994444444445,-74.47755555555555,870.8621212121212,"http://maps.google.com/maps?q=5.009994444444445,-74.47755555555555","https://www.openstreetmap.org/query?lat=5.009994444444445&lon=-74.47755555555555"
"https://github.com/rcfdtools/R.GISMobile/tree/main/.poi/22/IMG_0527.JPG",5.009994444444445,-74.47755555555555,870.8621212121212,"http://maps.google.com/maps?q=5.009994444444445,-74.47755555555555","https://www.openstreetmap.org/query?lat=5.009994444444445&lon=-74.47755555555555"
"https://github.com/rcfdtools/R.GISMobile/tree/main/.poi/22/IMG_0528.JPG",5.009994444444445,-74.47755555555555,870.8621212121212,"http://maps.google.com/maps?q=5.009994444444445,-74.47755555555555","https://www.openstreetmap.org/query?lat=5.009994444444445&lon=-74.47755555555555"
"https://github.com/rcfdtools/R.GISMobile/tree/main/.poi/22/IMG_0529.JPG",5.009994444444445,-74.47755555555555,872.9495238095238,"http://maps.google.com/maps?q=5.009994444444445,-74.47755555555555","https://www.openstreetmap.org/query?lat=5.009994444444445&lon=-74.47755555555555"
"https://github.com/rcfdtools/R.GISMobile/tree/main/.poi/22/IMG_0530.JPG",5.013263888888889,-74.47758611111111,855.0699734278122,"http://maps.google.com/maps?q=5.013263888888889,-74.47758611111111","https://www.openstreetmap.org/query?lat=5.013263888888889&lon=-74.47758611111111"
"https://github.com/rcfdtools/R.GISMobile/tree/main/.poi/22/IMG_0531.JPG",5.013136111111111,-74.47762222222222,853.1847195357834,"http://maps.google.com/maps?q=5.013136111111111,-74.47762222222222","https://www.openstreetmap.org/query?lat=5.013136111111111&lon=-74.47762222222222"
"https://github.com/rcfdtools/R.GISMobile/tree/main/.poi/22/IMG_0532.JPG",5.013097222222222,-74.47763888888889,852.8876003568242,"http://maps.google.com/maps?q=5.013097222222222,-74.47763888888889","https://www.openstreetmap.org/query?lat=5.013097222222222&lon=-74.47763888888889"
"https://github.com/rcfdtools/R.GISMobile/tree/main/.poi/22/IMG_0536.JPG",5.013097222222222,-74.47802777777778,854.1605489945739,"http://maps.google.com/maps?q=5.013097222222222,-74.47802777777778","https://www.openstreetmap.org/query?lat=5.013097222222222&lon=-74.47802777777778"
"https://github.com/rcfdtools/R.GISMobile/tree/main/.poi/22/IMG_0537.JPG",5.013125,-74.47776944444445,864.2390396659707,"http://maps.google.com/maps?q=5.013125,-74.47776944444445","https://www.openstreetmap.org/query?lat=5.013125&lon=-74.47776944444445"
"https://github.com/rcfdtools/R.GISMobile/tree/main/.poi/22/IMG_0538.JPG",5.013122222222222,-74.47776944444445,864.126491646778,"http://maps.google.com/maps?q=5.013122222222222,-74.47776944444445","https://www.openstreetmap.org/query?lat=5.013122222222222&lon=-74.47776944444445"
"https://github.com/rcfdtools/R.GISMobile/tree/main/.poi/22/IMG_0539.JPG",5.0131194444444445,-74.4777611111111,863.4554707379135,"http://maps.google.com/maps?q=5.0131194444444445,-74.4777611111111","https://www.openstreetmap.org/query?lat=5.0131194444444445&lon=-74.4777611111111"
"https://github.com/rcfdtools/R.GISMobile/tree/main/.poi/22/IMG_0540.JPG",5.013122222222222,-74.4777611111111,862.0047875523638,"http://maps.google.com/maps?q=5.013122222222222,-74.4777611111111","https://www.openstreetmap.org/query?lat=5.013122222222222&lon=-74.4777611111111"
"https://github.com/rcfdtools/R.GISMobile/tree/main/.poi/22/IMG_0541.JPG",5.0132111111111115,-74.47778333333333,847.2518579686209,"http://maps.google.com/maps?q=5.0132111111111115,-74.47778333333333","https://www.openstreetmap.org/query?lat=5.0132111111111115&lon=-74.47778333333333"
"https://github.com/rcfdtools/R.GISMobile/tree/main/.poi/22/IMG_0542.JPG",5.013166666666667,-74.47781388888889,846.5260273972602,"http://maps.google.com/maps?q=5.013166666666667,-74.47781388888889","https://www.openstreetmap.org/query?lat=5.013166666666667&lon=-74.47781388888889"
"https://github.com/rcfdtools/R.GISMobile/tree/main/.poi/22/IMG_0543.JPG",5.013169444444444,-74.47779722222222,851.3747826086957,"http://maps.google.com/maps?q=5.013169444444444,-74.47779722222222","https://www.openstreetmap.org/query?lat=5.013169444444444&lon=-74.47779722222222"
"https://github.com/rcfdtools/R.GISMobile/tree/main/.poi/22/IMG_0544.JPG",5.013175,-74.4777888888889,860.0113798008534,"http://maps.google.com/maps?q=5.013175,-74.4777888888889","https://www.openstreetmap.org/query?lat=5.013175&lon=-74.4777888888889"
"https://github.com/rcfdtools/R.GISMobile/tree/main/.poi/22/IMG_0545.JPG",5.013186111111111,-74.47778333333333,861.9344758064516,"http://maps.google.com/maps?q=5.013186111111111,-74.47778333333333","https://www.openstreetmap.org/query?lat=5.013186111111111&lon=-74.47778333333333"
"https://github.com/rcfdtools/R.GISMobile/tree/main/.poi/22/IMG_0546.JPG",5.013197222222222,-74.47774444444444,860.5738786279684,"http://maps.google.com/maps?q=5.013197222222222,-74.47774444444444","https://www.openstreetmap.org/query?lat=5.013197222222222&lon=-74.47774444444444"
"https://github.com/rcfdtools/R.GISMobile/tree/main/.poi/22/IMG_0547.JPG",5.0132,-74.47775277777778,861.7806661251016,"http://maps.google.com/maps?q=5.0132,-74.47775277777778","https://www.openstreetmap.org/query?lat=5.0132&lon=-74.47775277777778"
"https://github.com/rcfdtools/R.GISMobile/tree/main/.poi/22/IMG_0548.JPG",5.013208333333333,-74.47780555555556,861.631007751938,"http://maps.google.com/maps?q=5.013208333333333,-74.47780555555556","https://www.openstreetmap.org/query?lat=5.013208333333333&lon=-74.47780555555556"
"https://github.com/rcfdtools/R.GISMobile/tree/main/.poi/22/IMG_0549.JPG",5.013208333333333,-74.47780555555556,861.4618181818182,"http://maps.google.com/maps?q=5.013208333333333,-74.47780555555556","https://www.openstreetmap.org/query?lat=5.013208333333333&lon=-74.47780555555556"
"https://github.com/rcfdtools/R.GISMobile/tree/main/.poi/22/IMG_0550.JPG",5.0132361111111114,-74.47779722222222,861.5902211874272,"http://maps.google.com/maps?q=5.0132361111111114,-74.47779722222222","https://www.openstreetmap.org/query?lat=5.0132361111111114&lon=-74.47779722222222"
"https://github.com/rcfdtools/R.GISMobile/tree/main/.poi/22/IMG_0551.JPG",5.013222222222222,-74.47778333333333,861.4502478078537,"http://maps.google.com/maps?q=5.013222222222222,-74.47778333333333","https://www.openstreetmap.org/query?lat=5.013222222222222&lon=-74.47778333333333"
"https://github.com/rcfdtools/R.GISMobile/tree/main/.poi/22/IMG_0552.JPG",5.0132111111111115,-74.4777888888889,861.7351373513735,"http://maps.google.com/maps?q=5.0132111111111115,-74.4777888888889","https://www.openstreetmap.org/query?lat=5.0132111111111115&lon=-74.4777888888889"
"https://github.com/rcfdtools/R.GISMobile/tree/main/.poi/22/IMG_0553.JPG",5.0132111111111115,-74.47778333333333,861.7624810892587,"http://maps.google.com/maps?q=5.0132111111111115,-74.47778333333333","https://www.openstreetmap.org/query?lat=5.0132111111111115&lon=-74.47778333333333"
"https://github.com/rcfdtools/R.GISMobile/tree/main/.poi/22/IMG_0554.JPG",5.013027777777777,-74.47791388888889,852.5254171517269,"http://maps.google.com/maps?q=5.013027777777777,-74.47791388888889","https://www.openstreetmap.org/query?lat=5.013027777777777&lon=-74.47791388888889"
"https://github.com/rcfdtools/R.GISMobile/tree/main/.poi/22/IMG_0556.JPG",5.012894444444444,-74.4777,859.1275899672846,"http://maps.google.com/maps?q=5.012894444444444,-74.4777","https://www.openstreetmap.org/query?lat=5.012894444444444&lon=-74.4777"
"https://github.com/rcfdtools/R.GISMobile/tree/main/.poi/22/IMG_0557.JPG",5.012905555555555,-74.4777,859.7848170398689,"http://maps.google.com/maps?q=5.012905555555555,-74.4777","https://www.openstreetmap.org/query?lat=5.012905555555555&lon=-74.4777"
"https://github.com/rcfdtools/R.GISMobile/tree/main/.poi/22/IMG_0558.JPG",5.012908333333334,-74.47769166666667,860.3033707865169,"http://maps.google.com/maps?q=5.012908333333334,-74.47769166666667","https://www.openstreetmap.org/query?lat=5.012908333333334&lon=-74.47769166666667"
"https://github.com/rcfdtools/R.GISMobile/tree/main/.poi/22/IMG_0559.JPG",5.012908333333334,-74.47769166666667,861.0643577856558,"http://maps.google.com/maps?q=5.012908333333334,-74.47769166666667","https://www.openstreetmap.org/query?lat=5.012908333333334&lon=-74.47769166666667"
"https://github.com/rcfdtools/R.GISMobile/tree/main/.poi/22/IMG_0560.JPG",5.012941666666666,-74.47766944444444,860.8537604456825,"http://maps.google.com/maps?q=5.012941666666666,-74.47766944444444","https://www.openstreetmap.org/query?lat=5.012941666666666&lon=-74.47766944444444"
"https://github.com/rcfdtools/R.GISMobile/tree/main/.poi/22/IMG_0561.JPG",5.012938888888889,-74.47766111111112,860.4082254379284,"http://maps.google.com/maps?q=5.012938888888889,-74.47766111111112","https://www.openstreetmap.org/query?lat=5.012938888888889&lon=-74.47766111111112"
"https://github.com/rcfdtools/R.GISMobile/tree/main/.poi/22/IMG_0562.JPG",5.012933333333334,-74.47766111111112,860.1996285979573,"http://maps.google.com/maps?q=5.012933333333334,-74.47766111111112","https://www.openstreetmap.org/query?lat=5.012933333333334&lon=-74.47766111111112"
"https://github.com/rcfdtools/R.GISMobile/tree/main/.poi/22/IMG_0563.JPG",5.013013888888889,-74.47783611111112,852.8913838120104,"http://maps.google.com/maps?q=5.013013888888889,-74.47783611111112","https://www.openstreetmap.org/query?lat=5.013013888888889&lon=-74.47783611111112"
"https://github.com/rcfdtools/R.GISMobile/tree/main/.poi/22/IMG_0564.JPG",5.013052777777777,-74.4777888888889,856.4220238095238,"http://maps.google.com/maps?q=5.013052777777777,-74.4777888888889","https://www.openstreetmap.org/query?lat=5.013052777777777&lon=-74.4777888888889"
"https://github.com/rcfdtools/R.GISMobile/tree/main/.poi/22/IMG_0565.JPG",5.013069444444445,-74.47777500000001,856.6532249438443,"http://maps.google.com/maps?q=5.013069444444445,-74.47777500000001","https://www.openstreetmap.org/query?lat=5.013069444444445&lon=-74.47777500000001"
"https://github.com/rcfdtools/R.GISMobile/tree/main/.poi/22/IMG_0566.JPG",5.013116666666667,-74.4777888888889,856.8324250681198,"http://maps.google.com/maps?q=5.013116666666667,-74.4777888888889","https://www.openstreetmap.org/query?lat=5.013116666666667&lon=-74.4777888888889"
"https://github.com/rcfdtools/R.GISMobile/tree/main/.poi/22/IMG_0567.JPG",5.013261111111111,-74.47788888888888,866.7882352941176,"http://maps.google.com/maps?q=5.013261111111111,-74.47788888888888","https://www.openstreetmap.org/query?lat=5.013261111111111&lon=-74.47788888888888"
"https://github.com/rcfdtools/R.GISMobile/tree/main/.poi/22/IMG_0568.JPG",5.013075,-74.47786666666667,861.5269905533063,"http://maps.google.com/maps?q=5.013075,-74.47786666666667","https://www.openstreetmap.org/query?lat=5.013075&lon=-74.47786666666667"
"https://github.com/rcfdtools/R.GISMobile/tree/main/.poi/22/IMG_0569.JPG",5.013066666666667,-74.47786111111111,862.1031674208144,"http://maps.google.com/maps?q=5.013066666666667,-74.47786111111111","https://www.openstreetmap.org/query?lat=5.013066666666667&lon=-74.47786111111111"
"https://github.com/rcfdtools/R.GISMobile/tree/main/.poi/22/IMG_0570.JPG",5.013069444444445,-74.47786666666667,862.0849342770475,"http://maps.google.com/maps?q=5.013069444444445,-74.47786666666667","https://www.openstreetmap.org/query?lat=5.013069444444445&lon=-74.47786666666667"
"https://github.com/rcfdtools/R.GISMobile/tree/main/.poi/22/IMG_0571.JPG",5.012963888888889,-74.47791388888889,855.1461449942462,"http://maps.google.com/maps?q=5.012963888888889,-74.47791388888889","https://www.openstreetmap.org/query?lat=5.012963888888889&lon=-74.47791388888889"
"https://github.com/rcfdtools/R.GISMobile/tree/main/.poi/22/IMG_0572.JPG",5.013005555555556,-74.47786666666667,862.2376973073352,"http://maps.google.com/maps?q=5.013005555555556,-74.47786666666667","https://www.openstreetmap.org/query?lat=5.013005555555556&lon=-74.47786666666667"
"https://github.com/rcfdtools/R.GISMobile/tree/main/.poi/22/IMG_0573.JPG",5.013030555555556,-74.47790555555555,861.3905292479109,"http://maps.google.com/maps?q=5.013030555555556,-74.47790555555555","https://www.openstreetmap.org/query?lat=5.013030555555556&lon=-74.47790555555555"
"https://github.com/rcfdtools/R.GISMobile/tree/main/.poi/22/IMG_0575.JPG",5.012869444444444,-74.4777888888889,849.8080094228504,"http://maps.google.com/maps?q=5.012869444444444,-74.4777888888889","https://www.openstreetmap.org/query?lat=5.012869444444444&lon=-74.4777888888889"
"https://github.com/rcfdtools/R.GISMobile/tree/main/.poi/22/IMG_0577.JPG",5.012883333333333,-74.47776944444445,856.796535326087,"http://maps.google.com/maps?q=5.012883333333333,-74.47776944444445","https://www.openstreetmap.org/query?lat=5.012883333333333&lon=-74.47776944444445"
"https://github.com/rcfdtools/R.GISMobile/tree/main/.poi/22/IMG_0578.JPG",5.0128916666666665,-74.4777611111111,854.2047387606318,"http://maps.google.com/maps?q=5.0128916666666665,-74.4777611111111","https://www.openstreetmap.org/query?lat=5.0128916666666665&lon=-74.4777611111111"
"https://github.com/rcfdtools/R.GISMobile/tree/main/.poi/22/IMG_0579.JPG",5.012913888888889,-74.4777611111111,856.3416030534352,"http://maps.google.com/maps?q=5.012913888888889,-74.4777611111111","https://www.openstreetmap.org/query?lat=5.012913888888889&lon=-74.4777611111111"
"https://github.com/rcfdtools/R.GISMobile/tree/main/.poi/23/IMG_0605.JPG",5.2159555555555555,-73.59673333333333,2716.6327800829877,"http://maps.google.com/maps?q=5.2159555555555555,-73.59673333333333","https://www.openstreetmap.org/query?lat=5.2159555555555555&lon=-73.59673333333333"
"https://github.com/rcfdtools/R.GISMobile/tree/main/.poi/23/IMG_0606.JPG",5.215963888888889,-73.59671944444445,2723.524625267666,"http://maps.google.com/maps?q=5.215963888888889,-73.59671944444445","https://www.openstreetmap.org/query?lat=5.215963888888889&lon=-73.59671944444445"
"https://github.com/rcfdtools/R.GISMobile/tree/main/.poi/23/IMG_0607.JPG",5.2159361111111116,-73.59203333333333,2748.7224137931034,"http://maps.google.com/maps?q=5.2159361111111116,-73.59203333333333","https://www.openstreetmap.org/query?lat=5.2159361111111116&lon=-73.59203333333333"
"https://github.com/rcfdtools/R.GISMobile/tree/main/.poi/23/IMG_0608.JPG",5.217469444444444,-73.58734166666666,2812.6515748031497,"http://maps.google.com/maps?q=5.217469444444444,-73.58734166666666","https://www.openstreetmap.org/query?lat=5.217469444444444&lon=-73.58734166666666"
"https://github.com/rcfdtools/R.GISMobile/tree/main/.poi/23/IMG_0609.JPG",5.217477777777778,-73.58730277777778,2810.668907563025,"http://maps.google.com/maps?q=5.217477777777778,-73.58730277777778","https://www.openstreetmap.org/query?lat=5.217477777777778&lon=-73.58730277777778"
"https://github.com/rcfdtools/R.GISMobile/tree/main/.poi/23/IMG_0610.JPG",5.217475,-73.58726388888888,2817.056603773585,"http://maps.google.com/maps?q=5.217475,-73.58726388888888","https://www.openstreetmap.org/query?lat=5.217475&lon=-73.58726388888888"
"https://github.com/rcfdtools/R.GISMobile/tree/main/.poi/23/IMG_0611.JPG",5.217477777777778,-73.58727222222221,2817.795620437956,"http://maps.google.com/maps?q=5.217477777777778,-73.58727222222221","https://www.openstreetmap.org/query?lat=5.217477777777778&lon=-73.58727222222221"
"https://github.com/rcfdtools/R.GISMobile/tree/main/.poi/23/IMG_0612.JPG",5.217477777777778,-73.58726388888888,2817.6100746268658,"http://maps.google.com/maps?q=5.217477777777778,-73.58726388888888","https://www.openstreetmap.org/query?lat=5.217477777777778&lon=-73.58726388888888"
"https://github.com/rcfdtools/R.GISMobile/tree/main/.poi/23/IMG_0613.JPG",5.217477777777778,-73.58726388888888,2817.686730506156,"http://maps.google.com/maps?q=5.217477777777778,-73.58726388888888","https://www.openstreetmap.org/query?lat=5.217477777777778&lon=-73.58726388888888"
"https://github.com/rcfdtools/R.GISMobile/tree/main/.poi/23/IMG_0614.JPG",5.217477777777778,-73.58726388888888,2817.96383363472,"http://maps.google.com/maps?q=5.217477777777778,-73.58726388888888","https://www.openstreetmap.org/query?lat=5.217477777777778&lon=-73.58726388888888"
"https://github.com/rcfdtools/R.GISMobile/tree/main/.poi/23/IMG_0615.JPG",5.217483333333333,-73.58725,2819.6532846715327,"http://maps.google.com/maps?q=5.217483333333333,-73.58725","https://www.openstreetmap.org/query?lat=5.217483333333333&lon=-73.58725"
"https://github.com/rcfdtools/R.GISMobile/tree/main/.poi/23/IMG_0616.JPG",5.217488888888889,-73.58725555555556,2819.4455205811137,"http://maps.google.com/maps?q=5.217488888888889,-73.58725555555556","https://www.openstreetmap.org/query?lat=5.217488888888889&lon=-73.58725555555556"
"https://github.com/rcfdtools/R.GISMobile/tree/main/.poi/23/IMG_0617.JPG",5.217497222222223,-73.58725555555556,2813.011851851852,"http://maps.google.com/maps?q=5.217497222222223,-73.58725555555556","https://www.openstreetmap.org/query?lat=5.217497222222223&lon=-73.58725555555556"
"https://github.com/rcfdtools/R.GISMobile/tree/main/.poi/23/IMG_0618.JPG",5.217505555555555,-73.58725,2813.0337078651687,"http://maps.google.com/maps?q=5.217505555555555,-73.58725","https://www.openstreetmap.org/query?lat=5.217505555555555&lon=-73.58725"
"https://github.com/rcfdtools/R.GISMobile/tree/main/.poi/23/IMG_0619.JPG",5.2174805555555555,-73.58728055555555,2814.8861003861,"http://maps.google.com/maps?q=5.2174805555555555,-73.58728055555555","https://www.openstreetmap.org/query?lat=5.2174805555555555&lon=-73.58728055555555"
"https://github.com/rcfdtools/R.GISMobile/tree/main/.poi/23/IMG_0620.JPG",5.217477777777778,-73.58728888888888,2814.4650698602795,"http://maps.google.com/maps?q=5.217477777777778,-73.58728888888888","https://www.openstreetmap.org/query?lat=5.217477777777778&lon=-73.58728888888888"
"https://github.com/rcfdtools/R.GISMobile/tree/main/.poi/23/IMG_0621.JPG",5.2174611111111115,-73.58727222222221,2814.6704288939054,"http://maps.google.com/maps?q=5.2174611111111115,-73.58727222222221","https://www.openstreetmap.org/query?lat=5.2174611111111115&lon=-73.58727222222221"
"https://github.com/rcfdtools/R.GISMobile/tree/main/.poi/23/IMG_0622.JPG",5.217436111111112,-73.58725,2815.051724137931,"http://maps.google.com/maps?q=5.217436111111112,-73.58725","https://www.openstreetmap.org/query?lat=5.217436111111112&lon=-73.58725"
"https://github.com/rcfdtools/R.GISMobile/tree/main/.poi/23/IMG_0623.JPG",5.217466666666667,-73.58729444444444,2815.773519163763,"http://maps.google.com/maps?q=5.217466666666667,-73.58729444444444","https://www.openstreetmap.org/query?lat=5.217466666666667&lon=-73.58729444444444"
"https://github.com/rcfdtools/R.GISMobile/tree/main/.poi/23/IMG_0624.JPG",5.217494444444444,-73.58729444444444,2815.5013192612137,"http://maps.google.com/maps?q=5.217494444444444,-73.58729444444444","https://www.openstreetmap.org/query?lat=5.217494444444444&lon=-73.58729444444444"
"https://github.com/rcfdtools/R.GISMobile/tree/main/.poi/23/IMG_0625.JPG",5.217508333333334,-73.58731944444445,2816.7373696872496,"http://maps.google.com/maps?q=5.217508333333334,-73.58731944444445","https://www.openstreetmap.org/query?lat=5.217508333333334&lon=-73.58731944444445"
"https://github.com/rcfdtools/R.GISMobile/tree/main/.poi/23/IMG_0626.JPG",5.217494444444444,-73.58731944444445,2815.3085339168492,"http://maps.google.com/maps?q=5.217494444444444,-73.58731944444445","https://www.openstreetmap.org/query?lat=5.217494444444444&lon=-73.58731944444445"
"https://github.com/rcfdtools/R.GISMobile/tree/main/.poi/23/IMG_0627.JPG",5.217391666666667,-73.58732777777777,2809.1613445378152,"http://maps.google.com/maps?q=5.217391666666667,-73.58732777777777","https://www.openstreetmap.org/query?lat=5.217391666666667&lon=-73.58732777777777"
"https://github.com/rcfdtools/R.GISMobile/tree/main/.poi/23/IMG_0628.JPG",5.217422222222222,-73.5873111111111,2810.891077636153,"http://maps.google.com/maps?q=5.217422222222222,-73.5873111111111","https://www.openstreetmap.org/query?lat=5.217422222222222&lon=-73.5873111111111"
"https://github.com/rcfdtools/R.GISMobile/tree/main/.poi/23/IMG_0629.JPG",5.217427777777778,-73.58729444444444,2811.8439597315437,"http://maps.google.com/maps?q=5.217427777777778,-73.58729444444444","https://www.openstreetmap.org/query?lat=5.217427777777778&lon=-73.58729444444444"
"https://github.com/rcfdtools/R.GISMobile/tree/main/.poi/23/IMG_0630.JPG",5.217430555555556,-73.58728888888888,2813.645718232044,"http://maps.google.com/maps?q=5.217430555555556,-73.58728888888888","https://www.openstreetmap.org/query?lat=5.217430555555556&lon=-73.58728888888888"
"https://github.com/rcfdtools/R.GISMobile/tree/main/.poi/23/IMG_0631.JPG",5.217502777777778,-73.58720277777778,2812.014367816092,"http://maps.google.com/maps?q=5.217502777777778,-73.58720277777778","https://www.openstreetmap.org/query?lat=5.217502777777778&lon=-73.58720277777778"
"https://github.com/rcfdtools/R.GISMobile/tree/main/.poi/23/IMG_0632.JPG",5.217552777777778,-73.58728888888888,2818.7694974003466,"http://maps.google.com/maps?q=5.217552777777778,-73.58728888888888","https://www.openstreetmap.org/query?lat=5.217552777777778&lon=-73.58728888888888"
"https://github.com/rcfdtools/R.GISMobile/tree/main/.poi/23/IMG_0633.JPG",5.217552777777778,-73.58728888888888,2818.5776031434184,"http://maps.google.com/maps?q=5.217552777777778,-73.58728888888888","https://www.openstreetmap.org/query?lat=5.217552777777778&lon=-73.58728888888888"
"https://github.com/rcfdtools/R.GISMobile/tree/main/.poi/23/IMG_0634.JPG",5.217555555555555,-73.58728888888888,2819.4477211796248,"http://maps.google.com/maps?q=5.217555555555555,-73.58728888888888","https://www.openstreetmap.org/query?lat=5.217555555555555&lon=-73.58728888888888"
"https://github.com/rcfdtools/R.GISMobile/tree/main/.poi/23/IMG_0635.JPG",5.219569444444445,-73.59397222222222,2758.3403314917127,"http://maps.google.com/maps?q=5.219569444444445,-73.59397222222222","https://www.openstreetmap.org/query?lat=5.219569444444445&lon=-73.59397222222222"
"https://github.com/rcfdtools/R.GISMobile/tree/main/.poi/23/IMG_0636.JPG",5.217569444444445,-73.58731944444445,2819.8195456493786,"http://maps.google.com/maps?q=5.217569444444445,-73.58731944444445","https://www.openstreetmap.org/query?lat=5.217569444444445&lon=-73.58731944444445"
"https://github.com/rcfdtools/R.GISMobile/tree/main/.poi/23/IMG_0637.JPG",5.2175666666666665,-73.58731944444445,2819.945767195767,"http://maps.google.com/maps?q=5.2175666666666665,-73.58731944444445","https://www.openstreetmap.org/query?lat=5.2175666666666665&lon=-73.58731944444445"
"https://github.com/rcfdtools/R.GISMobile/tree/main/.poi/23/IMG_0638.JPG",5.217555555555555,-73.58732777777777,2819.260707635009,"http://maps.google.com/maps?q=5.217555555555555,-73.58732777777777","https://www.openstreetmap.org/query?lat=5.217555555555555&lon=-73.58732777777777"
"https://github.com/rcfdtools/R.GISMobile/tree/main/.poi/23/IMG_0639.JPG",5.2175666666666665,-73.58730277777778,2815.405982905983,"http://maps.google.com/maps?q=5.2175666666666665,-73.58730277777778","https://www.openstreetmap.org/query?lat=5.2175666666666665&lon=-73.58730277777778"
"https://github.com/rcfdtools/R.GISMobile/tree/main/.poi/23/IMG_0640.JPG",5.217413888888889,-73.58723611111111,2813.1685761047465,"http://maps.google.com/maps?q=5.217413888888889,-73.58723611111111","https://www.openstreetmap.org/query?lat=5.217413888888889&lon=-73.58723611111111"
"https://github.com/rcfdtools/R.GISMobile/tree/main/.poi/23/IMG_0641.JPG",5.217391666666667,-73.58722777777777,2813.2970230040596,"http://maps.google.com/maps?q=5.217391666666667,-73.58722777777777","https://www.openstreetmap.org/query?lat=5.217391666666667&lon=-73.58722777777777"
"https://github.com/rcfdtools/R.GISMobile/tree/main/.poi/23/IMG_0642.JPG",5.217422222222222,-73.5872111111111,2813.7036199095023,"http://maps.google.com/maps?q=5.217422222222222,-73.5872111111111","https://www.openstreetmap.org/query?lat=5.217422222222222&lon=-73.5872111111111"
"https://github.com/rcfdtools/R.GISMobile/tree/main/.poi/23/IMG_0643.JPG",5.217402777777778,-73.58721944444444,2813.4786392405063,"http://maps.google.com/maps?q=5.217402777777778,-73.58721944444444","https://www.openstreetmap.org/query?lat=5.217402777777778&lon=-73.58721944444444"
"https://github.com/rcfdtools/R.GISMobile/tree/main/.poi/23/IMG_0644.JPG",5.217388888888889,-73.58722777777777,2812.7370967741936,"http://maps.google.com/maps?q=5.217388888888889,-73.58722777777777","https://www.openstreetmap.org/query?lat=5.217388888888889&lon=-73.58722777777777"
"https://github.com/rcfdtools/R.GISMobile/tree/main/.poi/23/IMG_0645.JPG",5.217447222222222,-73.58733333333333,2811.901654411765,"http://maps.google.com/maps?q=5.217447222222222,-73.58733333333333","https://www.openstreetmap.org/query?lat=5.217447222222222&lon=-73.58733333333333"
"https://github.com/rcfdtools/R.GISMobile/tree/main/.poi/23/IMG_0646.JPG",5.217438888888889,-73.58731944444445,2812.397534668721,"http://maps.google.com/maps?q=5.217438888888889,-73.58731944444445","https://www.openstreetmap.org/query?lat=5.217438888888889&lon=-73.58731944444445"
"https://github.com/rcfdtools/R.GISMobile/tree/main/.poi/23/IMG_0647.JPG",5.217405555555556,-73.58733333333333,2812.4468438538206,"http://maps.google.com/maps?q=5.217405555555556,-73.58733333333333","https://www.openstreetmap.org/query?lat=5.217405555555556&lon=-73.58733333333333"
"https://github.com/rcfdtools/R.GISMobile/tree/main/.poi/23/IMG_0648.JPG",5.217436111111112,-73.5873861111111,2812.1954921803126,"http://maps.google.com/maps?q=5.217436111111112,-73.5873861111111","https://www.openstreetmap.org/query?lat=5.217436111111112&lon=-73.5873861111111"
"https://github.com/rcfdtools/R.GISMobile/tree/main/.poi/23/IMG_0649.JPG",5.217408333333333,-73.5874861111111,2811.0139470013946,"http://maps.google.com/maps?q=5.217408333333333,-73.5874861111111","https://www.openstreetmap.org/query?lat=5.217408333333333&lon=-73.5874861111111"
"https://github.com/rcfdtools/R.GISMobile/tree/main/.poi/23/IMG_0650.JPG",5.217402777777778,-73.5874861111111,2811.5128518971846,"http://maps.google.com/maps?q=5.217402777777778,-73.5874861111111","https://www.openstreetmap.org/query?lat=5.217402777777778&lon=-73.5874861111111"
"https://github.com/rcfdtools/R.GISMobile/tree/main/.poi/23/IMG_0651.JPG",5.217494444444444,-73.58741111111111,2812.3800675675675,"http://maps.google.com/maps?q=5.217494444444444,-73.58741111111111","https://www.openstreetmap.org/query?lat=5.217494444444444&lon=-73.58741111111111"
"https://github.com/rcfdtools/R.GISMobile/tree/main/.poi/23/IMG_0652.JPG",5.217708333333333,-73.5873111111111,2826.564907275321,"http://maps.google.com/maps?q=5.217708333333333,-73.5873111111111","https://www.openstreetmap.org/query?lat=5.217708333333333&lon=-73.5873111111111"
"https://github.com/rcfdtools/R.GISMobile/tree/main/.poi/24/IMG_0891.JPEG",39.74532777777778,-105.46987222222222,2246.882252559727,"http://maps.google.com/maps?q=39.74532777777778,-105.46987222222222","https://www.openstreetmap.org/query?lat=39.74532777777778&lon=-105.46987222222222"
"https://github.com/rcfdtools/R.GISMobile/tree/main/.poi/24/IMG_0892.JPEG",39.74536388888889,-105.47200833333333,2251.354271356784,"http://maps.google.com/maps?q=39.74536388888889,-105.47200833333333","https://www.openstreetmap.org/query?lat=39.74536388888889&lon=-105.47200833333333"
"https://github.com/rcfdtools/R.GISMobile/tree/main/.poi/24/IMG_0893.JPEG",40.14694166666666,-105.89009722222222,2528.3627450980393,"http://maps.google.com/maps?q=40.14694166666666,-105.89009722222222","https://www.openstreetmap.org/query?lat=40.14694166666666&lon=-105.89009722222222"
"https://github.com/rcfdtools/R.GISMobile/tree/main/.poi/24/IMG_0894.JPEG",40.146947222222224,-105.89010555555556,2528.444587628866,"http://maps.google.com/maps?q=40.146947222222224,-105.89010555555556","https://www.openstreetmap.org/query?lat=40.146947222222224&lon=-105.89010555555556"
"https://github.com/rcfdtools/R.GISMobile/tree/main/.poi/24/IMG_0895.JPEG",40.146947222222224,-105.89010555555556,2528.4762979683974,"http://maps.google.com/maps?q=40.146947222222224,-105.89010555555556","https://www.openstreetmap.org/query?lat=40.146947222222224&lon=-105.89010555555556"
"https://github.com/rcfdtools/R.GISMobile/tree/main/.poi/24/IMG_0896.JPEG",40.14691666666667,-105.89014444444445,2528.510903426791,"http://maps.google.com/maps?q=40.14691666666667,-105.89014444444445","https://www.openstreetmap.org/query?lat=40.14691666666667&lon=-105.89014444444445"
"https://github.com/rcfdtools/R.GISMobile/tree/main/.poi/24/IMG_0897.JPEG",40.16302777777778,-105.89740833333335,2531.2239657631953,"http://maps.google.com/maps?q=40.16302777777778,-105.89740833333335","https://www.openstreetmap.org/query?lat=40.16302777777778&lon=-105.89740833333335"
"https://github.com/rcfdtools/R.GISMobile/tree/main/.poi/24/IMG_0898.JPEG",40.165077777777775,-105.89832222222223,2534.374355195284,"http://maps.google.com/maps?q=40.165077777777775,-105.89832222222223","https://www.openstreetmap.org/query?lat=40.165077777777775&lon=-105.89832222222223"
"https://github.com/rcfdtools/R.GISMobile/tree/main/.poi/24/IMG_0899.JPEG",40.16571666666667,-105.89855277777778,2533.608778625954,"http://maps.google.com/maps?q=40.16571666666667,-105.89855277777778","https://www.openstreetmap.org/query?lat=40.16571666666667&lon=-105.89855277777778"
"https://github.com/rcfdtools/R.GISMobile/tree/main/.poi/24/IMG_0900.JPEG",40.39956388888889,-105.83527222222222,3086.016427104723,"http://maps.google.com/maps?q=40.39956388888889,-105.83527222222222","https://www.openstreetmap.org/query?lat=40.39956388888889&lon=-105.83527222222222"
"https://github.com/rcfdtools/R.GISMobile/tree/main/.poi/24/IMG_0901.JPEG",40.39955277777778,-105.83529722222222,3086.2737520128826,"http://maps.google.com/maps?q=40.39955277777778,-105.83529722222222","https://www.openstreetmap.org/query?lat=40.39955277777778&lon=-105.83529722222222"
"https://github.com/rcfdtools/R.GISMobile/tree/main/.poi/24/IMG_0902.JPEG",40.399547222222225,-105.83528055555556,3085.0581761006288,"http://maps.google.com/maps?q=40.399547222222225,-105.83528055555556","https://www.openstreetmap.org/query?lat=40.399547222222225&lon=-105.83528055555556"
"https://github.com/rcfdtools/R.GISMobile/tree/main/.poi/24/IMG_0903.JPEG",40.399525,-105.83528055555556,3088.2674050632913,"http://maps.google.com/maps?q=40.399525,-105.83528055555556","https://www.openstreetmap.org/query?lat=40.399525&lon=-105.83528055555556"
"https://github.com/rcfdtools/R.GISMobile/tree/main/.poi/24/IMG_0904.JPEG",40.399430555555554,-105.83531111111111,3086.1795104261105,"http://maps.google.com/maps?q=40.399430555555554,-105.83531111111111","https://www.openstreetmap.org/query?lat=40.399430555555554&lon=-105.83531111111111"
"https://github.com/rcfdtools/R.GISMobile/tree/main/.poi/24/IMG_0905.JPEG",40.39943611111111,-105.83530555555555,3086.453465346535,"http://maps.google.com/maps?q=40.39943611111111,-105.83530555555555","https://www.openstreetmap.org/query?lat=40.39943611111111&lon=-105.83530555555555"
"https://github.com/rcfdtools/R.GISMobile/tree/main/.poi/24/IMG_0906.JPEG",40.39925,-105.83528888888888,3086.307727480567,"http://maps.google.com/maps?q=40.39925,-105.83528888888888","https://www.openstreetmap.org/query?lat=40.39925&lon=-105.83528888888888"
"https://github.com/rcfdtools/R.GISMobile/tree/main/.poi/24/IMG_0907.JPEG",40.39924722222222,-105.83520555555555,3084.632986627043,"http://maps.google.com/maps?q=40.39924722222222,-105.83520555555555","https://www.openstreetmap.org/query?lat=40.39924722222222&lon=-105.83520555555555"
"https://github.com/rcfdtools/R.GISMobile/tree/main/.poi/24/IMG_0909.JPEG",40.39924166666667,-105.83518055555555,3091.3618843683084,"http://maps.google.com/maps?q=40.39924166666667,-105.83518055555555","https://www.openstreetmap.org/query?lat=40.39924166666667&lon=-105.83518055555555"
"https://github.com/rcfdtools/R.GISMobile/tree/main/.poi/24/IMG_0910.JPEG",40.39925,-105.83521388888889,3090.9954337899544,"http://maps.google.com/maps?q=40.39925,-105.83521388888889","https://www.openstreetmap.org/query?lat=40.39925&lon=-105.83521388888889"
"https://github.com/rcfdtools/R.GISMobile/tree/main/.poi/24/IMG_0911.JPEG",40.39925,-105.83520555555555,3088.5555967383248,"http://maps.google.com/maps?q=40.39925,-105.83520555555555","https://www.openstreetmap.org/query?lat=40.39925&lon=-105.83520555555555"
"https://github.com/rcfdtools/R.GISMobile/tree/main/.poi/24/IMG_0912.JPEG",40.39924722222222,-105.83518888888888,3087.811773255814,"http://maps.google.com/maps?q=40.39924722222222,-105.83518888888888","https://www.openstreetmap.org/query?lat=40.39924722222222&lon=-105.83518888888888"
"https://github.com/rcfdtools/R.GISMobile/tree/main/.poi/24/IMG_0917.JPEG",40.41996111111111,-105.81195833333334,3278.1702997275206,"http://maps.google.com/maps?q=40.41996111111111,-105.81195833333334","https://www.openstreetmap.org/query?lat=40.41996111111111&lon=-105.81195833333334"
"https://github.com/rcfdtools/R.GISMobile/tree/main/.poi/24/IMG_0918.JPEG",40.42180277777778,-105.81068611111111,3281.9618055555557,"http://maps.google.com/maps?q=40.42180277777778,-105.81068611111111","https://www.openstreetmap.org/query?lat=40.42180277777778&lon=-105.81068611111111"
"https://github.com/rcfdtools/R.GISMobile/tree/main/.poi/24/IMG_0919.JPEG",40.42206944444444,-105.81053888888889,3277.4837758112094,"http://maps.google.com/maps?q=40.42206944444444,-105.81053888888889","https://www.openstreetmap.org/query?lat=40.42206944444444&lon=-105.81053888888889"
"https://github.com/rcfdtools/R.GISMobile/tree/main/.poi/24/IMG_0920.JPEG",40.423069444444444,-105.80976944444444,3275.951321279555,"http://maps.google.com/maps?q=40.423069444444444,-105.80976944444444","https://www.openstreetmap.org/query?lat=40.423069444444444&lon=-105.80976944444444"
"https://github.com/rcfdtools/R.GISMobile/tree/main/.poi/24/IMG_0921.JPEG",40.44727222222222,-105.75441666666667,3545.716639209226,"http://maps.google.com/maps?q=40.44727222222222,-105.75441666666667","https://www.openstreetmap.org/query?lat=40.44727222222222&lon=-105.75441666666667"
"https://github.com/rcfdtools/R.GISMobile/tree/main/.poi/24/IMG_0922.JPEG",40.447269444444444,-105.75441666666667,3545.720792079208,"http://maps.google.com/maps?q=40.447269444444444,-105.75441666666667","https://www.openstreetmap.org/query?lat=40.447269444444444&lon=-105.75441666666667"
"https://github.com/rcfdtools/R.GISMobile/tree/main/.poi/24/IMG_0923.JPEG",40.447269444444444,-105.75441666666667,3545.9583397862784,"http://maps.google.com/maps?q=40.447269444444444,-105.75441666666667","https://www.openstreetmap.org/query?lat=40.447269444444444&lon=-105.75441666666667"
"https://github.com/rcfdtools/R.GISMobile/tree/main/.poi/24/IMG_0924.JPEG",40.447269444444444,-105.75441666666667,3546.291836734694,"http://maps.google.com/maps?q=40.447269444444444,-105.75441666666667","https://www.openstreetmap.org/query?lat=40.447269444444444&lon=-105.75441666666667"
"https://github.com/rcfdtools/R.GISMobile/tree/main/.poi/24/IMG_0925.JPEG",40.44727222222222,-105.75441666666667,3546.303552206674,"http://maps.google.com/maps?q=40.44727222222222,-105.75441666666667","https://www.openstreetmap.org/query?lat=40.44727222222222&lon=-105.75441666666667"
"https://github.com/rcfdtools/R.GISMobile/tree/main/.poi/24/IMG_0928.JPEG",40.44137222222222,-105.75566944444445,3588.1058020477817,"http://maps.google.com/maps?q=40.44137222222222,-105.75566944444445","https://www.openstreetmap.org/query?lat=40.44137222222222&lon=-105.75566944444445"
"https://github.com/rcfdtools/R.GISMobile/tree/main/.poi/24/IMG_0929.JPEG",40.44087777777777,-105.75575277777777,3591.7151767151768,"http://maps.google.com/maps?q=40.44087777777777,-105.75575277777777","https://www.openstreetmap.org/query?lat=40.44087777777777&lon=-105.75575277777777"
"https://github.com/rcfdtools/R.GISMobile/tree/main/.poi/24/IMG_0930.JPEG",40.440061111111106,-105.7572111111111,3597.216165413534,"http://maps.google.com/maps?q=40.440061111111106,-105.7572111111111","https://www.openstreetmap.org/query?lat=40.440061111111106&lon=-105.7572111111111"
"https://github.com/rcfdtools/R.GISMobile/tree/main/.poi/24/IMG_0931.JPEG",40.439947222222216,-105.7574861111111,3598.255230125523,"http://maps.google.com/maps?q=40.439947222222216,-105.7574861111111","https://www.openstreetmap.org/query?lat=40.439947222222216&lon=-105.7574861111111"
"https://github.com/rcfdtools/R.GISMobile/tree/main/.poi/24/IMG_0932.JPEG",40.438919444444444,-105.75948333333334,3608.1059782608695,"http://maps.google.com/maps?q=40.438919444444444,-105.75948333333334","https://www.openstreetmap.org/query?lat=40.438919444444444&lon=-105.75948333333334"
"https://github.com/rcfdtools/R.GISMobile/tree/main/.poi/24/IMG_0933.JPEG",40.43259444444444,-105.76841666666667,3670.444668008048,"http://maps.google.com/maps?q=40.43259444444444,-105.76841666666667","https://www.openstreetmap.org/query?lat=40.43259444444444&lon=-105.76841666666667"
"https://github.com/rcfdtools/R.GISMobile/tree/main/.poi/24/IMG_0934.JPEG",40.43259722222222,-105.76841666666667,3670.2200557103065,"http://maps.google.com/maps?q=40.43259722222222,-105.76841666666667","https://www.openstreetmap.org/query?lat=40.43259722222222&lon=-105.76841666666667"
"https://github.com/rcfdtools/R.GISMobile/tree/main/.poi/24/IMG_0935.JPEG",40.43259722222222,-105.768425,3669.9353932584268,"http://maps.google.com/maps?q=40.43259722222222,-105.768425","https://www.openstreetmap.org/query?lat=40.43259722222222&lon=-105.768425"
"https://github.com/rcfdtools/R.GISMobile/tree/main/.poi/24/IMG_0936.JPEG",40.43259722222222,-105.768425,3668.8006230529595,"http://maps.google.com/maps?q=40.43259722222222,-105.768425","https://www.openstreetmap.org/query?lat=40.43259722222222&lon=-105.768425"
"https://github.com/rcfdtools/R.GISMobile/tree/main/.poi/24/IMG_0938.JPEG",40.43258888888889,-105.76840277777778,3671.498866213152,"http://maps.google.com/maps?q=40.43258888888889,-105.76840277777778","https://www.openstreetmap.org/query?lat=40.43258888888889&lon=-105.76840277777778"
"https://github.com/rcfdtools/R.GISMobile/tree/main/.poi/24/IMG_0939.JPEG",40.43258333333333,-105.76840277777778,3672.3855855855854,"http://maps.google.com/maps?q=40.43258333333333,-105.76840277777778","https://www.openstreetmap.org/query?lat=40.43258333333333&lon=-105.76840277777778"
"https://github.com/rcfdtools/R.GISMobile/tree/main/.poi/24/IMG_0940.JPEG",40.43258611111111,-105.7684111111111,3672.0271903323264,"http://maps.google.com/maps?q=40.43258611111111,-105.7684111111111","https://www.openstreetmap.org/query?lat=40.43258611111111&lon=-105.7684111111111"
"https://github.com/rcfdtools/R.GISMobile/tree/main/.poi/24/IMG_0941.JPEG",40.432655555555556,-105.76849444444444,3666.2762096774195,"http://maps.google.com/maps?q=40.432655555555556,-105.76849444444444","https://www.openstreetmap.org/query?lat=40.432655555555556&lon=-105.76849444444444"
"https://github.com/rcfdtools/R.GISMobile/tree/main/.poi/24/IMG_0942.JPEG",40.43246388888889,-105.76576111111112,3676.6697674418606,"http://maps.google.com/maps?q=40.43246388888889,-105.76576111111112","https://www.openstreetmap.org/query?lat=40.43246388888889&lon=-105.76576111111112"
"https://github.com/rcfdtools/R.GISMobile/tree/main/.poi/24/IMG_0943.JPEG",40.43248333333333,-105.76544166666666,3678.892420537897,"http://maps.google.com/maps?q=40.43248333333333,-105.76544166666666","https://www.openstreetmap.org/query?lat=40.43248333333333&lon=-105.76544166666666"
"https://github.com/rcfdtools/R.GISMobile/tree/main/.poi/24/IMG_0944.JPEG",40.432494444444444,-105.76496944444445,3682.2967213114753,"http://maps.google.com/maps?q=40.432494444444444,-105.76496944444445","https://www.openstreetmap.org/query?lat=40.432494444444444&lon=-105.76496944444445"
"https://github.com/rcfdtools/R.GISMobile/tree/main/.poi/24/IMG_0945.JPEG",40.43241111111111,-105.76381111111111,3686.4783783783782,"http://maps.google.com/maps?q=40.43241111111111,-105.76381111111111","https://www.openstreetmap.org/query?lat=40.43241111111111&lon=-105.76381111111111"
"https://github.com/rcfdtools/R.GISMobile/tree/main/.poi/24/IMG_0946.JPEG",40.428355555555555,-105.75962777777778,3711.8811881188117,"http://maps.google.com/maps?q=40.428355555555555,-105.75962777777778","https://www.openstreetmap.org/query?lat=40.428355555555555&lon=-105.75962777777778"
"https://github.com/rcfdtools/R.GISMobile/tree/main/.poi/24/IMG_0947.JPEG",40.428105555555554,-105.75939166666667,3711.5843230403802,"http://maps.google.com/maps?q=40.428105555555554,-105.75939166666667","https://www.openstreetmap.org/query?lat=40.428105555555554&lon=-105.75939166666667"
"https://github.com/rcfdtools/R.GISMobile/tree/main/.poi/24/IMG_0948.JPEG",40.424819444444445,-105.75332777777778,3686.333830104322,"http://maps.google.com/maps?q=40.424819444444445,-105.75332777777778","https://www.openstreetmap.org/query?lat=40.424819444444445&lon=-105.75332777777778"
"https://github.com/rcfdtools/R.GISMobile/tree/main/.poi/24/IMG_0949.JPEG",40.42480833333333,-105.75333333333333,3685.916835699797,"http://maps.google.com/maps?q=40.42480833333333,-105.75333333333333","https://www.openstreetmap.org/query?lat=40.42480833333333&lon=-105.75333333333333"
"https://github.com/rcfdtools/R.GISMobile/tree/main/.poi/24/IMG_0950.JPEG",40.42480833333333,-105.75333333333333,3685.7351916376306,"http://maps.google.com/maps?q=40.42480833333333,-105.75333333333333","https://www.openstreetmap.org/query?lat=40.42480833333333&lon=-105.75333333333333"
"https://github.com/rcfdtools/R.GISMobile/tree/main/.poi/24/IMG_0951.JPEG",40.42480555555555,-105.75334166666667,3685.936855670103,"http://maps.google.com/maps?q=40.42480555555555,-105.75334166666667","https://www.openstreetmap.org/query?lat=40.42480555555555&lon=-105.75334166666667"
"https://github.com/rcfdtools/R.GISMobile/tree/main/.poi/24/IMG_0952.JPEG",40.42480555555555,-105.75334166666667,3685.9461358313815,"http://maps.google.com/maps?q=40.42480555555555,-105.75334166666667","https://www.openstreetmap.org/query?lat=40.42480555555555&lon=-105.75334166666667"
"https://github.com/rcfdtools/R.GISMobile/tree/main/.poi/24/IMG_0953.JPEG",40.42480555555555,-105.75334166666667,3686.0721088435375,"http://maps.google.com/maps?q=40.42480555555555,-105.75334166666667","https://www.openstreetmap.org/query?lat=40.42480555555555&lon=-105.75334166666667"
"https://github.com/rcfdtools/R.GISMobile/tree/main/.poi/24/IMG_0954.JPEG",40.42480555555555,-105.75333333333333,3685.857268722467,"http://maps.google.com/maps?q=40.42480555555555,-105.75333333333333","https://www.openstreetmap.org/query?lat=40.42480555555555&lon=-105.75333333333333"
"https://github.com/rcfdtools/R.GISMobile/tree/main/.poi/24/IMG_0955.JPEG",40.42480555555555,-105.75333333333333,3685.7449596774195,"http://maps.google.com/maps?q=40.42480555555555,-105.75333333333333","https://www.openstreetmap.org/query?lat=40.42480555555555&lon=-105.75333333333333"
"https://github.com/rcfdtools/R.GISMobile/tree/main/.poi/24/IMG_0957.JPEG",40.42483055555555,-105.75332777777778,3690.3191800878476,"http://maps.google.com/maps?q=40.42483055555555,-105.75332777777778","https://www.openstreetmap.org/query?lat=40.42483055555555&lon=-105.75332777777778"
"https://github.com/rcfdtools/R.GISMobile/tree/main/.poi/24/IMG_0958.JPEG",40.42483055555555,-105.75332777777778,3691.11214953271,"http://maps.google.com/maps?q=40.42483055555555,-105.75332777777778","https://www.openstreetmap.org/query?lat=40.42483055555555&lon=-105.75332777777778"
"https://github.com/rcfdtools/R.GISMobile/tree/main/.poi/24/IMG_0959.JPEG",40.42480555555555,-105.75384444444444,3688.1518438177873,"http://maps.google.com/maps?q=40.42480555555555,-105.75384444444444","https://www.openstreetmap.org/query?lat=40.42480555555555&lon=-105.75384444444444"
"https://github.com/rcfdtools/R.GISMobile/tree/main/.poi/24/IMG_0960.JPEG",40.42480833333333,-105.7538611111111,3688.4608879492603,"http://maps.google.com/maps?q=40.42480833333333,-105.7538611111111","https://www.openstreetmap.org/query?lat=40.42480833333333&lon=-105.7538611111111"
"https://github.com/rcfdtools/R.GISMobile/tree/main/.poi/24/IMG_0962.JPEG",40.42480277777778,-105.7538611111111,3687.7340206185568,"http://maps.google.com/maps?q=40.42480277777778,-105.7538611111111","https://www.openstreetmap.org/query?lat=40.42480277777778&lon=-105.7538611111111"
"https://github.com/rcfdtools/R.GISMobile/tree/main/.poi/24/IMG_0963.JPEG",40.42480833333333,-105.7538611111111,3688.195928753181,"http://maps.google.com/maps?q=40.42480833333333,-105.7538611111111","https://www.openstreetmap.org/query?lat=40.42480833333333&lon=-105.7538611111111"
"https://github.com/rcfdtools/R.GISMobile/tree/main/.poi/24/IMG_0965.JPEG",40.413130555555554,-105.73819722222223,3660.47542997543,"http://maps.google.com/maps?q=40.413130555555554,-105.73819722222223","https://www.openstreetmap.org/query?lat=40.413130555555554&lon=-105.73819722222223"
"https://github.com/rcfdtools/R.GISMobile/tree/main/.poi/24/IMG_0966.JPEG",40.413044444444445,-105.73603055555556,3674.6902834008097,"http://maps.google.com/maps?q=40.413044444444445,-105.73603055555556","https://www.openstreetmap.org/query?lat=40.413044444444445&lon=-105.73603055555556"
"https://github.com/rcfdtools/R.GISMobile/tree/main/.poi/24/IMG_0967.JPEG",40.41316111111111,-105.735275,3679.5926352128886,"http://maps.google.com/maps?q=40.41316111111111,-105.735275","https://www.openstreetmap.org/query?lat=40.41316111111111&lon=-105.735275"
"https://github.com/rcfdtools/R.GISMobile/tree/main/.poi/24/IMG_0968.JPEG",40.41166388888889,-105.7327638888889,3691.928395061728,"http://maps.google.com/maps?q=40.41166388888889,-105.7327638888889","https://www.openstreetmap.org/query?lat=40.41166388888889&lon=-105.7327638888889"
"https://github.com/rcfdtools/R.GISMobile/tree/main/.poi/24/IMG_0969.JPEG",40.41166388888889,-105.7327638888889,3691.928395061728,"http://maps.google.com/maps?q=40.41166388888889,-105.7327638888889","https://www.openstreetmap.org/query?lat=40.41166388888889&lon=-105.7327638888889"
"https://github.com/rcfdtools/R.GISMobile/tree/main/.poi/24/IMG_0970.JPEG",40.41166388888889,-105.7327638888889,3691.928395061728,"http://maps.google.com/maps?q=40.41166388888889,-105.7327638888889","https://www.openstreetmap.org/query?lat=40.41166388888889&lon=-105.7327638888889"
"https://github.com/rcfdtools/R.GISMobile/tree/main/.poi/24/IMG_0971.JPEG",40.41166388888889,-105.7327638888889,3691.928395061728,"http://maps.google.com/maps?q=40.41166388888889,-105.7327638888889","https://www.openstreetmap.org/query?lat=40.41166388888889&lon=-105.7327638888889"
"https://github.com/rcfdtools/R.GISMobile/tree/main/.poi/24/IMG_0972.JPEG",40.41166388888889,-105.73275833333334,3691.5581947743467,"http://maps.google.com/maps?q=40.41166388888889,-105.73275833333334","https://www.openstreetmap.org/query?lat=40.41166388888889&lon=-105.73275833333334"
"https://github.com/rcfdtools/R.GISMobile/tree/main/.poi/24/IMG_0974.JPEG",40.41169444444444,-105.73275833333334,3692.9900744416873,"http://maps.google.com/maps?q=40.41169444444444,-105.73275833333334","https://www.openstreetmap.org/query?lat=40.41169444444444&lon=-105.73275833333334"
"https://github.com/rcfdtools/R.GISMobile/tree/main/.poi/24/IMG_0975.JPEG",40.41169722222222,-105.7327638888889,3694.434903047091,"http://maps.google.com/maps?q=40.41169722222222,-105.7327638888889","https://www.openstreetmap.org/query?lat=40.41169722222222&lon=-105.7327638888889"
"https://github.com/rcfdtools/R.GISMobile/tree/main/.poi/24/IMG_0976.JPEG",40.41169722222222,-105.73275833333334,3695.430508474576,"http://maps.google.com/maps?q=40.41169722222222,-105.73275833333334","https://www.openstreetmap.org/query?lat=40.41169722222222&lon=-105.73275833333334"
"https://github.com/rcfdtools/R.GISMobile/tree/main/.poi/24/IMG_0977.JPEG",40.411677777777776,-105.73273611111111,3695.159021406728,"http://maps.google.com/maps?q=40.411677777777776,-105.73273611111111","https://www.openstreetmap.org/query?lat=40.411677777777776&lon=-105.73273611111111"
"https://github.com/rcfdtools/R.GISMobile/tree/main/.poi/24/IMG_0978.JPEG",40.411677777777776,-105.73273611111111,3695.5857843137255,"http://maps.google.com/maps?q=40.411677777777776,-105.73273611111111","https://www.openstreetmap.org/query?lat=40.411677777777776&lon=-105.73273611111111"
"https://github.com/rcfdtools/R.GISMobile/tree/main/.poi/24/IMG_0979.JPEG",40.411677777777776,-105.73273611111111,3695.49203187251,"http://maps.google.com/maps?q=40.411677777777776,-105.73273611111111","https://www.openstreetmap.org/query?lat=40.411677777777776&lon=-105.73273611111111"
"https://github.com/rcfdtools/R.GISMobile/tree/main/.poi/24/IMG_1051.JPEG",5.025569444444445,-73.99639722222223,2597.7342657342656,"http://maps.google.com/maps?q=5.025569444444445,-73.99639722222223","https://www.openstreetmap.org/query?lat=5.025569444444445&lon=-73.99639722222223"
"https://github.com/rcfdtools/R.GISMobile/tree/main/.poi/25/IMG_1004.JPEG",40.37542222222222,-105.48696111111111,2271.2932454695224,"http://maps.google.com/maps?q=40.37542222222222,-105.48696111111111","https://www.openstreetmap.org/query?lat=40.37542222222222&lon=-105.48696111111111"
"https://github.com/rcfdtools/R.GISMobile/tree/main/.poi/25/IMG_1005.JPEG",40.37542222222222,-105.48696111111111,2271.4131175468483,"http://maps.google.com/maps?q=40.37542222222222,-105.48696111111111","https://www.openstreetmap.org/query?lat=40.37542222222222&lon=-105.48696111111111"
"https://github.com/rcfdtools/R.GISMobile/tree/main/.poi/25/IMG_1006.JPEG",40.37542222222222,-105.48696111111111,2271.4131175468483,"http://maps.google.com/maps?q=40.37542222222222,-105.48696111111111","https://www.openstreetmap.org/query?lat=40.37542222222222&lon=-105.48696111111111"
"https://github.com/rcfdtools/R.GISMobile/tree/main/.poi/25/IMG_1009.JPEG",40.37545,-105.48685555555555,2271.6677577741407,"http://maps.google.com/maps?q=40.37545,-105.48685555555555","https://www.openstreetmap.org/query?lat=40.37545&lon=-105.48685555555555"
"https://github.com/rcfdtools/R.GISMobile/tree/main/.poi/25/IMG_1010.JPEG",40.37548888888889,-105.48683055555556,2270.53640776699,"http://maps.google.com/maps?q=40.37548888888889,-105.48683055555556","https://www.openstreetmap.org/query?lat=40.37548888888889&lon=-105.48683055555556"
"https://github.com/rcfdtools/R.GISMobile/tree/main/.poi/25/IMG_1011.JPEG",40.375502777777776,-105.48683055555556,2271.7331606217617,"http://maps.google.com/maps?q=40.375502777777776,-105.48683055555556","https://www.openstreetmap.org/query?lat=40.375502777777776&lon=-105.48683055555556"
"https://github.com/rcfdtools/R.GISMobile/tree/main/.poi/25/IMG_1013.JPEG",40.37549722222222,-105.48684722222222,2271.47268907563,"http://maps.google.com/maps?q=40.37549722222222,-105.48684722222222","https://www.openstreetmap.org/query?lat=40.37549722222222&lon=-105.48684722222222"
"https://github.com/rcfdtools/R.GISMobile/tree/main/.poi/25/IMG_1014.JPEG",40.37549722222222,-105.48684722222222,2271.6584766584765,"http://maps.google.com/maps?q=40.37549722222222,-105.48684722222222","https://www.openstreetmap.org/query?lat=40.37549722222222&lon=-105.48684722222222"
"https://github.com/rcfdtools/R.GISMobile/tree/main/.poi/25/IMG_1015.JPEG",40.37535833333333,-105.48678611111112,2271.5598455598456,"http://maps.google.com/maps?q=40.37535833333333,-105.48678611111112","https://www.openstreetmap.org/query?lat=40.37535833333333&lon=-105.48678611111112"
"https://github.com/rcfdtools/R.GISMobile/tree/main/.poi/25/IMG_1016.JPEG",40.375372222222225,-105.48676388888889,2271.2883597883597,"http://maps.google.com/maps?q=40.375372222222225,-105.48676388888889","https://www.openstreetmap.org/query?lat=40.375372222222225&lon=-105.48676388888889"
"https://github.com/rcfdtools/R.GISMobile/tree/main/.poi/25/IMG_1017.JPEG",40.37372222222222,-105.49281944444445,2282.09597924773,"http://maps.google.com/maps?q=40.37372222222222,-105.49281944444445","https://www.openstreetmap.org/query?lat=40.37372222222222&lon=-105.49281944444445"
"https://github.com/rcfdtools/R.GISMobile/tree/main/.poi/25/IMG_1018.JPEG",40.37377222222222,-105.49312777777777,2283.494905385735,"http://maps.google.com/maps?q=40.37377222222222,-105.49312777777777","https://www.openstreetmap.org/query?lat=40.37377222222222&lon=-105.49312777777777"
"https://github.com/rcfdtools/R.GISMobile/tree/main/.poi/25/IMG_1019.JPEG",40.37390277777778,-105.49408055555556,2283.151886792453,"http://maps.google.com/maps?q=40.37390277777778,-105.49408055555556","https://www.openstreetmap.org/query?lat=40.37390277777778&lon=-105.49408055555556"
"https://github.com/rcfdtools/R.GISMobile/tree/main/.poi/25/IMG_1020.JPEG",40.37399444444444,-105.49497222222222,2281.535922330097,"http://maps.google.com/maps?q=40.37399444444444,-105.49497222222222","https://www.openstreetmap.org/query?lat=40.37399444444444&lon=-105.49497222222222"
"https://github.com/rcfdtools/R.GISMobile/tree/main/.poi/25/IMG_1021.JPEG",40.37382222222222,-105.49368888888888,2282.331086773378,"http://maps.google.com/maps?q=40.37382222222222,-105.49368888888888","https://www.openstreetmap.org/query?lat=40.37382222222222&lon=-105.49368888888888"
"https://github.com/rcfdtools/R.GISMobile/tree/main/.poi/26/20211225_181618.jpg",39.66133611111111,-104.92289755555556,1651.051,"http://maps.google.com/maps?q=39.66133611111111,-104.92289755555556","https://www.openstreetmap.org/query?lat=39.66133611111111&lon=-104.92289755555556"
"https://github.com/rcfdtools/R.GISMobile/tree/main/.poi/26/20211225_181620.jpg",39.66133611111111,-104.92289755555556,1651.051,"http://maps.google.com/maps?q=39.66133611111111,-104.92289755555556","https://www.openstreetmap.org/query?lat=39.66133611111111&lon=-104.92289755555556"
"https://github.com/rcfdtools/R.GISMobile/tree/main/.poi/26/IMG_1028.JPEG",39.63398611111111,-104.99208055555556,1633.514357053683,"http://maps.google.com/maps?q=39.63398611111111,-104.99208055555556","https://www.openstreetmap.org/query?lat=39.63398611111111&lon=-104.99208055555556"
"https://github.com/rcfdtools/R.GISMobile/tree/main/.poi/26/IMG_1029.JPEG",39.63382222222222,-104.99203611111112,1633.004746835443,"http://maps.google.com/maps?q=39.63382222222222,-104.99203611111112","https://www.openstreetmap.org/query?lat=39.63382222222222&lon=-104.99203611111112"
"https://github.com/rcfdtools/R.GISMobile/tree/main/.poi/26/IMG_1030.JPEG",39.63456111111111,-104.99380555555555,1633.4493284493285,"http://maps.google.com/maps?q=39.63456111111111,-104.99380555555555","https://www.openstreetmap.org/query?lat=39.63456111111111&lon=-104.99380555555555"
"https://github.com/rcfdtools/R.GISMobile/tree/main/.poi/26/IMG_1031.JPEG",39.63485277777778,-104.99442222222223,1630.5643564356435,"http://maps.google.com/maps?q=39.63485277777778,-104.99442222222223","https://www.openstreetmap.org/query?lat=39.63485277777778&lon=-104.99442222222223"
"https://github.com/rcfdtools/R.GISMobile/tree/main/.poi/26/IMG_1032.JPEG",39.634927777777776,-104.99591111111111,1628.4935177182367,"http://maps.google.com/maps?q=39.634927777777776,-104.99591111111111","https://www.openstreetmap.org/query?lat=39.634927777777776&lon=-104.99591111111111"
"https://github.com/rcfdtools/R.GISMobile/tree/main/.poi/26/IMG_1033.JPEG",39.63535,-104.99666666666667,1633.1351179094966,"http://maps.google.com/maps?q=39.63535,-104.99666666666667","https://www.openstreetmap.org/query?lat=39.63535&lon=-104.99666666666667"
"https://github.com/rcfdtools/R.GISMobile/tree/main/.poi/26/IMG_1034.JPEG",39.63543611111111,-104.99660555555556,1601.8216432865731,"http://maps.google.com/maps?q=39.63543611111111,-104.99660555555556","https://www.openstreetmap.org/query?lat=39.63543611111111&lon=-104.99660555555556"
"https://github.com/rcfdtools/R.GISMobile/tree/main/.poi/27/IMG_0980.JPEG",40.37665277777778,-105.51924722222222,2292.8769883351006,"http://maps.google.com/maps?q=40.37665277777778,-105.51924722222222","https://www.openstreetmap.org/query?lat=40.37665277777778&lon=-105.51924722222222"
"https://github.com/rcfdtools/R.GISMobile/tree/main/.poi/27/IMG_0981.JPEG",40.37665277777778,-105.51924722222222,2292.9159891598915,"http://maps.google.com/maps?q=40.37665277777778,-105.51924722222222","https://www.openstreetmap.org/query?lat=40.37665277777778&lon=-105.51924722222222"
"https://github.com/rcfdtools/R.GISMobile/tree/main/.poi/27/IMG_0982.JPEG",40.37675277777778,-105.51909722222221,2293.08431372549,"http://maps.google.com/maps?q=40.37675277777778,-105.51909722222221","https://www.openstreetmap.org/query?lat=40.37675277777778&lon=-105.51909722222221"
"https://github.com/rcfdtools/R.GISMobile/tree/main/.poi/27/IMG_0983.JPEG",40.376736111111114,-105.51908888888889,2292.7008797653957,"http://maps.google.com/maps?q=40.376736111111114,-105.51908888888889","https://www.openstreetmap.org/query?lat=40.376736111111114&lon=-105.51908888888889"
"https://github.com/rcfdtools/R.GISMobile/tree/main/.poi/27/IMG_0984.JPEG",40.376736111111114,-105.51908888888889,2292.686809137804,"http://maps.google.com/maps?q=40.376736111111114,-105.51908888888889","https://www.openstreetmap.org/query?lat=40.376736111111114&lon=-105.51908888888889"
"https://github.com/rcfdtools/R.GISMobile/tree/main/.poi/27/IMG_0985.JPEG",40.37676944444444,-105.51898055555556,2293.387043189369,"http://maps.google.com/maps?q=40.37676944444444,-105.51898055555556","https://www.openstreetmap.org/query?lat=40.37676944444444&lon=-105.51898055555556"
"https://github.com/rcfdtools/R.GISMobile/tree/main/.poi/27/IMG_0986.JPEG",40.376758333333335,-105.51896666666667,2293.415313225058,"http://maps.google.com/maps?q=40.376758333333335,-105.51896666666667","https://www.openstreetmap.org/query?lat=40.376758333333335&lon=-105.51896666666667"
"https://github.com/rcfdtools/R.GISMobile/tree/main/.poi/27/IMG_0987.JPEG",40.376755555555555,-105.51896666666667,2293.830745341615,"http://maps.google.com/maps?q=40.376755555555555,-105.51896666666667","https://www.openstreetmap.org/query?lat=40.376755555555555&lon=-105.51896666666667"
"https://github.com/rcfdtools/R.GISMobile/tree/main/.poi/27/IMG_0988.JPEG",40.376755555555555,-105.518975,2293.7332474226805,"http://maps.google.com/maps?q=40.376755555555555,-105.518975","https://www.openstreetmap.org/query?lat=40.376755555555555&lon=-105.518975"
"https://github.com/rcfdtools/R.GISMobile/tree/main/.poi/27/IMG_0989.JPEG",40.37682222222222,-105.51882222222223,2292.6465390279823,"http://maps.google.com/maps?q=40.37682222222222,-105.51882222222223","https://www.openstreetmap.org/query?lat=40.37682222222222&lon=-105.51882222222223"
"https://github.com/rcfdtools/R.GISMobile/tree/main/.poi/27/IMG_0990.JPEG",40.37683055555556,-105.51881388888889,2293.059426229508,"http://maps.google.com/maps?q=40.37683055555556,-105.51881388888889","https://www.openstreetmap.org/query?lat=40.37683055555556&lon=-105.51881388888889"
"https://github.com/rcfdtools/R.GISMobile/tree/main/.poi/27/IMG_0991.JPEG",40.37682222222222,-105.51879722222222,2292.2365308804206,"http://maps.google.com/maps?q=40.37682222222222,-105.51879722222222","https://www.openstreetmap.org/query?lat=40.37682222222222&lon=-105.51879722222222"
"https://github.com/rcfdtools/R.GISMobile/tree/main/.poi/27/IMG_0992.JPG",40.37681388888889,-105.51879722222222,2292.483345145287,"http://maps.google.com/maps?q=40.37681388888889,-105.51879722222222","https://www.openstreetmap.org/query?lat=40.37681388888889&lon=-105.51879722222222"
"https://github.com/rcfdtools/R.GISMobile/tree/main/.poi/27/IMG_0993.JPEG",40.376777777777775,-105.51882222222223,2293.9268060836503,"http://maps.google.com/maps?q=40.376777777777775,-105.51882222222223","https://www.openstreetmap.org/query?lat=40.376777777777775&lon=-105.51882222222223"
"https://github.com/rcfdtools/R.GISMobile/tree/main/.poi/28/IMG_0780.JPEG",39.65049722222222,-104.99135555555556,1632.9398058252427,"http://maps.google.com/maps?q=39.65049722222222,-104.99135555555556","https://www.openstreetmap.org/query?lat=39.65049722222222&lon=-104.99135555555556"
"https://github.com/rcfdtools/R.GISMobile/tree/main/.poi/28/IMG_0781.JPEG",39.65046111111111,-104.99144722222222,1627.9632446134347,"http://maps.google.com/maps?q=39.65046111111111,-104.99144722222222","https://www.openstreetmap.org/query?lat=39.65046111111111&lon=-104.99144722222222"
"https://github.com/rcfdtools/R.GISMobile/tree/main/.poi/28/IMG_0784.JPG",39.65046944444444,-104.99144722222222,1626.0860289057123,"http://maps.google.com/maps?q=39.65046944444444,-104.99144722222222","https://www.openstreetmap.org/query?lat=39.65046944444444&lon=-104.99144722222222"
"https://github.com/rcfdtools/R.GISMobile/tree/main/.poi/28/IMG_0856.JPEG",39.65879722222222,-104.99806944444444,1609.7850208044383,"http://maps.google.com/maps?q=39.65879722222222,-104.99806944444444","https://www.openstreetmap.org/query?lat=39.65879722222222&lon=-104.99806944444444"
"https://github.com/rcfdtools/R.GISMobile/tree/main/.poi/28/IMG_0857.JPEG",39.658852777777774,-104.99812222222222,1612.9290640394088,"http://maps.google.com/maps?q=39.658852777777774,-104.99812222222222","https://www.openstreetmap.org/query?lat=39.658852777777774&lon=-104.99812222222222"
"https://github.com/rcfdtools/R.GISMobile/tree/main/.poi/28/IMG_0858.JPEG",39.65886944444444,-104.99813055555556,1613.3460559796438,"http://maps.google.com/maps?q=39.65886944444444,-104.99813055555556","https://www.openstreetmap.org/query?lat=39.65886944444444&lon=-104.99813055555556"
"https://github.com/rcfdtools/R.GISMobile/tree/main/.poi/28/IMG_0859.JPEG",39.658875,-104.99813055555556,1612.9444444444443,"http://maps.google.com/maps?q=39.658875,-104.99813055555556","https://www.openstreetmap.org/query?lat=39.658875&lon=-104.99813055555556"
"https://github.com/rcfdtools/R.GISMobile/tree/main/.poi/28/IMG_0861.JPEG",39.659,-104.99810000000001,1608.8094339622642,"http://maps.google.com/maps?q=39.659,-104.99810000000001","https://www.openstreetmap.org/query?lat=39.659&lon=-104.99810000000001"
"https://github.com/rcfdtools/R.GISMobile/tree/main/.poi/28/IMG_0862.JPEG",39.65900555555555,-104.99810000000001,1608.8975694444443,"http://maps.google.com/maps?q=39.65900555555555,-104.99810000000001","https://www.openstreetmap.org/query?lat=39.65900555555555&lon=-104.99810000000001"
"https://github.com/rcfdtools/R.GISMobile/tree/main/.poi/28/IMG_0863.JPEG",39.65900833333333,-104.99807777777778,1611.449081803005,"http://maps.google.com/maps?q=39.65900833333333,-104.99807777777778","https://www.openstreetmap.org/query?lat=39.65900833333333&lon=-104.99807777777778"
"https://github.com/rcfdtools/R.GISMobile/tree/main/.poi/28/IMG_0864.JPEG",39.65902222222222,-104.99804722222223,1611.1224226804125,"http://maps.google.com/maps?q=39.65902222222222,-104.99804722222223","https://www.openstreetmap.org/query?lat=39.65902222222222&lon=-104.99804722222223"
"https://github.com/rcfdtools/R.GISMobile/tree/main/.poi/28/IMG_0865.JPEG",39.659305555555555,-104.99796388888889,1614.7693965517242,"http://maps.google.com/maps?q=39.659305555555555,-104.99796388888889","https://www.openstreetmap.org/query?lat=39.659305555555555&lon=-104.99796388888889"
"https://github.com/rcfdtools/R.GISMobile/tree/main/.poi/28/IMG_0866.JPEG",39.65931111111111,-104.99795555555556,1616.9315051797685,"http://maps.google.com/maps?q=39.65931111111111,-104.99795555555556","https://www.openstreetmap.org/query?lat=39.65931111111111&lon=-104.99795555555556"
"https://github.com/rcfdtools/R.GISMobile/tree/main/.poi/28/IMG_0867.JPEG",39.660063888888885,-104.99740555555556,1612.0391676866584,"http://maps.google.com/maps?q=39.660063888888885,-104.99740555555556","https://www.openstreetmap.org/query?lat=39.660063888888885&lon=-104.99740555555556"
"https://github.com/rcfdtools/R.GISMobile/tree/main/.poi/28/IMG_0868.JPEG",39.65974722222222,-104.99794722222222,1618.5765247410818,"http://maps.google.com/maps?q=39.65974722222222,-104.99794722222222","https://www.openstreetmap.org/query?lat=39.65974722222222&lon=-104.99794722222222"
"https://github.com/rcfdtools/R.GISMobile/tree/main/.poi/28/IMG_0869.JPEG",39.65978055555556,-104.99810833333333,1613.8880484114977,"http://maps.google.com/maps?q=39.65978055555556,-104.99810833333333","https://www.openstreetmap.org/query?lat=39.65978055555556&lon=-104.99810833333333"
"https://github.com/rcfdtools/R.GISMobile/tree/main/.poi/28/IMG_0870.JPEG",39.65980833333333,-104.99810833333333,1611.2249614791988,"http://maps.google.com/maps?q=39.65980833333333,-104.99810833333333","https://www.openstreetmap.org/query?lat=39.65980833333333&lon=-104.99810833333333"
"https://github.com/rcfdtools/R.GISMobile/tree/main/.poi/28/IMG_0872.JPEG",39.66000277777778,-104.99809444444445,1617.7603626943005,"http://maps.google.com/maps?q=39.66000277777778,-104.99809444444445","https://www.openstreetmap.org/query?lat=39.66000277777778&lon=-104.99809444444445"
"https://github.com/rcfdtools/R.GISMobile/tree/main/.poi/28/IMG_0873.JPEG",39.65999166666666,-104.99809444444445,1618.4036734693877,"http://maps.google.com/maps?q=39.65999166666666,-104.99809444444445","https://www.openstreetmap.org/query?lat=39.65999166666666&lon=-104.99809444444445"
"https://github.com/rcfdtools/R.GISMobile/tree/main/.poi/28/IMG_0874.JPEG",39.65982777777778,-104.99778055555555,1622.8184679958026,"http://maps.google.com/maps?q=39.65982777777778,-104.99778055555555","https://www.openstreetmap.org/query?lat=39.65982777777778&lon=-104.99778055555555"
"https://github.com/rcfdtools/R.GISMobile/tree/main/.poi/28/IMG_0875.JPEG",39.65982777777778,-104.99781111111112,1614.9112426035504,"http://maps.google.com/maps?q=39.65982777777778,-104.99781111111112","https://www.openstreetmap.org/query?lat=39.65982777777778&lon=-104.99781111111112"
"https://github.com/rcfdtools/R.GISMobile/tree/main/.poi/28/IMG_0876.JPEG",39.659816666666664,-104.99781111111112,1614.60362400906,"http://maps.google.com/maps?q=39.659816666666664,-104.99781111111112","https://www.openstreetmap.org/query?lat=39.659816666666664&lon=-104.99781111111112"
"https://github.com/rcfdtools/R.GISMobile/tree/main/.poi/28/IMG_0877.JPEG",39.65991944444444,-104.99723888888889,1605.5716417910448,"http://maps.google.com/maps?q=39.65991944444444,-104.99723888888889","https://www.openstreetmap.org/query?lat=39.65991944444444&lon=-104.99723888888889"
"https://github.com/rcfdtools/R.GISMobile/tree/main/.poi/29/IMG_0813.JPEG",39.67765833333333,-104.89486666666667,1657.512981199642,"http://maps.google.com/maps?q=39.67765833333333,-104.89486666666667","https://www.openstreetmap.org/query?lat=39.67765833333333&lon=-104.89486666666667"
"https://github.com/rcfdtools/R.GISMobile/tree/main/.poi/29/IMG_0814.JPEG",39.67765555555555,-104.89485277777779,1660.9315286624203,"http://maps.google.com/maps?q=39.67765555555555,-104.89485277777779","https://www.openstreetmap.org/query?lat=39.67765555555555&lon=-104.89485277777779"
"https://github.com/rcfdtools/R.GISMobile/tree/main/.poi/29/IMG_0815.JPEG",39.67766388888889,-104.89486111111111,1659.7606199770378,"http://maps.google.com/maps?q=39.67766388888889,-104.89486111111111","https://www.openstreetmap.org/query?lat=39.67766388888889&lon=-104.89486111111111"
"https://github.com/rcfdtools/R.GISMobile/tree/main/.poi/29/IMG_0816.JPEG",39.67766388888889,-104.89486111111111,1659.713028169014,"http://maps.google.com/maps?q=39.67766388888889,-104.89486111111111","https://www.openstreetmap.org/query?lat=39.67766388888889&lon=-104.89486111111111"
"https://github.com/rcfdtools/R.GISMobile/tree/main/.poi/29/IMG_0817.JPEG",39.67776944444444,-104.89470555555556,1656.807116104869,"http://maps.google.com/maps?q=39.67776944444444,-104.89470555555556","https://www.openstreetmap.org/query?lat=39.67776944444444&lon=-104.89470555555556"
"https://github.com/rcfdtools/R.GISMobile/tree/main/.poi/29/IMG_0818.JPEG",39.677749999999996,-104.89466111111112,1656.2672955974842,"http://maps.google.com/maps?q=39.677749999999996,-104.89466111111112","https://www.openstreetmap.org/query?lat=39.677749999999996&lon=-104.89466111111112"
"https://github.com/rcfdtools/R.GISMobile/tree/main/.poi/29/IMG_0819.JPEG",39.677752777777776,-104.89466111111112,1656.3395225464192,"http://maps.google.com/maps?q=39.677752777777776,-104.89466111111112","https://www.openstreetmap.org/query?lat=39.677752777777776&lon=-104.89466111111112"
"https://github.com/rcfdtools/R.GISMobile/tree/main/.poi/29/IMG_0820.JPEG",39.67774444444444,-104.89465277777778,1656.3162217659137,"http://maps.google.com/maps?q=39.67774444444444,-104.89465277777778","https://www.openstreetmap.org/query?lat=39.67774444444444&lon=-104.89465277777778"
"https://github.com/rcfdtools/R.GISMobile/tree/main/.poi/29/IMG_0822.JPEG",39.67778333333333,-104.89467777777779,1655.8996563573883,"http://maps.google.com/maps?q=39.67778333333333,-104.89467777777779","https://www.openstreetmap.org/query?lat=39.67778333333333&lon=-104.89467777777779"
"https://github.com/rcfdtools/R.GISMobile/tree/main/.poi/29/IMG_0823.JPEG",39.677819444444445,-104.89463888888889,1656.0056818181818,"http://maps.google.com/maps?q=39.677819444444445,-104.89463888888889","https://www.openstreetmap.org/query?lat=39.677819444444445&lon=-104.89463888888889"
"https://github.com/rcfdtools/R.GISMobile/tree/main/.poi/29/IMG_0824.JPEG",39.67783333333333,-104.89457777777778,1656.141600703606,"http://maps.google.com/maps?q=39.67783333333333,-104.89457777777778","https://www.openstreetmap.org/query?lat=39.67783333333333&lon=-104.89457777777778"
"https://github.com/rcfdtools/R.GISMobile/tree/main/.poi/29/IMG_0825.JPEG",39.67783333333333,-104.89458611111112,1655.8857868020305,"http://maps.google.com/maps?q=39.67783333333333,-104.89458611111112","https://www.openstreetmap.org/query?lat=39.67783333333333&lon=-104.89458611111112"
"https://github.com/rcfdtools/R.GISMobile/tree/main/.poi/29/IMG_0826.JPEG",39.67785277777777,-104.89455277777779,1655.251580278129,"http://maps.google.com/maps?q=39.67785277777777,-104.89455277777779","https://www.openstreetmap.org/query?lat=39.67785277777777&lon=-104.89455277777779"
"https://github.com/rcfdtools/R.GISMobile/tree/main/.poi/29/IMG_0827.JPEG",39.67784722222222,-104.89454722222223,1655.3646496815286,"http://maps.google.com/maps?q=39.67784722222222,-104.89454722222223","https://www.openstreetmap.org/query?lat=39.67784722222222&lon=-104.89454722222223"
"https://github.com/rcfdtools/R.GISMobile/tree/main/.poi/29/IMG_0828.JPEG",39.677841666666666,-104.89455277777779,1655.3203194321206,"http://maps.google.com/maps?q=39.677841666666666,-104.89455277777779","https://www.openstreetmap.org/query?lat=39.677841666666666&lon=-104.89455277777779"
"https://github.com/rcfdtools/R.GISMobile/tree/main/.poi/29/IMG_0829.JPEG",39.67789722222222,-104.89447777777778,1654.0083955223881,"http://maps.google.com/maps?q=39.67789722222222,-104.89447777777778","https://www.openstreetmap.org/query?lat=39.67789722222222&lon=-104.89447777777778"
"https://github.com/rcfdtools/R.GISMobile/tree/main/.poi/29/IMG_0830.JPEG",39.67791388888889,-104.89455277777779,1653.6495798319327,"http://maps.google.com/maps?q=39.67791388888889,-104.89455277777779","https://www.openstreetmap.org/query?lat=39.67791388888889&lon=-104.89455277777779"
"https://github.com/rcfdtools/R.GISMobile/tree/main/.poi/29/IMG_0831.JPEG",39.677924999999995,-104.89456111111112,1654.3271461716938,"http://maps.google.com/maps?q=39.677924999999995,-104.89456111111112","https://www.openstreetmap.org/query?lat=39.677924999999995&lon=-104.89456111111112"
"https://github.com/rcfdtools/R.GISMobile/tree/main/.poi/29/IMG_0832.JPEG",39.677875,-104.89454722222223,1653.5154028436018,"http://maps.google.com/maps?q=39.677875,-104.89454722222223","https://www.openstreetmap.org/query?lat=39.677875&lon=-104.89454722222223"
"https://github.com/rcfdtools/R.GISMobile/tree/main/.poi/29/IMG_0833.JPEG",39.677880555555554,-104.89454722222223,1653.8963503649636,"http://maps.google.com/maps?q=39.677880555555554,-104.89454722222223","https://www.openstreetmap.org/query?lat=39.677880555555554&lon=-104.89454722222223"
"https://github.com/rcfdtools/R.GISMobile/tree/main/.poi/29/IMG_0836.JPEG",39.67763055555555,-104.89492777777778,1658.0235457063711,"http://maps.google.com/maps?q=39.67763055555555,-104.89492777777778","https://www.openstreetmap.org/query?lat=39.67763055555555&lon=-104.89492777777778"
"https://github.com/rcfdtools/R.GISMobile/tree/main/.poi/29/IMG_0837.JPEG",39.67783055555555,-104.8951638888889,1658.170426065163,"http://maps.google.com/maps?q=39.67783055555555,-104.8951638888889","https://www.openstreetmap.org/query?lat=39.67783055555555&lon=-104.8951638888889"
"https://github.com/rcfdtools/R.GISMobile/tree/main/.poi/29/IMG_0838.JPEG",39.67784722222222,-104.89519444444446,1658.1292059219381,"http://maps.google.com/maps?q=39.67784722222222,-104.89519444444446","https://www.openstreetmap.org/query?lat=39.67784722222222&lon=-104.89519444444446"
"https://github.com/rcfdtools/R.GISMobile/tree/main/.poi/29/IMG_0839.JPEG",39.68382222222222,-104.90136111111111,1653.3599717114569,"http://maps.google.com/maps?q=39.68382222222222,-104.90136111111111","https://www.openstreetmap.org/query?lat=39.68382222222222&lon=-104.90136111111111"
"https://github.com/rcfdtools/R.GISMobile/tree/main/.poi/29/IMG_0840.JPEG",39.68382222222222,-104.90136111111111,1654.0794551645856,"http://maps.google.com/maps?q=39.68382222222222,-104.90136111111111","https://www.openstreetmap.org/query?lat=39.68382222222222&lon=-104.90136111111111"
"https://github.com/rcfdtools/R.GISMobile/tree/main/.poi/29/IMG_0841.JPEG",39.68485555555555,-104.90262777777778,1646.8572895277207,"http://maps.google.com/maps?q=39.68485555555555,-104.90262777777778","https://www.openstreetmap.org/query?lat=39.68485555555555&lon=-104.90262777777778"
"https://github.com/rcfdtools/R.GISMobile/tree/main/.poi/29/IMG_0842.JPEG",39.68485277777778,-104.90267222222222,1649.2086049543677,"http://maps.google.com/maps?q=39.68485277777778,-104.90267222222222","https://www.openstreetmap.org/query?lat=39.68485277777778&lon=-104.90267222222222"
"https://github.com/rcfdtools/R.GISMobile/tree/main/.poi/29/IMG_0843.JPEG",39.68513055555555,-104.90306944444445,1648.803007518797,"http://maps.google.com/maps?q=39.68513055555555,-104.90306944444445","https://www.openstreetmap.org/query?lat=39.68513055555555&lon=-104.90306944444445"
"https://github.com/rcfdtools/R.GISMobile/tree/main/.poi/29/IMG_0845.JPEG",39.68512777777777,-104.9030388888889,1651.437365010799,"http://maps.google.com/maps?q=39.68512777777777,-104.9030388888889","https://www.openstreetmap.org/query?lat=39.68512777777777&lon=-104.9030388888889"
"https://github.com/rcfdtools/R.GISMobile/tree/main/.poi/29/IMG_0846.JPEG",39.68515277777777,-104.90303055555556,1651.6041131105399,"http://maps.google.com/maps?q=39.68515277777777,-104.90303055555556","https://www.openstreetmap.org/query?lat=39.68515277777777&lon=-104.90303055555556"
"https://github.com/rcfdtools/R.GISMobile/tree/main/.poi/29/IMG_0847.JPEG",39.68515277777777,-104.90303055555556,1651.5486935866984,"http://maps.google.com/maps?q=39.68515277777777,-104.90303055555556","https://www.openstreetmap.org/query?lat=39.68515277777777&lon=-104.90303055555556"
"https://github.com/rcfdtools/R.GISMobile/tree/main/.poi/29/IMG_0848.JPEG",39.68515277777777,-104.90303055555556,1651.407335907336,"http://maps.google.com/maps?q=39.68515277777777,-104.90303055555556","https://www.openstreetmap.org/query?lat=39.68515277777777&lon=-104.90303055555556"
"https://github.com/rcfdtools/R.GISMobile/tree/main/.poi/29/IMG_0849.JPEG",39.68515,-104.90303055555556,1651.414904330312,"http://maps.google.com/maps?q=39.68515,-104.90303055555556","https://www.openstreetmap.org/query?lat=39.68515&lon=-104.90303055555556"
"https://github.com/rcfdtools/R.GISMobile/tree/main/.poi/29/IMG_0851.JPEG",39.685136111111106,-104.90302222222223,1650.063829787234,"http://maps.google.com/maps?q=39.685136111111106,-104.90302222222223","https://www.openstreetmap.org/query?lat=39.685136111111106&lon=-104.90302222222223"
"https://github.com/rcfdtools/R.GISMobile/tree/main/.poi/29/IMG_0852.JPEG",39.685136111111106,-104.90302222222223,1650.0333115610713,"http://maps.google.com/maps?q=39.685136111111106,-104.90302222222223","https://www.openstreetmap.org/query?lat=39.685136111111106&lon=-104.90302222222223"
"https://github.com/rcfdtools/R.GISMobile/tree/main/.poi/29/IMG_0853.JPEG",39.685136111111106,-104.90302222222223,1650.1929797433122,"http://maps.google.com/maps?q=39.685136111111106,-104.90302222222223","https://www.openstreetmap.org/query?lat=39.685136111111106&lon=-104.90302222222223"
"https://github.com/rcfdtools/R.GISMobile/tree/main/.poi/29/IMG_0854.JPEG",39.685136111111106,-104.90302222222223,1649.8919540229886,"http://maps.google.com/maps?q=39.685136111111106,-104.90302222222223","https://www.openstreetmap.org/query?lat=39.685136111111106&lon=-104.90302222222223"
"https://github.com/rcfdtools/R.GISMobile/tree/main/.poi/29/IMG_0855.JPEG",39.685136111111106,-104.90302222222223,1649.908067542214,"http://maps.google.com/maps?q=39.685136111111106,-104.90302222222223","https://www.openstreetmap.org/query?lat=39.685136111111106&lon=-104.90302222222223"
"https://github.com/rcfdtools/R.GISMobile/tree/main/.poi/3/PXL_20230503_155938980.jpg",4.634430555555555,-73.72469722222222,3495.81,"http://maps.google.com/maps?q=4.634430555555555,-73.72469722222222","https://www.openstreetmap.org/query?lat=4.634430555555555&lon=-73.72469722222222"
"https://github.com/rcfdtools/R.GISMobile/tree/main/.poi/3/PXL_20230503_160044311.jpg",4.634402777777777,-73.72457222222222,3051.38,"http://maps.google.com/maps?q=4.634402777777777,-73.72457222222222","https://www.openstreetmap.org/query?lat=4.634402777777777&lon=-73.72457222222222"
"https://github.com/rcfdtools/R.GISMobile/tree/main/.poi/3/PXL_20230503_160207984.jpg",4.634402777777777,-73.72457222222222,3051.38,"http://maps.google.com/maps?q=4.634402777777777,-73.72457222222222","https://www.openstreetmap.org/query?lat=4.634402777777777&lon=-73.72457222222222"
"https://github.com/rcfdtools/R.GISMobile/tree/main/.poi/3/PXL_20230503_160215078.jpg",4.634402777777777,-73.72457222222222,3051.38,"http://maps.google.com/maps?q=4.634402777777777,-73.72457222222222","https://www.openstreetmap.org/query?lat=4.634402777777777&lon=-73.72457222222222"
"https://github.com/rcfdtools/R.GISMobile/tree/main/.poi/3/PXL_20230503_160224723.jpg",4.634402777777777,-73.72457222222222,3051.38,"http://maps.google.com/maps?q=4.634402777777777,-73.72457222222222","https://www.openstreetmap.org/query?lat=4.634402777777777&lon=-73.72457222222222"
"https://github.com/rcfdtools/R.GISMobile/tree/main/.poi/3/PXL_20230503_160239329.jpg",4.634402777777777,-73.72457222222222,3051.38,"http://maps.google.com/maps?q=4.634402777777777,-73.72457222222222","https://www.openstreetmap.org/query?lat=4.634402777777777&lon=-73.72457222222222"
"https://github.com/rcfdtools/R.GISMobile/tree/main/.poi/3/PXL_20230503_160247835.jpg",4.634402777777777,-73.72457222222222,3051.38,"http://maps.google.com/maps?q=4.634402777777777,-73.72457222222222","https://www.openstreetmap.org/query?lat=4.634402777777777&lon=-73.72457222222222"
"https://github.com/rcfdtools/R.GISMobile/tree/main/.poi/3/PXL_20230503_160321527.jpg",4.634369444444444,-73.72456944444444,3052.68,"http://maps.google.com/maps?q=4.634369444444444,-73.72456944444444","https://www.openstreetmap.org/query?lat=4.634369444444444&lon=-73.72456944444444"
"https://github.com/rcfdtools/R.GISMobile/tree/main/.poi/3/PXL_20230503_214412455.jpg",4.634694444444444,-73.72484722222222,3474.67,"http://maps.google.com/maps?q=4.634694444444444,-73.72484722222222","https://www.openstreetmap.org/query?lat=4.634694444444444&lon=-73.72484722222222"
"https://github.com/rcfdtools/R.GISMobile/tree/main/.poi/3/PXL_20230503_214416501.jpg",4.634694444444444,-73.72484722222222,3474.67,"http://maps.google.com/maps?q=4.634694444444444,-73.72484722222222","https://www.openstreetmap.org/query?lat=4.634694444444444&lon=-73.72484722222222"
"https://github.com/rcfdtools/R.GISMobile/tree/main/.poi/3/PXL_20230503_214439657.jpg",4.634694444444444,-73.72484722222222,3474.67,"http://maps.google.com/maps?q=4.634694444444444,-73.72484722222222","https://www.openstreetmap.org/query?lat=4.634694444444444&lon=-73.72484722222222"
"https://github.com/rcfdtools/R.GISMobile/tree/main/.poi/3/PXL_20230503_214442343.jpg",4.634694444444444,-73.72484722222222,3474.67,"http://maps.google.com/maps?q=4.634694444444444,-73.72484722222222","https://www.openstreetmap.org/query?lat=4.634694444444444&lon=-73.72484722222222"
"https://github.com/rcfdtools/R.GISMobile/tree/main/.poi/30/20201010_065709.jpg",5.0419052777777775,-74.02458202777778,3270.571,"http://maps.google.com/maps?q=5.0419052777777775,-74.02458202777778","https://www.openstreetmap.org/query?lat=5.0419052777777775&lon=-74.02458202777778"
"https://github.com/rcfdtools/R.GISMobile/tree/main/.poi/30/20201010_065711.jpg",5.0419052777777775,-74.02458202777778,3270.571,"http://maps.google.com/maps?q=5.0419052777777775,-74.02458202777778","https://www.openstreetmap.org/query?lat=5.0419052777777775&lon=-74.02458202777778"
"https://github.com/rcfdtools/R.GISMobile/tree/main/.poi/30/20201010_065715.jpg",5.0419052777777775,-74.02458202777778,3270.571,"http://maps.google.com/maps?q=5.0419052777777775,-74.02458202777778","https://www.openstreetmap.org/query?lat=5.0419052777777775&lon=-74.02458202777778"
"https://github.com/rcfdtools/R.GISMobile/tree/main/.poi/31/20221113_081432.jpg",0.0,0.0,0.0,"http://maps.google.com/maps?q=0.0,0.0","https://www.openstreetmap.org/query?lat=0.0&lon=0.0"
"https://github.com/rcfdtools/R.GISMobile/tree/main/.poi/31/20221113_083938.jpg",0.0,0.0,0.0,"http://maps.google.com/maps?q=0.0,0.0","https://www.openstreetmap.org/query?lat=0.0&lon=0.0"
"https://github.com/rcfdtools/R.GISMobile/tree/main/.poi/31/20221113_084010.jpg",0.0,0.0,0.0,"http://maps.google.com/maps?q=0.0,0.0","https://www.openstreetmap.org/query?lat=0.0&lon=0.0"
"https://github.com/rcfdtools/R.GISMobile/tree/main/.poi/31/20221113_084015.jpg",0.0,0.0,0.0,"http://maps.google.com/maps?q=0.0,0.0","https://www.openstreetmap.org/query?lat=0.0&lon=0.0"
"https://github.com/rcfdtools/R.GISMobile/tree/main/.poi/31/20221113_090112.jpg",0.0,0.0,0.0,"http://maps.google.com/maps?q=0.0,0.0","https://www.openstreetmap.org/query?lat=0.0&lon=0.0"
"https://github.com/rcfdtools/R.GISMobile/tree/main/.poi/31/20221113_090118.jpg",0.0,0.0,0.0,"http://maps.google.com/maps?q=0.0,0.0","https://www.openstreetmap.org/query?lat=0.0&lon=0.0"
"https://github.com/rcfdtools/R.GISMobile/tree/main/.poi/31/20221113_092235.jpg",0.0,0.0,0.0,"http://maps.google.com/maps?q=0.0,0.0","https://www.openstreetmap.org/query?lat=0.0&lon=0.0"
"https://github.com/rcfdtools/R.GISMobile/tree/main/.poi/31/20221113_092250.jpg",0.0,0.0,0.0,"http://maps.google.com/maps?q=0.0,0.0","https://www.openstreetmap.org/query?lat=0.0&lon=0.0"
"https://github.com/rcfdtools/R.GISMobile/tree/main/.poi/31/20221113_092252.jpg",0.0,0.0,0.0,"http://maps.google.com/maps?q=0.0,0.0","https://www.openstreetmap.org/query?lat=0.0&lon=0.0"
"https://github.com/rcfdtools/R.GISMobile/tree/main/.poi/31/20221113_100005.jpg",0.0,0.0,0.0,"http://maps.google.com/maps?q=0.0,0.0","https://www.openstreetmap.org/query?lat=0.0&lon=0.0"
"https://github.com/rcfdtools/R.GISMobile/tree/main/.poi/31/20221113_100010.jpg",0.0,0.0,0.0,"http://maps.google.com/maps?q=0.0,0.0","https://www.openstreetmap.org/query?lat=0.0&lon=0.0"
"https://github.com/rcfdtools/R.GISMobile/tree/main/.poi/31/20221113_100107.jpg",0.0,0.0,0.0,"http://maps.google.com/maps?q=0.0,0.0","https://www.openstreetmap.org/query?lat=0.0&lon=0.0"
"https://github.com/rcfdtools/R.GISMobile/tree/main/.poi/31/20221113_100140.jpg",0.0,0.0,0.0,"http://maps.google.com/maps?q=0.0,0.0","https://www.openstreetmap.org/query?lat=0.0&lon=0.0"
"https://github.com/rcfdtools/R.GISMobile/tree/main/.poi/31/20221113_100148.jpg",0.0,0.0,0.0,"http://maps.google.com/maps?q=0.0,0.0","https://www.openstreetmap.org/query?lat=0.0&lon=0.0"
"https://github.com/rcfdtools/R.GISMobile/tree/main/.poi/31/20221113_100155.jpg",0.0,0.0,0.0,"http://maps.google.com/maps?q=0.0,0.0","https://www.openstreetmap.org/query?lat=0.0&lon=0.0"
"https://github.com/rcfdtools/R.GISMobile/tree/main/.poi/31/20221113_100156.jpg",0.0,0.0,0.0,"http://maps.google.com/maps?q=0.0,0.0","https://www.openstreetmap.org/query?lat=0.0&lon=0.0"
"https://github.com/rcfdtools/R.GISMobile/tree/main/.poi/31/20221113_100500.jpg",0.0,0.0,0.0,"http://maps.google.com/maps?q=0.0,0.0","https://www.openstreetmap.org/query?lat=0.0&lon=0.0"
"https://github.com/rcfdtools/R.GISMobile/tree/main/.poi/31/20221113_100505.jpg",0.0,0.0,0.0,"http://maps.google.com/maps?q=0.0,0.0","https://www.openstreetmap.org/query?lat=0.0&lon=0.0"
"https://github.com/rcfdtools/R.GISMobile/tree/main/.poi/31/20221113_100508.jpg",0.0,0.0,0.0,"http://maps.google.com/maps?q=0.0,0.0","https://www.openstreetmap.org/query?lat=0.0&lon=0.0"
"https://github.com/rcfdtools/R.GISMobile/tree/main/.poi/31/20221113_101654.jpg",0.0,0.0,0.0,"http://maps.google.com/maps?q=0.0,0.0","https://www.openstreetmap.org/query?lat=0.0&lon=0.0"
"https://github.com/rcfdtools/R.GISMobile/tree/main/.poi/31/20221113_101700.jpg",0.0,0.0,0.0,"http://maps.google.com/maps?q=0.0,0.0","https://www.openstreetmap.org/query?lat=0.0&lon=0.0"
"https://github.com/rcfdtools/R.GISMobile/tree/main/.poi/31/20221113_103734.jpg",0.0,0.0,0.0,"http://maps.google.com/maps?q=0.0,0.0","https://www.openstreetmap.org/query?lat=0.0&lon=0.0"
"https://github.com/rcfdtools/R.GISMobile/tree/main/.poi/31/20221113_103743.jpg",0.0,0.0,0.0,"http://maps.google.com/maps?q=0.0,0.0","https://www.openstreetmap.org/query?lat=0.0&lon=0.0"
"https://github.com/rcfdtools/R.GISMobile/tree/main/.poi/31/20221113_105340.jpg",0.0,0.0,0.0,"http://maps.google.com/maps?q=0.0,0.0","https://www.openstreetmap.org/query?lat=0.0&lon=0.0"
"https://github.com/rcfdtools/R.GISMobile/tree/main/.poi/31/IMG_2307.JPG",5.042255555555555,-74.11806388888888,2902.3476394849786,"http://maps.google.com/maps?q=5.042255555555555,-74.11806388888888","https://www.openstreetmap.org/query?lat=5.042255555555555&lon=-74.11806388888888"
"https://github.com/rcfdtools/R.GISMobile/tree/main/.poi/31/IMG_2308.JPG",5.0422666666666665,-74.11803333333333,3154.477519379845,"http://maps.google.com/maps?q=5.0422666666666665,-74.11803333333333","https://www.openstreetmap.org/query?lat=5.0422666666666665&lon=-74.11803333333333"
"https://github.com/rcfdtools/R.GISMobile/tree/main/.poi/31/IMG_2309.JPG",5.042258333333333,-74.11803333333333,3155.740099009901,"http://maps.google.com/maps?q=5.042258333333333,-74.11803333333333","https://www.openstreetmap.org/query?lat=5.042258333333333&lon=-74.11803333333333"
"https://github.com/rcfdtools/R.GISMobile/tree/main/.poi/31/IMG_2310.JPG",5.042258333333333,-74.11804166666666,3154.2574568288856,"http://maps.google.com/maps?q=5.042258333333333,-74.11804166666666","https://www.openstreetmap.org/query?lat=5.042258333333333&lon=-74.11804166666666"
"https://github.com/rcfdtools/R.GISMobile/tree/main/.poi/31/IMG_2311.JPG",5.042263888888889,-74.11803333333333,3155.371052631579,"http://maps.google.com/maps?q=5.042263888888889,-74.11803333333333","https://www.openstreetmap.org/query?lat=5.042263888888889&lon=-74.11803333333333"
"https://github.com/rcfdtools/R.GISMobile/tree/main/.poi/31/IMG_2312.JPG",5.042263888888889,-74.11803333333333,3155.6251097453905,"http://maps.google.com/maps?q=5.042263888888889,-74.11803333333333","https://www.openstreetmap.org/query?lat=5.042263888888889&lon=-74.11803333333333"
"https://github.com/rcfdtools/R.GISMobile/tree/main/.poi/31/IMG_2313.JPG",5.042261111111111,-74.11804166666666,3155.9717314487634,"http://maps.google.com/maps?q=5.042261111111111,-74.11804166666666","https://www.openstreetmap.org/query?lat=5.042261111111111&lon=-74.11804166666666"
"https://github.com/rcfdtools/R.GISMobile/tree/main/.poi/31/IMG_2314.JPG",5.042263888888889,-74.11805,3155.8731117824773,"http://maps.google.com/maps?q=5.042263888888889,-74.11805","https://www.openstreetmap.org/query?lat=5.042263888888889&lon=-74.11805"
"https://github.com/rcfdtools/R.GISMobile/tree/main/.poi/31/IMG_2315.JPG",5.042261111111111,-74.11805,3155.400921658986,"http://maps.google.com/maps?q=5.042261111111111,-74.11805","https://www.openstreetmap.org/query?lat=5.042261111111111&lon=-74.11805"
"https://github.com/rcfdtools/R.GISMobile/tree/main/.poi/31/IMG_2318.JPG",5.041547222222222,-74.1181861111111,2942.7647120091656,"http://maps.google.com/maps?q=5.041547222222222,-74.1181861111111","https://www.openstreetmap.org/query?lat=5.041547222222222&lon=-74.1181861111111"
"https://github.com/rcfdtools/R.GISMobile/tree/main/.poi/31/IMG_2319.JPG",5.0415777777777775,-74.11818055555555,3137.7647754137115,"http://maps.google.com/maps?q=5.0415777777777775,-74.11818055555555","https://www.openstreetmap.org/query?lat=5.0415777777777775&lon=-74.11818055555555"
"https://github.com/rcfdtools/R.GISMobile/tree/main/.poi/31/IMG_2320.JPG",5.041558333333334,-74.11818055555555,3141.6892430278886,"http://maps.google.com/maps?q=5.041558333333334,-74.11818055555555","https://www.openstreetmap.org/query?lat=5.041558333333334&lon=-74.11818055555555"
"https://github.com/rcfdtools/R.GISMobile/tree/main/.poi/31/IMG_2321.JPG",5.041597222222222,-74.11847777777777,3136.137214137214,"http://maps.google.com/maps?q=5.041597222222222,-74.11847777777777","https://www.openstreetmap.org/query?lat=5.041597222222222&lon=-74.11847777777777"
"https://github.com/rcfdtools/R.GISMobile/tree/main/.poi/31/IMG_2322.JPG",5.041572222222222,-74.1185,3144.518737672584,"http://maps.google.com/maps?q=5.041572222222222,-74.1185","https://www.openstreetmap.org/query?lat=5.041572222222222&lon=-74.1185"
"https://github.com/rcfdtools/R.GISMobile/tree/main/.poi/31/IMG_2323.JPG",5.041563888888889,-74.11847777777777,3141.4767358625627,"http://maps.google.com/maps?q=5.041563888888889,-74.11847777777777","https://www.openstreetmap.org/query?lat=5.041563888888889&lon=-74.11847777777777"
"https://github.com/rcfdtools/R.GISMobile/tree/main/.poi/31/IMG_2324.JPG",5.041566666666666,-74.11847777777777,3142.1560913705584,"http://maps.google.com/maps?q=5.041566666666666,-74.11847777777777","https://www.openstreetmap.org/query?lat=5.041566666666666&lon=-74.11847777777777"
"https://github.com/rcfdtools/R.GISMobile/tree/main/.poi/31/IMG_2325.JPG",5.042136111111111,-74.11699722222221,2783.336141533277,"http://maps.google.com/maps?q=5.042136111111111,-74.11699722222221","https://www.openstreetmap.org/query?lat=5.042136111111111&lon=-74.11699722222221"
"https://github.com/rcfdtools/R.GISMobile/tree/main/.poi/31/IMG_2326.JPG",5.042133333333333,-74.11699722222221,2801.0400390625,"http://maps.google.com/maps?q=5.042133333333333,-74.11699722222221","https://www.openstreetmap.org/query?lat=5.042133333333333&lon=-74.11699722222221"
"https://github.com/rcfdtools/R.GISMobile/tree/main/.poi/31/IMG_2327.JPG",5.042344444444445,-74.11821666666665,3156.529300567108,"http://maps.google.com/maps?q=5.042344444444445,-74.11821666666665","https://www.openstreetmap.org/query?lat=5.042344444444445&lon=-74.11821666666665"
"https://github.com/rcfdtools/R.GISMobile/tree/main/.poi/35/20200105_125846.jpg",0.0,0.0,0.0,"http://maps.google.com/maps?q=0.0,0.0","https://www.openstreetmap.org/query?lat=0.0&lon=0.0"
"https://github.com/rcfdtools/R.GISMobile/tree/main/.poi/35/20200105_130055.jpg",0.0,0.0,0.0,"http://maps.google.com/maps?q=0.0,0.0","https://www.openstreetmap.org/query?lat=0.0&lon=0.0"
"https://github.com/rcfdtools/R.GISMobile/tree/main/.poi/35/20200105_130059.jpg",0.0,0.0,0.0,"http://maps.google.com/maps?q=0.0,0.0","https://www.openstreetmap.org/query?lat=0.0&lon=0.0"
"https://github.com/rcfdtools/R.GISMobile/tree/main/.poi/35/20200105_130153.jpg",0.0,0.0,0.0,"http://maps.google.com/maps?q=0.0,0.0","https://www.openstreetmap.org/query?lat=0.0&lon=0.0"
"https://github.com/rcfdtools/R.GISMobile/tree/main/.poi/35/20200105_130205.jpg",0.0,0.0,0.0,"http://maps.google.com/maps?q=0.0,0.0","https://www.openstreetmap.org/query?lat=0.0&lon=0.0"
"https://github.com/rcfdtools/R.GISMobile/tree/main/.poi/35/20200105_130336.jpg",0.0,0.0,0.0,"http://maps.google.com/maps?q=0.0,0.0","https://www.openstreetmap.org/query?lat=0.0&lon=0.0"
"https://github.com/rcfdtools/R.GISMobile/tree/main/.poi/35/20200105_130340.jpg",0.0,0.0,0.0,"http://maps.google.com/maps?q=0.0,0.0","https://www.openstreetmap.org/query?lat=0.0&lon=0.0"
"https://github.com/rcfdtools/R.GISMobile/tree/main/.poi/35/20200105_130342.jpg",0.0,0.0,0.0,"http://maps.google.com/maps?q=0.0,0.0","https://www.openstreetmap.org/query?lat=0.0&lon=0.0"
"https://github.com/rcfdtools/R.GISMobile/tree/main/.poi/35/20200105_130346.jpg",0.0,0.0,0.0,"http://maps.google.com/maps?q=0.0,0.0","https://www.openstreetmap.org/query?lat=0.0&lon=0.0"
"https://github.com/rcfdtools/R.GISMobile/tree/main/.poi/35/20200105_130350.jpg",0.0,0.0,0.0,"http://maps.google.com/maps?q=0.0,0.0","https://www.openstreetmap.org/query?lat=0.0&lon=0.0"
"https://github.com/rcfdtools/R.GISMobile/tree/main/.poi/36/2013-07-0316.46.26.jpg",9.5348931,-73.4835645,51.49,"http://maps.google.com/maps?q=9.5348931,-73.4835645","https://www.openstreetmap.org/query?lat=9.5348931&lon=-73.4835645"
"https://github.com/rcfdtools/R.GISMobile/tree/main/.poi/36/2013-07-0316.46.29.jpg",9.5348931,-73.4835645,51.49,"http://maps.google.com/maps?q=9.5348931,-73.4835645","https://www.openstreetmap.org/query?lat=9.5348931&lon=-73.4835645"
"https://github.com/rcfdtools/R.GISMobile/tree/main/.poi/36/2013-07-0316.46.32.jpg",9.5348931,-73.4835645,51.49,"http://maps.google.com/maps?q=9.5348931,-73.4835645","https://www.openstreetmap.org/query?lat=9.5348931&lon=-73.4835645"
"https://github.com/rcfdtools/R.GISMobile/tree/main/.poi/36/2013-07-0316.46.34.jpg",9.5348931,-73.4835645,51.49,"http://maps.google.com/maps?q=9.5348931,-73.4835645","https://www.openstreetmap.org/query?lat=9.5348931&lon=-73.4835645"
"https://github.com/rcfdtools/R.GISMobile/tree/main/.poi/36/2013-07-0316.46.43.jpg",9.5348931,-73.4835645,51.49,"http://maps.google.com/maps?q=9.5348931,-73.4835645","https://www.openstreetmap.org/query?lat=9.5348931&lon=-73.4835645"
"https://github.com/rcfdtools/R.GISMobile/tree/main/.poi/36/2013-07-0408.54.52.jpg",9.5384802,-73.5215662,39.24,"http://maps.google.com/maps?q=9.5384802,-73.5215662","https://www.openstreetmap.org/query?lat=9.5384802&lon=-73.5215662"
"https://github.com/rcfdtools/R.GISMobile/tree/main/.poi/36/2013-07-0408.55.15.jpg",9.5384802,-73.5215662,39.24,"http://maps.google.com/maps?q=9.5384802,-73.5215662","https://www.openstreetmap.org/query?lat=9.5384802&lon=-73.5215662"
"https://github.com/rcfdtools/R.GISMobile/tree/main/.poi/36/2013-07-0408.58.04.jpg",9.5384264,-73.5215579,40.13,"http://maps.google.com/maps?q=9.5384264,-73.5215579","https://www.openstreetmap.org/query?lat=9.5384264&lon=-73.5215579"
"https://github.com/rcfdtools/R.GISMobile/tree/main/.poi/36/2013-07-0408.58.24.jpg",9.5384264,-73.5215579,40.13,"http://maps.google.com/maps?q=9.5384264,-73.5215579","https://www.openstreetmap.org/query?lat=9.5384264&lon=-73.5215579"
"https://github.com/rcfdtools/R.GISMobile/tree/main/.poi/36/2013-07-0408.58.43.jpg",9.5384264,-73.5215579,40.13,"http://maps.google.com/maps?q=9.5384264,-73.5215579","https://www.openstreetmap.org/query?lat=9.5384264&lon=-73.5215579"
"https://github.com/rcfdtools/R.GISMobile/tree/main/.poi/36/2013-07-0408.58.48.jpg",9.5384264,-73.5215579,40.13,"http://maps.google.com/maps?q=9.5384264,-73.5215579","https://www.openstreetmap.org/query?lat=9.5384264&lon=-73.5215579"
"https://github.com/rcfdtools/R.GISMobile/tree/main/.poi/36/2013-07-0408.58.52.jpg",9.5384264,-73.5215579,40.13,"http://maps.google.com/maps?q=9.5384264,-73.5215579","https://www.openstreetmap.org/query?lat=9.5384264&lon=-73.5215579"
"https://github.com/rcfdtools/R.GISMobile/tree/main/.poi/36/2013-07-0408.59.56.jpg",9.5384264,-73.5215579,40.13,"http://maps.google.com/maps?q=9.5384264,-73.5215579","https://www.openstreetmap.org/query?lat=9.5384264&lon=-73.5215579"
"https://github.com/rcfdtools/R.GISMobile/tree/main/.poi/36/2013-07-0409.00.00.jpg",9.5381873,-73.5215483,77.59,"http://maps.google.com/maps?q=9.5381873,-73.5215483","https://www.openstreetmap.org/query?lat=9.5381873&lon=-73.5215483"
"https://github.com/rcfdtools/R.GISMobile/tree/main/.poi/36/2013-07-0409.00.06.jpg",9.5381873,-73.5215483,77.59,"http://maps.google.com/maps?q=9.5381873,-73.5215483","https://www.openstreetmap.org/query?lat=9.5381873&lon=-73.5215483"
"https://github.com/rcfdtools/R.GISMobile/tree/main/.poi/36/2013-07-0409.00.11.jpg",9.5381873,-73.5215483,77.59,"http://maps.google.com/maps?q=9.5381873,-73.5215483","https://www.openstreetmap.org/query?lat=9.5381873&lon=-73.5215483"
"https://github.com/rcfdtools/R.GISMobile/tree/main/.poi/36/2013-07-0409.00.17.jpg",9.5381873,-73.5215483,77.59,"http://maps.google.com/maps?q=9.5381873,-73.5215483","https://www.openstreetmap.org/query?lat=9.5381873&lon=-73.5215483"
"https://github.com/rcfdtools/R.GISMobile/tree/main/.poi/36/2013-07-0409.41.06.jpg",9.5381873,-73.5215483,77.59,"http://maps.google.com/maps?q=9.5381873,-73.5215483","https://www.openstreetmap.org/query?lat=9.5381873&lon=-73.5215483"
"https://github.com/rcfdtools/R.GISMobile/tree/main/.poi/36/2013-07-0409.53.16.jpg",9.5468784,-73.5108385,47.31,"http://maps.google.com/maps?q=9.5468784,-73.5108385","https://www.openstreetmap.org/query?lat=9.5468784&lon=-73.5108385"
"https://github.com/rcfdtools/R.GISMobile/tree/main/.poi/36/2013-07-0409.53.20.jpg",9.5468784,-73.5108385,47.31,"http://maps.google.com/maps?q=9.5468784,-73.5108385","https://www.openstreetmap.org/query?lat=9.5468784&lon=-73.5108385"
"https://github.com/rcfdtools/R.GISMobile/tree/main/.poi/36/2013-07-0409.53.22.jpg",9.5468784,-73.5108385,47.31,"http://maps.google.com/maps?q=9.5468784,-73.5108385","https://www.openstreetmap.org/query?lat=9.5468784&lon=-73.5108385"
"https://github.com/rcfdtools/R.GISMobile/tree/main/.poi/36/2013-07-0409.53.26.jpg",9.5468784,-73.5108385,47.31,"http://maps.google.com/maps?q=9.5468784,-73.5108385","https://www.openstreetmap.org/query?lat=9.5468784&lon=-73.5108385"
"https://github.com/rcfdtools/R.GISMobile/tree/main/.poi/36/2013-07-0415.40.54.jpg",10.477632,-73.2438307,151.67,"http://maps.google.com/maps?q=10.477632,-73.2438307","https://www.openstreetmap.org/query?lat=10.477632&lon=-73.2438307"
"https://github.com/rcfdtools/R.GISMobile/tree/main/.poi/36/2013-07-0415.40.58.jpg",10.477632,-73.2438307,151.67,"http://maps.google.com/maps?q=10.477632,-73.2438307","https://www.openstreetmap.org/query?lat=10.477632&lon=-73.2438307"
"https://github.com/rcfdtools/R.GISMobile/tree/main/.poi/36/2013-07-0415.41.17.jpg",10.477632,-73.2438307,151.67,"http://maps.google.com/maps?q=10.477632,-73.2438307","https://www.openstreetmap.org/query?lat=10.477632&lon=-73.2438307"
"https://github.com/rcfdtools/R.GISMobile/tree/main/.poi/38/20220425_171528.jpg",0.0,0.0,0.0,"http://maps.google.com/maps?q=0.0,0.0","https://www.openstreetmap.org/query?lat=0.0&lon=0.0"
"https://github.com/rcfdtools/R.GISMobile/tree/main/.poi/38/20220425_171624.jpg",0.0,0.0,0.0,"http://maps.google.com/maps?q=0.0,0.0","https://www.openstreetmap.org/query?lat=0.0&lon=0.0"
"https://github.com/rcfdtools/R.GISMobile/tree/main/.poi/38/20220425_171625.jpg",0.0,0.0,0.0,"http://maps.google.com/maps?q=0.0,0.0","https://www.openstreetmap.org/query?lat=0.0&lon=0.0"
"https://github.com/rcfdtools/R.GISMobile/tree/main/.poi/38/20220425_171630.jpg",0.0,0.0,0.0,"http://maps.google.com/maps?q=0.0,0.0","https://www.openstreetmap.org/query?lat=0.0&lon=0.0"
"https://github.com/rcfdtools/R.GISMobile/tree/main/.poi/38/20220425_171634.jpg",0.0,0.0,0.0,"http://maps.google.com/maps?q=0.0,0.0","https://www.openstreetmap.org/query?lat=0.0&lon=0.0"
"https://github.com/rcfdtools/R.GISMobile/tree/main/.poi/38/20220426_134914.jpg",0.0,0.0,0.0,"http://maps.google.com/maps?q=0.0,0.0","https://www.openstreetmap.org/query?lat=0.0&lon=0.0"
"https://github.com/rcfdtools/R.GISMobile/tree/main/.poi/38/20220426_134953.jpg",0.0,0.0,0.0,"http://maps.google.com/maps?q=0.0,0.0","https://www.openstreetmap.org/query?lat=0.0&lon=0.0"
"https://github.com/rcfdtools/R.GISMobile/tree/main/.poi/38/20220426_135020.jpg",0.0,0.0,0.0,"http://maps.google.com/maps?q=0.0,0.0","https://www.openstreetmap.org/query?lat=0.0&lon=0.0"
"https://github.com/rcfdtools/R.GISMobile/tree/main/.poi/38/20220426_135042.jpg",0.0,0.0,0.0,"http://maps.google.com/maps?q=0.0,0.0","https://www.openstreetmap.org/query?lat=0.0&lon=0.0"
"https://github.com/rcfdtools/R.GISMobile/tree/main/.poi/38/20220426_135050.jpg",0.0,0.0,0.0,"http://maps.google.com/maps?q=0.0,0.0","https://www.openstreetmap.org/query?lat=0.0&lon=0.0"
"https://github.com/rcfdtools/R.GISMobile/tree/main/.poi/38/20220426_135111.jpg",0.0,0.0,0.0,"http://maps.google.com/maps?q=0.0,0.0","https://www.openstreetmap.org/query?lat=0.0&lon=0.0"
"https://github.com/rcfdtools/R.GISMobile/tree/main/.poi/38/20220426_135718.jpg",0.0,0.0,0.0,"http://maps.google.com/maps?q=0.0,0.0","https://www.openstreetmap.org/query?lat=0.0&lon=0.0"
"https://github.com/rcfdtools/R.GISMobile/tree/main/.poi/38/20220426_135727.jpg",0.0,0.0,0.0,"http://maps.google.com/maps?q=0.0,0.0","https://www.openstreetmap.org/query?lat=0.0&lon=0.0"
"https://github.com/rcfdtools/R.GISMobile/tree/main/.poi/38/20220426_140311.jpg",0.0,0.0,0.0,"http://maps.google.com/maps?q=0.0,0.0","https://www.openstreetmap.org/query?lat=0.0&lon=0.0"
"https://github.com/rcfdtools/R.GISMobile/tree/main/.poi/38/20220426_140447.jpg",0.0,0.0,0.0,"http://maps.google.com/maps?q=0.0,0.0","https://www.openstreetmap.org/query?lat=0.0&lon=0.0"
"https://github.com/rcfdtools/R.GISMobile/tree/main/.poi/38/20220426_141416.jpg",0.0,0.0,0.0,"http://maps.google.com/maps?q=0.0,0.0","https://www.openstreetmap.org/query?lat=0.0&lon=0.0"
"https://github.com/rcfdtools/R.GISMobile/tree/main/.poi/38/20220426_141515.jpg",0.0,0.0,0.0,"http://maps.google.com/maps?q=0.0,0.0","https://www.openstreetmap.org/query?lat=0.0&lon=0.0"
"https://github.com/rcfdtools/R.GISMobile/tree/main/.poi/38/20220426_141519.jpg",0.0,0.0,0.0,"http://maps.google.com/maps?q=0.0,0.0","https://www.openstreetmap.org/query?lat=0.0&lon=0.0"
"https://github.com/rcfdtools/R.GISMobile/tree/main/.poi/38/20220426_142419.jpg",0.0,0.0,0.0,"http://maps.google.com/maps?q=0.0,0.0","https://www.openstreetmap.org/query?lat=0.0&lon=0.0"
"https://github.com/rcfdtools/R.GISMobile/tree/main/.poi/38/20220426_142421.jpg",0.0,0.0,0.0,"http://maps.google.com/maps?q=0.0,0.0","https://www.openstreetmap.org/query?lat=0.0&lon=0.0"
"https://github.com/rcfdtools/R.GISMobile/tree/main/.poi/38/20220426_142424.jpg",0.0,0.0,0.0,"http://maps.google.com/maps?q=0.0,0.0","https://www.openstreetmap.org/query?lat=0.0&lon=0.0"
"https://github.com/rcfdtools/R.GISMobile/tree/main/.poi/38/20220426_142451.jpg",0.0,0.0,0.0,"http://maps.google.com/maps?q=0.0,0.0","https://www.openstreetmap.org/query?lat=0.0&lon=0.0"
"https://github.com/rcfdtools/R.GISMobile/tree/main/.poi/38/20220426_144305.jpg",0.0,0.0,0.0,"http://maps.google.com/maps?q=0.0,0.0","https://www.openstreetmap.org/query?lat=0.0&lon=0.0"
"https://github.com/rcfdtools/R.GISMobile/tree/main/.poi/38/20220426_144308.jpg",0.0,0.0,0.0,"http://maps.google.com/maps?q=0.0,0.0","https://www.openstreetmap.org/query?lat=0.0&lon=0.0"
"https://github.com/rcfdtools/R.GISMobile/tree/main/.poi/38/20220426_144310.jpg",0.0,0.0,0.0,"http://maps.google.com/maps?q=0.0,0.0","https://www.openstreetmap.org/query?lat=0.0&lon=0.0"
"https://github.com/rcfdtools/R.GISMobile/tree/main/.poi/38/20220426_150208.jpg",0.0,0.0,0.0,"http://maps.google.com/maps?q=0.0,0.0","https://www.openstreetmap.org/query?lat=0.0&lon=0.0"
"https://github.com/rcfdtools/R.GISMobile/tree/main/.poi/38/20220426_150211.jpg",0.0,0.0,0.0,"http://maps.google.com/maps?q=0.0,0.0","https://www.openstreetmap.org/query?lat=0.0&lon=0.0"
"https://github.com/rcfdtools/R.GISMobile/tree/main/.poi/38/20220426_152139.jpg",0.0,0.0,0.0,"http://maps.google.com/maps?q=0.0,0.0","https://www.openstreetmap.org/query?lat=0.0&lon=0.0"
"https://github.com/rcfdtools/R.GISMobile/tree/main/.poi/38/20220426_152142.jpg",0.0,0.0,0.0,"http://maps.google.com/maps?q=0.0,0.0","https://www.openstreetmap.org/query?lat=0.0&lon=0.0"
"https://github.com/rcfdtools/R.GISMobile/tree/main/.poi/38/20220426_152159.jpg",0.0,0.0,0.0,"http://maps.google.com/maps?q=0.0,0.0","https://www.openstreetmap.org/query?lat=0.0&lon=0.0"
"https://github.com/rcfdtools/R.GISMobile/tree/main/.poi/38/20220426_152204.jpg",0.0,0.0,0.0,"http://maps.google.com/maps?q=0.0,0.0","https://www.openstreetmap.org/query?lat=0.0&lon=0.0"
"https://github.com/rcfdtools/R.GISMobile/tree/main/.poi/38/20220426_152206.jpg",0.0,0.0,0.0,"http://maps.google.com/maps?q=0.0,0.0","https://www.openstreetmap.org/query?lat=0.0&lon=0.0"
"https://github.com/rcfdtools/R.GISMobile/tree/main/.poi/38/20220426_152310.jpg",0.0,0.0,0.0,"http://maps.google.com/maps?q=0.0,0.0","https://www.openstreetmap.org/query?lat=0.0&lon=0.0"
"https://github.com/rcfdtools/R.GISMobile/tree/main/.poi/38/20220426_153737.jpg",0.0,0.0,0.0,"http://maps.google.com/maps?q=0.0,0.0","https://www.openstreetmap.org/query?lat=0.0&lon=0.0"
"https://github.com/rcfdtools/R.GISMobile/tree/main/.poi/38/20220426_153741.jpg",0.0,0.0,0.0,"http://maps.google.com/maps?q=0.0,0.0","https://www.openstreetmap.org/query?lat=0.0&lon=0.0"
"https://github.com/rcfdtools/R.GISMobile/tree/main/.poi/38/20220426_155050.jpg",0.0,0.0,0.0,"http://maps.google.com/maps?q=0.0,0.0","https://www.openstreetmap.org/query?lat=0.0&lon=0.0"
"https://github.com/rcfdtools/R.GISMobile/tree/main/.poi/38/20220426_155055.jpg",0.0,0.0,0.0,"http://maps.google.com/maps?q=0.0,0.0","https://www.openstreetmap.org/query?lat=0.0&lon=0.0"
"https://github.com/rcfdtools/R.GISMobile/tree/main/.poi/38/20220427_084023.jpg",0.0,0.0,0.0,"http://maps.google.com/maps?q=0.0,0.0","https://www.openstreetmap.org/query?lat=0.0&lon=0.0"
"https://github.com/rcfdtools/R.GISMobile/tree/main/.poi/38/20220427_084135.jpg",0.0,0.0,0.0,"http://maps.google.com/maps?q=0.0,0.0","https://www.openstreetmap.org/query?lat=0.0&lon=0.0"
"https://github.com/rcfdtools/R.GISMobile/tree/main/.poi/38/20220427_084139.jpg",0.0,0.0,0.0,"http://maps.google.com/maps?q=0.0,0.0","https://www.openstreetmap.org/query?lat=0.0&lon=0.0"
"https://github.com/rcfdtools/R.GISMobile/tree/main/.poi/38/20220427_084822.jpg",0.0,0.0,0.0,"http://maps.google.com/maps?q=0.0,0.0","https://www.openstreetmap.org/query?lat=0.0&lon=0.0"
"https://github.com/rcfdtools/R.GISMobile/tree/main/.poi/38/20220427_084830.jpg",0.0,0.0,0.0,"http://maps.google.com/maps?q=0.0,0.0","https://www.openstreetmap.org/query?lat=0.0&lon=0.0"
"https://github.com/rcfdtools/R.GISMobile/tree/main/.poi/38/20220427_084837.jpg",0.0,0.0,0.0,"http://maps.google.com/maps?q=0.0,0.0","https://www.openstreetmap.org/query?lat=0.0&lon=0.0"
"https://github.com/rcfdtools/R.GISMobile/tree/main/.poi/38/20220427_084929.jpg",0.0,0.0,0.0,"http://maps.google.com/maps?q=0.0,0.0","https://www.openstreetmap.org/query?lat=0.0&lon=0.0"
"https://github.com/rcfdtools/R.GISMobile/tree/main/.poi/38/20220427_084932.jpg",0.0,0.0,0.0,"http://maps.google.com/maps?q=0.0,0.0","https://www.openstreetmap.org/query?lat=0.0&lon=0.0"
"https://github.com/rcfdtools/R.GISMobile/tree/main/.poi/38/20220427_084935.jpg",0.0,0.0,0.0,"http://maps.google.com/maps?q=0.0,0.0","https://www.openstreetmap.org/query?lat=0.0&lon=0.0"
"https://github.com/rcfdtools/R.GISMobile/tree/main/.poi/38/20220427_093013.jpg",0.0,0.0,0.0,"http://maps.google.com/maps?q=0.0,0.0","https://www.openstreetmap.org/query?lat=0.0&lon=0.0"
"https://github.com/rcfdtools/R.GISMobile/tree/main/.poi/38/20220427_093016.jpg",0.0,0.0,0.0,"http://maps.google.com/maps?q=0.0,0.0","https://www.openstreetmap.org/query?lat=0.0&lon=0.0"
"https://github.com/rcfdtools/R.GISMobile/tree/main/.poi/39/20190521_122254.jpg",0.0,0.0,0.0,"http://maps.google.com/maps?q=0.0,0.0","https://www.openstreetmap.org/query?lat=0.0&lon=0.0"
"https://github.com/rcfdtools/R.GISMobile/tree/main/.poi/39/20190521_122518.jpg",0.0,0.0,0.0,"http://maps.google.com/maps?q=0.0,0.0","https://www.openstreetmap.org/query?lat=0.0&lon=0.0"
"https://github.com/rcfdtools/R.GISMobile/tree/main/.poi/39/20190521_122525.jpg",0.0,0.0,0.0,"http://maps.google.com/maps?q=0.0,0.0","https://www.openstreetmap.org/query?lat=0.0&lon=0.0"
"https://github.com/rcfdtools/R.GISMobile/tree/main/.poi/39/20190521_122554.jpg",0.0,0.0,0.0,"http://maps.google.com/maps?q=0.0,0.0","https://www.openstreetmap.org/query?lat=0.0&lon=0.0"
"https://github.com/rcfdtools/R.GISMobile/tree/main/.poi/39/20190521_122718.jpg",0.0,0.0,0.0,"http://maps.google.com/maps?q=0.0,0.0","https://www.openstreetmap.org/query?lat=0.0&lon=0.0"
"https://github.com/rcfdtools/R.GISMobile/tree/main/.poi/39/20190521_122748.jpg",0.0,0.0,0.0,"http://maps.google.com/maps?q=0.0,0.0","https://www.openstreetmap.org/query?lat=0.0&lon=0.0"
"https://github.com/rcfdtools/R.GISMobile/tree/main/.poi/39/20190521_122819.jpg",0.0,0.0,0.0,"http://maps.google.com/maps?q=0.0,0.0","https://www.openstreetmap.org/query?lat=0.0&lon=0.0"
"https://github.com/rcfdtools/R.GISMobile/tree/main/.poi/39/20190521_132502.jpg",0.0,0.0,0.0,"http://maps.google.com/maps?q=0.0,0.0","https://www.openstreetmap.org/query?lat=0.0&lon=0.0"
"https://github.com/rcfdtools/R.GISMobile/tree/main/.poi/39/20190521_132504.jpg",0.0,0.0,0.0,"http://maps.google.com/maps?q=0.0,0.0","https://www.openstreetmap.org/query?lat=0.0&lon=0.0"
"https://github.com/rcfdtools/R.GISMobile/tree/main/.poi/39/20190521_132507.jpg",0.0,0.0,0.0,"http://maps.google.com/maps?q=0.0,0.0","https://www.openstreetmap.org/query?lat=0.0&lon=0.0"
"https://github.com/rcfdtools/R.GISMobile/tree/main/.poi/39/20190521_132509.jpg",0.0,0.0,0.0,"http://maps.google.com/maps?q=0.0,0.0","https://www.openstreetmap.org/query?lat=0.0&lon=0.0"
"https://github.com/rcfdtools/R.GISMobile/tree/main/.poi/39/20190521_132625.jpg",37.166954499999996,-108.49288638888889,2057.504,"http://maps.google.com/maps?q=37.166954499999996,-108.49288638888889","https://www.openstreetmap.org/query?lat=37.166954499999996&lon=-108.49288638888889"
"https://github.com/rcfdtools/R.GISMobile/tree/main/.poi/39/20190521_132630.jpg",37.166954499999996,-108.49288638888889,2057.504,"http://maps.google.com/maps?q=37.166954499999996,-108.49288638888889","https://www.openstreetmap.org/query?lat=37.166954499999996&lon=-108.49288638888889"
"https://github.com/rcfdtools/R.GISMobile/tree/main/.poi/39/20190521_132637.jpg",37.166954499999996,-108.49288638888889,2057.504,"http://maps.google.com/maps?q=37.166954499999996,-108.49288638888889","https://www.openstreetmap.org/query?lat=37.166954499999996&lon=-108.49288638888889"
"https://github.com/rcfdtools/R.GISMobile/tree/main/.poi/39/20190521_132642.jpg",37.166954499999996,-108.49288638888889,2057.504,"http://maps.google.com/maps?q=37.166954499999996,-108.49288638888889","https://www.openstreetmap.org/query?lat=37.166954499999996&lon=-108.49288638888889"
"https://github.com/rcfdtools/R.GISMobile/tree/main/.poi/39/20190521_133452.jpg",37.16578558333333,-108.49157130555555,2062.777,"http://maps.google.com/maps?q=37.16578558333333,-108.49157130555555","https://www.openstreetmap.org/query?lat=37.16578558333333&lon=-108.49157130555555"
"https://github.com/rcfdtools/R.GISMobile/tree/main/.poi/39/20190521_133455.jpg",37.16578558333333,-108.49157130555555,2062.777,"http://maps.google.com/maps?q=37.16578558333333,-108.49157130555555","https://www.openstreetmap.org/query?lat=37.16578558333333&lon=-108.49157130555555"
"https://github.com/rcfdtools/R.GISMobile/tree/main/.poi/39/20190521_133501.jpg",37.16578558333333,-108.49157130555555,2062.777,"http://maps.google.com/maps?q=37.16578558333333,-108.49157130555555","https://www.openstreetmap.org/query?lat=37.16578558333333&lon=-108.49157130555555"
"https://github.com/rcfdtools/R.GISMobile/tree/main/.poi/39/20190521_133506.jpg",37.16578558333333,-108.49157130555555,2062.777,"http://maps.google.com/maps?q=37.16578558333333,-108.49157130555555","https://www.openstreetmap.org/query?lat=37.16578558333333&lon=-108.49157130555555"
"https://github.com/rcfdtools/R.GISMobile/tree/main/.poi/39/20190521_133509.jpg",37.16578558333333,-108.49157130555555,2062.777,"http://maps.google.com/maps?q=37.16578558333333,-108.49157130555555","https://www.openstreetmap.org/query?lat=37.16578558333333&lon=-108.49157130555555"
"https://github.com/rcfdtools/R.GISMobile/tree/main/.poi/39/20190521_133513.jpg",37.16578558333333,-108.49157130555555,2062.777,"http://maps.google.com/maps?q=37.16578558333333,-108.49157130555555","https://www.openstreetmap.org/query?lat=37.16578558333333&lon=-108.49157130555555"
"https://github.com/rcfdtools/R.GISMobile/tree/main/.poi/39/20190521_133538.jpg",37.165877916666666,-108.49140716666666,2072.807,"http://maps.google.com/maps?q=37.165877916666666,-108.49140716666666","https://www.openstreetmap.org/query?lat=37.165877916666666&lon=-108.49140716666666"
"https://github.com/rcfdtools/R.GISMobile/tree/main/.poi/39/20190521_133543.jpg",37.165877916666666,-108.49140716666666,2072.807,"http://maps.google.com/maps?q=37.165877916666666,-108.49140716666666","https://www.openstreetmap.org/query?lat=37.165877916666666&lon=-108.49140716666666"
"https://github.com/rcfdtools/R.GISMobile/tree/main/.poi/39/20190521_133635.jpg",37.165802194444446,-108.49146708333333,2068.949,"http://maps.google.com/maps?q=37.165802194444446,-108.49146708333333","https://www.openstreetmap.org/query?lat=37.165802194444446&lon=-108.49146708333333"
"https://github.com/rcfdtools/R.GISMobile/tree/main/.poi/39/20190521_133646.jpg",37.165802194444446,-108.49146708333333,2068.949,"http://maps.google.com/maps?q=37.165802194444446,-108.49146708333333","https://www.openstreetmap.org/query?lat=37.165802194444446&lon=-108.49146708333333"
"https://github.com/rcfdtools/R.GISMobile/tree/main/.poi/39/20190521_133722.jpg",37.165782138888886,-108.49154641666667,2063.954,"http://maps.google.com/maps?q=37.165782138888886,-108.49154641666667","https://www.openstreetmap.org/query?lat=37.165782138888886&lon=-108.49154641666667"
"https://github.com/rcfdtools/R.GISMobile/tree/main/.poi/39/20190521_134520.jpg",37.16344997222222,-108.48380227777778,2085.062,"http://maps.google.com/maps?q=37.16344997222222,-108.48380227777778","https://www.openstreetmap.org/query?lat=37.16344997222222&lon=-108.48380227777778"
"https://github.com/rcfdtools/R.GISMobile/tree/main/.poi/39/20190521_134525.jpg",37.16345013888889,-108.48377519444445,2083.437,"http://maps.google.com/maps?q=37.16345013888889,-108.48377519444445","https://www.openstreetmap.org/query?lat=37.16345013888889&lon=-108.48377519444445"
"https://github.com/rcfdtools/R.GISMobile/tree/main/.poi/39/20190521_134640.jpg",37.163358305555555,-108.48377936111112,2088.145,"http://maps.google.com/maps?q=37.163358305555555,-108.48377936111112","https://www.openstreetmap.org/query?lat=37.163358305555555&lon=-108.48377936111112"
"https://github.com/rcfdtools/R.GISMobile/tree/main/.poi/39/20190521_134645.jpg",37.163358305555555,-108.48377936111112,2088.145,"http://maps.google.com/maps?q=37.163358305555555,-108.48377936111112","https://www.openstreetmap.org/query?lat=37.163358305555555&lon=-108.48377936111112"
"https://github.com/rcfdtools/R.GISMobile/tree/main/.poi/39/20190521_134658.jpg",37.163358305555555,-108.48377936111112,2088.145,"http://maps.google.com/maps?q=37.163358305555555,-108.48377936111112","https://www.openstreetmap.org/query?lat=37.163358305555555&lon=-108.48377936111112"
"https://github.com/rcfdtools/R.GISMobile/tree/main/.poi/39/20190521_134823.jpg",37.163253222222224,-108.48373452777778,2088.768,"http://maps.google.com/maps?q=37.163253222222224,-108.48373452777778","https://www.openstreetmap.org/query?lat=37.163253222222224&lon=-108.48373452777778"
"https://github.com/rcfdtools/R.GISMobile/tree/main/.poi/39/20190521_134831.jpg",37.163253222222224,-108.48373452777778,2088.768,"http://maps.google.com/maps?q=37.163253222222224,-108.48373452777778","https://www.openstreetmap.org/query?lat=37.163253222222224&lon=-108.48373452777778"
"https://github.com/rcfdtools/R.GISMobile/tree/main/.poi/39/20190521_135025.jpg",37.16329461111111,-108.48381847222223,2077.489,"http://maps.google.com/maps?q=37.16329461111111,-108.48381847222223","https://www.openstreetmap.org/query?lat=37.16329461111111&lon=-108.48381847222223"
"https://github.com/rcfdtools/R.GISMobile/tree/main/.poi/39/20190521_135030.jpg",37.16330027777778,-108.48383569444445,2079.059,"http://maps.google.com/maps?q=37.16330027777778,-108.48383569444445","https://www.openstreetmap.org/query?lat=37.16330027777778&lon=-108.48383569444445"
"https://github.com/rcfdtools/R.GISMobile/tree/main/.poi/39/20190521_135041.jpg",37.16330027777778,-108.48383569444445,2079.059,"http://maps.google.com/maps?q=37.16330027777778,-108.48383569444445","https://www.openstreetmap.org/query?lat=37.16330027777778&lon=-108.48383569444445"
"https://github.com/rcfdtools/R.GISMobile/tree/main/.poi/39/20190521_135733.jpg",37.16238927777778,-108.4750861388889,2036.487,"http://maps.google.com/maps?q=37.16238927777778,-108.4750861388889","https://www.openstreetmap.org/query?lat=37.16238927777778&lon=-108.4750861388889"
"https://github.com/rcfdtools/R.GISMobile/tree/main/.poi/39/20190521_135740.jpg",37.16238927777778,-108.4750861388889,2036.487,"http://maps.google.com/maps?q=37.16238927777778,-108.4750861388889","https://www.openstreetmap.org/query?lat=37.16238927777778&lon=-108.4750861388889"
"https://github.com/rcfdtools/R.GISMobile/tree/main/.poi/39/20190521_135814.jpg",37.162387277777775,-108.47508405555556,2034.625,"http://maps.google.com/maps?q=37.162387277777775,-108.47508405555556","https://www.openstreetmap.org/query?lat=37.162387277777775&lon=-108.47508405555556"
"https://github.com/rcfdtools/R.GISMobile/tree/main/.poi/39/20190521_135823.jpg",37.162387277777775,-108.47508405555556,2034.625,"http://maps.google.com/maps?q=37.162387277777775,-108.47508405555556","https://www.openstreetmap.org/query?lat=37.162387277777775&lon=-108.47508405555556"
"https://github.com/rcfdtools/R.GISMobile/tree/main/.poi/39/20190521_135837.jpg",37.162387277777775,-108.47508405555556,2034.625,"http://maps.google.com/maps?q=37.162387277777775,-108.47508405555556","https://www.openstreetmap.org/query?lat=37.162387277777775&lon=-108.47508405555556"
"https://github.com/rcfdtools/R.GISMobile/tree/main/.poi/39/20190521_135915.jpg",37.16246958333333,-108.47509244444444,2050.059,"http://maps.google.com/maps?q=37.16246958333333,-108.47509244444444","https://www.openstreetmap.org/query?lat=37.16246958333333&lon=-108.47509244444444"
"https://github.com/rcfdtools/R.GISMobile/tree/main/.poi/39/20190521_135918.jpg",37.16246958333333,-108.47509244444444,2050.059,"http://maps.google.com/maps?q=37.16246958333333,-108.47509244444444","https://www.openstreetmap.org/query?lat=37.16246958333333&lon=-108.47509244444444"
"https://github.com/rcfdtools/R.GISMobile/tree/main/.poi/39/20190521_140107.jpg",37.162389222222224,-108.47499769444444,2040.256,"http://maps.google.com/maps?q=37.162389222222224,-108.47499769444444","https://www.openstreetmap.org/query?lat=37.162389222222224&lon=-108.47499769444444"
"https://github.com/rcfdtools/R.GISMobile/tree/main/.poi/39/20190521_140122.jpg",37.162488249999996,-108.47507852777778,2043.135,"http://maps.google.com/maps?q=37.162488249999996,-108.47507852777778","https://www.openstreetmap.org/query?lat=37.162488249999996&lon=-108.47507852777778"
"https://github.com/rcfdtools/R.GISMobile/tree/main/.poi/39/20190521_140129.jpg",37.162488249999996,-108.47507852777778,2043.135,"http://maps.google.com/maps?q=37.162488249999996,-108.47507852777778","https://www.openstreetmap.org/query?lat=37.162488249999996&lon=-108.47507852777778"
"https://github.com/rcfdtools/R.GISMobile/tree/main/.poi/39/20190521_140136.jpg",37.162488249999996,-108.47507852777778,2043.135,"http://maps.google.com/maps?q=37.162488249999996,-108.47507852777778","https://www.openstreetmap.org/query?lat=37.162488249999996&lon=-108.47507852777778"
"https://github.com/rcfdtools/R.GISMobile/tree/main/.poi/39/20190521_140144.jpg",37.162488249999996,-108.47507852777778,2043.135,"http://maps.google.com/maps?q=37.162488249999996,-108.47507852777778","https://www.openstreetmap.org/query?lat=37.162488249999996&lon=-108.47507852777778"
"https://github.com/rcfdtools/R.GISMobile/tree/main/.poi/39/20190521_140147.jpg",37.162488249999996,-108.47507852777778,2043.135,"http://maps.google.com/maps?q=37.162488249999996,-108.47507852777778","https://www.openstreetmap.org/query?lat=37.162488249999996&lon=-108.47507852777778"
"https://github.com/rcfdtools/R.GISMobile/tree/main/.poi/39/20190521_140213.jpg",37.162488249999996,-108.47507852777778,2043.135,"http://maps.google.com/maps?q=37.162488249999996,-108.47507852777778","https://www.openstreetmap.org/query?lat=37.162488249999996&lon=-108.47507852777778"
"https://github.com/rcfdtools/R.GISMobile/tree/main/.poi/39/20190521_140639.jpg",37.16467169444444,-108.47913194444445,2050.622,"http://maps.google.com/maps?q=37.16467169444444,-108.47913194444445","https://www.openstreetmap.org/query?lat=37.16467169444444&lon=-108.47913194444445"
"https://github.com/rcfdtools/R.GISMobile/tree/main/.poi/39/20190521_140644.jpg",37.16468363888889,-108.47911377777778,2052.075,"http://maps.google.com/maps?q=37.16468363888889,-108.47911377777778","https://www.openstreetmap.org/query?lat=37.16468363888889&lon=-108.47911377777778"
"https://github.com/rcfdtools/R.GISMobile/tree/main/.poi/39/20190521_140651.jpg",37.16468363888889,-108.47911377777778,2052.075,"http://maps.google.com/maps?q=37.16468363888889,-108.47911377777778","https://www.openstreetmap.org/query?lat=37.16468363888889&lon=-108.47911377777778"
"https://github.com/rcfdtools/R.GISMobile/tree/main/.poi/39/20190521_140700.jpg",37.16468363888889,-108.47911377777778,2052.075,"http://maps.google.com/maps?q=37.16468363888889,-108.47911377777778","https://www.openstreetmap.org/query?lat=37.16468363888889&lon=-108.47911377777778"
"https://github.com/rcfdtools/R.GISMobile/tree/main/.poi/39/20190521_140709.jpg",37.164721,-108.47927405555556,2044.764,"http://maps.google.com/maps?q=37.164721,-108.47927405555556","https://www.openstreetmap.org/query?lat=37.164721&lon=-108.47927405555556"
"https://github.com/rcfdtools/R.GISMobile/tree/main/.poi/39/20190521_141222.jpg",37.164703055555556,-108.47552644444444,2059.328,"http://maps.google.com/maps?q=37.164703055555556,-108.47552644444444","https://www.openstreetmap.org/query?lat=37.164703055555556&lon=-108.47552644444444"
"https://github.com/rcfdtools/R.GISMobile/tree/main/.poi/39/20190521_141229.jpg",37.164703055555556,-108.47552644444444,2059.328,"http://maps.google.com/maps?q=37.164703055555556,-108.47552644444444","https://www.openstreetmap.org/query?lat=37.164703055555556&lon=-108.47552644444444"
"https://github.com/rcfdtools/R.GISMobile/tree/main/.poi/39/20190521_141308.jpg",37.164703055555556,-108.47552644444444,2059.328,"http://maps.google.com/maps?q=37.164703055555556,-108.47552644444444","https://www.openstreetmap.org/query?lat=37.164703055555556&lon=-108.47552644444444"
"https://github.com/rcfdtools/R.GISMobile/tree/main/.poi/39/20190521_141403.jpg",37.16481394444444,-108.47503186111112,2042.122,"http://maps.google.com/maps?q=37.16481394444444,-108.47503186111112","https://www.openstreetmap.org/query?lat=37.16481394444444&lon=-108.47503186111112"
"https://github.com/rcfdtools/R.GISMobile/tree/main/.poi/39/20190521_141412.jpg",37.16479386111111,-108.47504438888889,2046.485,"http://maps.google.com/maps?q=37.16479386111111,-108.47504438888889","https://www.openstreetmap.org/query?lat=37.16479386111111&lon=-108.47504438888889"
"https://github.com/rcfdtools/R.GISMobile/tree/main/.poi/39/20190521_141419.jpg",37.16479386111111,-108.47504438888889,2046.485,"http://maps.google.com/maps?q=37.16479386111111,-108.47504438888889","https://www.openstreetmap.org/query?lat=37.16479386111111&lon=-108.47504438888889"
"https://github.com/rcfdtools/R.GISMobile/tree/main/.poi/39/20190521_141617.jpg",37.164696666666664,-108.47521966666667,2048.079,"http://maps.google.com/maps?q=37.164696666666664,-108.47521966666667","https://www.openstreetmap.org/query?lat=37.164696666666664&lon=-108.47521966666667"
"https://github.com/rcfdtools/R.GISMobile/tree/main/.poi/39/20190521_141630.jpg",37.16476147222222,-108.47520677777779,2047.629,"http://maps.google.com/maps?q=37.16476147222222,-108.47520677777779","https://www.openstreetmap.org/query?lat=37.16476147222222&lon=-108.47520677777779"
"https://github.com/rcfdtools/R.GISMobile/tree/main/.poi/39/20190521_141828.jpg",37.16524038888889,-108.47552980555555,2051.986,"http://maps.google.com/maps?q=37.16524038888889,-108.47552980555555","https://www.openstreetmap.org/query?lat=37.16524038888889&lon=-108.47552980555555"
"https://github.com/rcfdtools/R.GISMobile/tree/main/.poi/39/20190521_141833.jpg",37.16524038888889,-108.47552980555555,2051.986,"http://maps.google.com/maps?q=37.16524038888889,-108.47552980555555","https://www.openstreetmap.org/query?lat=37.16524038888889&lon=-108.47552980555555"
"https://github.com/rcfdtools/R.GISMobile/tree/main/.poi/39/20190521_141841.jpg",37.16533666666667,-108.47556694444445,2050.014,"http://maps.google.com/maps?q=37.16533666666667,-108.47556694444445","https://www.openstreetmap.org/query?lat=37.16533666666667&lon=-108.47556694444445"
"https://github.com/rcfdtools/R.GISMobile/tree/main/.poi/39/20190521_141849.jpg",37.16533666666667,-108.47556694444445,2050.014,"http://maps.google.com/maps?q=37.16533666666667,-108.47556694444445","https://www.openstreetmap.org/query?lat=37.16533666666667&lon=-108.47556694444445"
"https://github.com/rcfdtools/R.GISMobile/tree/main/.poi/39/20190521_153419.jpg",37.29698611111111,-108.44155161111111,2369.443,"http://maps.google.com/maps?q=37.29698611111111,-108.44155161111111","https://www.openstreetmap.org/query?lat=37.29698611111111&lon=-108.44155161111111"
"https://github.com/rcfdtools/R.GISMobile/tree/main/.poi/39/20190521_153423.jpg",37.29698611111111,-108.44155161111111,2369.443,"http://maps.google.com/maps?q=37.29698611111111,-108.44155161111111","https://www.openstreetmap.org/query?lat=37.29698611111111&lon=-108.44155161111111"
"https://github.com/rcfdtools/R.GISMobile/tree/main/.poi/39/20190521_153426.jpg",37.29698611111111,-108.44155161111111,2369.443,"http://maps.google.com/maps?q=37.29698611111111,-108.44155161111111","https://www.openstreetmap.org/query?lat=37.29698611111111&lon=-108.44155161111111"
"https://github.com/rcfdtools/R.GISMobile/tree/main/.poi/39/20190521_153429.jpg",37.29698611111111,-108.44155161111111,2369.443,"http://maps.google.com/maps?q=37.29698611111111,-108.44155161111111","https://www.openstreetmap.org/query?lat=37.29698611111111&lon=-108.44155161111111"
"https://github.com/rcfdtools/R.GISMobile/tree/main/.poi/39/20190521_153433.jpg",37.29698611111111,-108.44155161111111,2369.443,"http://maps.google.com/maps?q=37.29698611111111,-108.44155161111111","https://www.openstreetmap.org/query?lat=37.29698611111111&lon=-108.44155161111111"
"https://github.com/rcfdtools/R.GISMobile/tree/main/.poi/39/20190521_153436.jpg",37.29698611111111,-108.44155161111111,2369.443,"http://maps.google.com/maps?q=37.29698611111111,-108.44155161111111","https://www.openstreetmap.org/query?lat=37.29698611111111&lon=-108.44155161111111"
"https://github.com/rcfdtools/R.GISMobile/tree/main/.poi/39/20190521_153554.jpg",37.29693211111111,-108.44161516666667,2352.344,"http://maps.google.com/maps?q=37.29693211111111,-108.44161516666667","https://www.openstreetmap.org/query?lat=37.29693211111111&lon=-108.44161516666667"
"https://github.com/rcfdtools/R.GISMobile/tree/main/.poi/39/20190521_153603.jpg",37.29693211111111,-108.44161516666667,2352.344,"http://maps.google.com/maps?q=37.29693211111111,-108.44161516666667","https://www.openstreetmap.org/query?lat=37.29693211111111&lon=-108.44161516666667"
"https://github.com/rcfdtools/R.GISMobile/tree/main/.poi/39/20190521_153608.jpg",37.29693211111111,-108.44161516666667,2352.344,"http://maps.google.com/maps?q=37.29693211111111,-108.44161516666667","https://www.openstreetmap.org/query?lat=37.29693211111111&lon=-108.44161516666667"
"https://github.com/rcfdtools/R.GISMobile/tree/main/.poi/39/20190521_153611.jpg",37.29693211111111,-108.44161516666667,2352.344,"http://maps.google.com/maps?q=37.29693211111111,-108.44161516666667","https://www.openstreetmap.org/query?lat=37.29693211111111&lon=-108.44161516666667"
"https://github.com/rcfdtools/R.GISMobile/tree/main/.poi/39/20190521_153614.jpg",37.29693211111111,-108.44161516666667,2352.344,"http://maps.google.com/maps?q=37.29693211111111,-108.44161516666667","https://www.openstreetmap.org/query?lat=37.29693211111111&lon=-108.44161516666667"
"https://github.com/rcfdtools/R.GISMobile/tree/main/.poi/39/20190521_153746.jpg",37.29652180555556,-108.4417138888889,2355.708,"http://maps.google.com/maps?q=37.29652180555556,-108.4417138888889","https://www.openstreetmap.org/query?lat=37.29652180555556&lon=-108.4417138888889"
"https://github.com/rcfdtools/R.GISMobile/tree/main/.poi/39/20190521_153750.jpg",37.29652180555556,-108.4417138888889,2355.708,"http://maps.google.com/maps?q=37.29652180555556,-108.4417138888889","https://www.openstreetmap.org/query?lat=37.29652180555556&lon=-108.4417138888889"
"https://github.com/rcfdtools/R.GISMobile/tree/main/.poi/4/PXL_20230503_171644384.jpg",4.585705555555555,-73.72865555555556,3402.35,"http://maps.google.com/maps?q=4.585705555555555,-73.72865555555556","https://www.openstreetmap.org/query?lat=4.585705555555555&lon=-73.72865555555556"
"https://github.com/rcfdtools/R.GISMobile/tree/main/.poi/40/20190523_154256.jpg",38.25431419444445,-105.95302136111111,2419.11,"http://maps.google.com/maps?q=38.25431419444445,-105.95302136111111","https://www.openstreetmap.org/query?lat=38.25431419444445&lon=-105.95302136111111"
"https://github.com/rcfdtools/R.GISMobile/tree/main/.poi/40/20190524_104849.jpg",38.463402638888894,-105.3210451111111,1966.812,"http://maps.google.com/maps?q=38.463402638888894,-105.3210451111111","https://www.openstreetmap.org/query?lat=38.463402638888894&lon=-105.3210451111111"
"https://github.com/rcfdtools/R.GISMobile/tree/main/.poi/40/20190524_104855.jpg",38.463402638888894,-105.3210451111111,1966.812,"http://maps.google.com/maps?q=38.463402638888894,-105.3210451111111","https://www.openstreetmap.org/query?lat=38.463402638888894&lon=-105.3210451111111"
"https://github.com/rcfdtools/R.GISMobile/tree/main/.poi/40/20190524_104915.jpg",38.46332705555556,-105.32100133333333,1977.296,"http://maps.google.com/maps?q=38.46332705555556,-105.32100133333333","https://www.openstreetmap.org/query?lat=38.46332705555556&lon=-105.32100133333333"
"https://github.com/rcfdtools/R.GISMobile/tree/main/.poi/40/20190524_110640.jpg",38.463028333333334,-105.32197769444444,1963.785,"http://maps.google.com/maps?q=38.463028333333334,-105.32197769444444","https://www.openstreetmap.org/query?lat=38.463028333333334&lon=-105.32197769444444"
"https://github.com/rcfdtools/R.GISMobile/tree/main/.poi/40/20190524_111333.jpg",38.46271458333334,-105.32212375,1975.029,"http://maps.google.com/maps?q=38.46271458333334,-105.32212375","https://www.openstreetmap.org/query?lat=38.46271458333334&lon=-105.32212375"
"https://github.com/rcfdtools/R.GISMobile/tree/main/.poi/40/20190524_111339.jpg",38.46271458333334,-105.32212375,1975.029,"http://maps.google.com/maps?q=38.46271458333334,-105.32212375","https://www.openstreetmap.org/query?lat=38.46271458333334&lon=-105.32212375"
"https://github.com/rcfdtools/R.GISMobile/tree/main/.poi/40/20190524_111342.jpg",38.46271458333334,-105.32212375,1975.029,"http://maps.google.com/maps?q=38.46271458333334,-105.32212375","https://www.openstreetmap.org/query?lat=38.46271458333334&lon=-105.32212375"
"https://github.com/rcfdtools/R.GISMobile/tree/main/.poi/40/20190524_111345.jpg",38.46271458333334,-105.32212375,1975.029,"http://maps.google.com/maps?q=38.46271458333334,-105.32212375","https://www.openstreetmap.org/query?lat=38.46271458333334&lon=-105.32212375"
"https://github.com/rcfdtools/R.GISMobile/tree/main/.poi/40/20190524_111417.jpg",38.462122,-105.32225538888889,1966.663,"http://maps.google.com/maps?q=38.462122,-105.32225538888889","https://www.openstreetmap.org/query?lat=38.462122&lon=-105.32225538888889"
"https://github.com/rcfdtools/R.GISMobile/tree/main/.poi/40/20190524_111421.jpg",38.462122,-105.32225538888889,1966.663,"http://maps.google.com/maps?q=38.462122,-105.32225538888889","https://www.openstreetmap.org/query?lat=38.462122&lon=-105.32225538888889"
"https://github.com/rcfdtools/R.GISMobile/tree/main/.poi/40/20190524_111508.jpg",38.45954527777778,-105.32294191666666,1969.971,"http://maps.google.com/maps?q=38.45954527777778,-105.32294191666666","https://www.openstreetmap.org/query?lat=38.45954527777778&lon=-105.32294191666666"
"https://github.com/rcfdtools/R.GISMobile/tree/main/.poi/40/20190524_111510.jpg",38.45947955555556,-105.32295938888889,1970.358,"http://maps.google.com/maps?q=38.45947955555556,-105.32295938888889","https://www.openstreetmap.org/query?lat=38.45947955555556&lon=-105.32295938888889"
"https://github.com/rcfdtools/R.GISMobile/tree/main/.poi/40/20190524_111513.jpg",38.45947955555556,-105.32295938888889,1970.358,"http://maps.google.com/maps?q=38.45947955555556,-105.32295938888889","https://www.openstreetmap.org/query?lat=38.45947955555556&lon=-105.32295938888889"
"https://github.com/rcfdtools/R.GISMobile/tree/main/.poi/40/20190524_112933.jpg",38.459079333333335,-105.32367844444444,1995.973,"http://maps.google.com/maps?q=38.459079333333335,-105.32367844444444","https://www.openstreetmap.org/query?lat=38.459079333333335&lon=-105.32367844444444"
"https://github.com/rcfdtools/R.GISMobile/tree/main/.poi/40/20190524_113026.jpg",38.459041000000006,-105.32386083333333,1997.628,"http://maps.google.com/maps?q=38.459041000000006,-105.32386083333333","https://www.openstreetmap.org/query?lat=38.459041000000006&lon=-105.32386083333333"
"https://github.com/rcfdtools/R.GISMobile/tree/main/.poi/40/20190524_113035.jpg",38.459041000000006,-105.32386083333333,1997.628,"http://maps.google.com/maps?q=38.459041000000006,-105.32386083333333","https://www.openstreetmap.org/query?lat=38.459041000000006&lon=-105.32386083333333"
"https://github.com/rcfdtools/R.GISMobile/tree/main/.poi/40/20190524_113042.jpg",38.49675788888889,-105.321145,0.0,"http://maps.google.com/maps?q=38.49675788888889,-105.321145","https://www.openstreetmap.org/query?lat=38.49675788888889&lon=-105.321145"
"https://github.com/rcfdtools/R.GISMobile/tree/main/.poi/40/20190524_113321.jpg",38.45892830555556,-105.32407963888889,1996.209,"http://maps.google.com/maps?q=38.45892830555556,-105.32407963888889","https://www.openstreetmap.org/query?lat=38.45892830555556&lon=-105.32407963888889"
"https://github.com/rcfdtools/R.GISMobile/tree/main/.poi/40/20190524_123102.jpg",38.45986955555556,-105.32638630555554,1960.645,"http://maps.google.com/maps?q=38.45986955555556,-105.32638630555554","https://www.openstreetmap.org/query?lat=38.45986955555556&lon=-105.32638630555554"
"https://github.com/rcfdtools/R.GISMobile/tree/main/.poi/40/20190524_123106.jpg",38.45986955555556,-105.32638630555554,1960.645,"http://maps.google.com/maps?q=38.45986955555556,-105.32638630555554","https://www.openstreetmap.org/query?lat=38.45986955555556&lon=-105.32638630555554"
"https://github.com/rcfdtools/R.GISMobile/tree/main/.poi/40/20190524_123219.jpg",38.46003788888889,-105.32649711111111,1960.697,"http://maps.google.com/maps?q=38.46003788888889,-105.32649711111111","https://www.openstreetmap.org/query?lat=38.46003788888889&lon=-105.32649711111111"
"https://github.com/rcfdtools/R.GISMobile/tree/main/.poi/40/20190524_123223.jpg",38.46003788888889,-105.32649711111111,1960.697,"http://maps.google.com/maps?q=38.46003788888889,-105.32649711111111","https://www.openstreetmap.org/query?lat=38.46003788888889&lon=-105.32649711111111"
"https://github.com/rcfdtools/R.GISMobile/tree/main/.poi/40/20190524_123229.jpg",38.46003788888889,-105.32649711111111,1960.697,"http://maps.google.com/maps?q=38.46003788888889,-105.32649711111111","https://www.openstreetmap.org/query?lat=38.46003788888889&lon=-105.32649711111111"
"https://github.com/rcfdtools/R.GISMobile/tree/main/.poi/40/20190524_123235.jpg",38.460053638888894,-105.32653808333333,1963.0,"http://maps.google.com/maps?q=38.460053638888894,-105.32653808333333","https://www.openstreetmap.org/query?lat=38.460053638888894&lon=-105.32653808333333"
"https://github.com/rcfdtools/R.GISMobile/tree/main/.poi/40/20190524_123251.jpg",38.460053638888894,-105.32653808333333,1963.0,"http://maps.google.com/maps?q=38.460053638888894,-105.32653808333333","https://www.openstreetmap.org/query?lat=38.460053638888894&lon=-105.32653808333333"
"https://github.com/rcfdtools/R.GISMobile/tree/main/.poi/40/20190524_123409.jpg",38.460224583333336,-105.32680497222222,1958.099,"http://maps.google.com/maps?q=38.460224583333336,-105.32680497222222","https://www.openstreetmap.org/query?lat=38.460224583333336&lon=-105.32680497222222"
"https://github.com/rcfdtools/R.GISMobile/tree/main/.poi/40/20190524_123420.jpg",38.460224583333336,-105.32680497222222,1958.099,"http://maps.google.com/maps?q=38.460224583333336,-105.32680497222222","https://www.openstreetmap.org/query?lat=38.460224583333336&lon=-105.32680497222222"
"https://github.com/rcfdtools/R.GISMobile/tree/main/.poi/40/20190524_123607.jpg",38.459862138888894,-105.32721494444444,1965.527,"http://maps.google.com/maps?q=38.459862138888894,-105.32721494444444","https://www.openstreetmap.org/query?lat=38.459862138888894&lon=-105.32721494444444"
"https://github.com/rcfdtools/R.GISMobile/tree/main/.poi/40/20190524_123619.jpg",38.459862138888894,-105.32721494444444,1965.527,"http://maps.google.com/maps?q=38.459862138888894,-105.32721494444444","https://www.openstreetmap.org/query?lat=38.459862138888894&lon=-105.32721494444444"
"https://github.com/rcfdtools/R.GISMobile/tree/main/.poi/40/20190524_123641.jpg",38.460224583333336,-105.32680497222222,1958.099,"http://maps.google.com/maps?q=38.460224583333336,-105.32680497222222","https://www.openstreetmap.org/query?lat=38.460224583333336&lon=-105.32680497222222"
"https://github.com/rcfdtools/R.GISMobile/tree/main/.poi/40/20190524_123649.jpg",38.460224583333336,-105.32680497222222,1958.099,"http://maps.google.com/maps?q=38.460224583333336,-105.32680497222222","https://www.openstreetmap.org/query?lat=38.460224583333336&lon=-105.32680497222222"
"https://github.com/rcfdtools/R.GISMobile/tree/main/.poi/40/20190524_123653.jpg",38.460224583333336,-105.32680497222222,1958.099,"http://maps.google.com/maps?q=38.460224583333336,-105.32680497222222","https://www.openstreetmap.org/query?lat=38.460224583333336&lon=-105.32680497222222"
"https://github.com/rcfdtools/R.GISMobile/tree/main/.poi/40/20190524_123715.jpg",38.460224583333336,-105.32680497222222,1958.099,"http://maps.google.com/maps?q=38.460224583333336,-105.32680497222222","https://www.openstreetmap.org/query?lat=38.460224583333336&lon=-105.32680497222222"
"https://github.com/rcfdtools/R.GISMobile/tree/main/.poi/40/20190524_123726.jpg",38.460224583333336,-105.32680497222222,1958.099,"http://maps.google.com/maps?q=38.460224583333336,-105.32680497222222","https://www.openstreetmap.org/query?lat=38.460224583333336&lon=-105.32680497222222"
"https://github.com/rcfdtools/R.GISMobile/tree/main/.poi/40/20190524_123736.jpg",38.460224583333336,-105.32680497222222,1958.099,"http://maps.google.com/maps?q=38.460224583333336,-105.32680497222222","https://www.openstreetmap.org/query?lat=38.460224583333336&lon=-105.32680497222222"
"https://github.com/rcfdtools/R.GISMobile/tree/main/.poi/40/20190524_123755.jpg",38.460224583333336,-105.32680497222222,1958.099,"http://maps.google.com/maps?q=38.460224583333336,-105.32680497222222","https://www.openstreetmap.org/query?lat=38.460224583333336&lon=-105.32680497222222"
"https://github.com/rcfdtools/R.GISMobile/tree/main/.poi/40/20190524_123846.jpg",38.460224583333336,-105.32680497222222,1958.099,"http://maps.google.com/maps?q=38.460224583333336,-105.32680497222222","https://www.openstreetmap.org/query?lat=38.460224583333336&lon=-105.32680497222222"
"https://github.com/rcfdtools/R.GISMobile/tree/main/.poi/40/20190524_123853.jpg",38.460224583333336,-105.32680497222222,1958.099,"http://maps.google.com/maps?q=38.460224583333336,-105.32680497222222","https://www.openstreetmap.org/query?lat=38.460224583333336&lon=-105.32680497222222"
"https://github.com/rcfdtools/R.GISMobile/tree/main/.poi/40/20190524_123908.jpg",38.460224583333336,-105.32680497222222,1958.099,"http://maps.google.com/maps?q=38.460224583333336,-105.32680497222222","https://www.openstreetmap.org/query?lat=38.460224583333336&lon=-105.32680497222222"
"https://github.com/rcfdtools/R.GISMobile/tree/main/.poi/40/20190524_123911.jpg",38.460224583333336,-105.32680497222222,1958.099,"http://maps.google.com/maps?q=38.460224583333336,-105.32680497222222","https://www.openstreetmap.org/query?lat=38.460224583333336&lon=-105.32680497222222"
"https://github.com/rcfdtools/R.GISMobile/tree/main/.poi/40/20190524_123947.jpg",38.460224583333336,-105.32680497222222,1958.099,"http://maps.google.com/maps?q=38.460224583333336,-105.32680497222222","https://www.openstreetmap.org/query?lat=38.460224583333336&lon=-105.32680497222222"
"https://github.com/rcfdtools/R.GISMobile/tree/main/.poi/40/20190524_123952.jpg",38.460224583333336,-105.32680497222222,1958.099,"http://maps.google.com/maps?q=38.460224583333336,-105.32680497222222","https://www.openstreetmap.org/query?lat=38.460224583333336&lon=-105.32680497222222"
"https://github.com/rcfdtools/R.GISMobile/tree/main/.poi/40/20190524_124102.jpg",38.460224583333336,-105.32680497222222,1958.099,"http://maps.google.com/maps?q=38.460224583333336,-105.32680497222222","https://www.openstreetmap.org/query?lat=38.460224583333336&lon=-105.32680497222222"
"https://github.com/rcfdtools/R.GISMobile/tree/main/.poi/40/20190524_124108.jpg",38.460224583333336,-105.32680497222222,1958.099,"http://maps.google.com/maps?q=38.460224583333336,-105.32680497222222","https://www.openstreetmap.org/query?lat=38.460224583333336&lon=-105.32680497222222"
"https://github.com/rcfdtools/R.GISMobile/tree/main/.poi/40/20190524_124115.jpg",38.460224583333336,-105.32680497222222,1958.099,"http://maps.google.com/maps?q=38.460224583333336,-105.32680497222222","https://www.openstreetmap.org/query?lat=38.460224583333336&lon=-105.32680497222222"
"https://github.com/rcfdtools/R.GISMobile/tree/main/.poi/40/20190524_124132.jpg",38.460224583333336,-105.32680497222222,1958.099,"http://maps.google.com/maps?q=38.460224583333336,-105.32680497222222","https://www.openstreetmap.org/query?lat=38.460224583333336&lon=-105.32680497222222"
"https://github.com/rcfdtools/R.GISMobile/tree/main/.poi/40/20190524_124136.jpg",38.460224583333336,-105.32680497222222,1958.099,"http://maps.google.com/maps?q=38.460224583333336,-105.32680497222222","https://www.openstreetmap.org/query?lat=38.460224583333336&lon=-105.32680497222222"
"https://github.com/rcfdtools/R.GISMobile/tree/main/.poi/40/20190524_124143.jpg",38.460224583333336,-105.32680497222222,1958.099,"http://maps.google.com/maps?q=38.460224583333336,-105.32680497222222","https://www.openstreetmap.org/query?lat=38.460224583333336&lon=-105.32680497222222"
"https://github.com/rcfdtools/R.GISMobile/tree/main/.poi/40/20190524_124147.jpg",38.460224583333336,-105.32680497222222,1958.099,"http://maps.google.com/maps?q=38.460224583333336,-105.32680497222222","https://www.openstreetmap.org/query?lat=38.460224583333336&lon=-105.32680497222222"
"https://github.com/rcfdtools/R.GISMobile/tree/main/.poi/40/20190524_124204.jpg",38.460651472222224,-105.32643458333332,1954.595,"http://maps.google.com/maps?q=38.460651472222224,-105.32643458333332","https://www.openstreetmap.org/query?lat=38.460651472222224&lon=-105.32643458333332"
"https://github.com/rcfdtools/R.GISMobile/tree/main/.poi/40/20190524_124206.jpg",38.460655583333335,-105.32642630555556,1958.717,"http://maps.google.com/maps?q=38.460655583333335,-105.32642630555556","https://www.openstreetmap.org/query?lat=38.460655583333335&lon=-105.32642630555556"
"https://github.com/rcfdtools/R.GISMobile/tree/main/.poi/40/20190524_124334.jpg",38.46058113888889,-105.32591155555555,1951.564,"http://maps.google.com/maps?q=38.46058113888889,-105.32591155555555","https://www.openstreetmap.org/query?lat=38.46058113888889&lon=-105.32591155555555"
"https://github.com/rcfdtools/R.GISMobile/tree/main/.poi/40/20190524_124611.jpg",38.461115944444444,-105.3258635,1946.938,"http://maps.google.com/maps?q=38.461115944444444,-105.3258635","https://www.openstreetmap.org/query?lat=38.461115944444444&lon=-105.3258635"
"https://github.com/rcfdtools/R.GISMobile/tree/main/.poi/40/20190524_124615.jpg",38.461115944444444,-105.3258635,1946.938,"http://maps.google.com/maps?q=38.461115944444444,-105.3258635","https://www.openstreetmap.org/query?lat=38.461115944444444&lon=-105.3258635"
"https://github.com/rcfdtools/R.GISMobile/tree/main/.poi/40/20190524_124624.jpg",38.461115944444444,-105.3258635,1946.938,"http://maps.google.com/maps?q=38.461115944444444,-105.3258635","https://www.openstreetmap.org/query?lat=38.461115944444444&lon=-105.3258635"
"https://github.com/rcfdtools/R.GISMobile/tree/main/.poi/40/20190524_124630.jpg",38.461115944444444,-105.3258635,1946.938,"http://maps.google.com/maps?q=38.461115944444444,-105.3258635","https://www.openstreetmap.org/query?lat=38.461115944444444&lon=-105.3258635"
"https://github.com/rcfdtools/R.GISMobile/tree/main/.poi/40/20190524_124649.jpg",38.461111,-105.32583269444444,1949.622,"http://maps.google.com/maps?q=38.461111,-105.32583269444444","https://www.openstreetmap.org/query?lat=38.461111&lon=-105.32583269444444"
"https://github.com/rcfdtools/R.GISMobile/tree/main/.poi/40/20190524_124702.jpg",38.461111,-105.32583269444444,1949.622,"http://maps.google.com/maps?q=38.461111,-105.32583269444444","https://www.openstreetmap.org/query?lat=38.461111&lon=-105.32583269444444"
"https://github.com/rcfdtools/R.GISMobile/tree/main/.poi/40/20190524_124741.jpg",38.461111,-105.32583269444444,1949.622,"http://maps.google.com/maps?q=38.461111,-105.32583269444444","https://www.openstreetmap.org/query?lat=38.461111&lon=-105.32583269444444"
"https://github.com/rcfdtools/R.GISMobile/tree/main/.poi/40/20190524_124749.jpg",38.46112572222223,-105.32570205555555,1969.977,"http://maps.google.com/maps?q=38.46112572222223,-105.32570205555555","https://www.openstreetmap.org/query?lat=38.46112572222223&lon=-105.32570205555555"
"https://github.com/rcfdtools/R.GISMobile/tree/main/.poi/40/20190524_124759.jpg",38.46112572222223,-105.32570205555555,1969.977,"http://maps.google.com/maps?q=38.46112572222223,-105.32570205555555","https://www.openstreetmap.org/query?lat=38.46112572222223&lon=-105.32570205555555"
"https://github.com/rcfdtools/R.GISMobile/tree/main/.poi/40/20190524_124808.jpg",38.46112572222223,-105.32570205555555,1969.977,"http://maps.google.com/maps?q=38.46112572222223,-105.32570205555555","https://www.openstreetmap.org/query?lat=38.46112572222223&lon=-105.32570205555555"
"https://github.com/rcfdtools/R.GISMobile/tree/main/.poi/40/20190524_124819.jpg",38.46118677777778,-105.32563144444444,1955.727,"http://maps.google.com/maps?q=38.46118677777778,-105.32563144444444","https://www.openstreetmap.org/query?lat=38.46118677777778&lon=-105.32563144444444"
"https://github.com/rcfdtools/R.GISMobile/tree/main/.poi/40/20190524_124835.jpg",38.46118677777778,-105.32563144444444,1955.727,"http://maps.google.com/maps?q=38.46118677777778,-105.32563144444444","https://www.openstreetmap.org/query?lat=38.46118677777778&lon=-105.32563144444444"
"https://github.com/rcfdtools/R.GISMobile/tree/main/.poi/40/20190524_125007.jpg",38.46140783333334,-105.32551269444444,1958.412,"http://maps.google.com/maps?q=38.46140783333334,-105.32551269444444","https://www.openstreetmap.org/query?lat=38.46140783333334&lon=-105.32551269444444"
"https://github.com/rcfdtools/R.GISMobile/tree/main/.poi/40/20190524_125011.jpg",38.46140783333334,-105.32551269444444,1958.412,"http://maps.google.com/maps?q=38.46140783333334,-105.32551269444444","https://www.openstreetmap.org/query?lat=38.46140783333334&lon=-105.32551269444444"
"https://github.com/rcfdtools/R.GISMobile/tree/main/.poi/40/20190524_125016.jpg",38.46140783333334,-105.32551269444444,1958.412,"http://maps.google.com/maps?q=38.46140783333334,-105.32551269444444","https://www.openstreetmap.org/query?lat=38.46140783333334&lon=-105.32551269444444"
"https://github.com/rcfdtools/R.GISMobile/tree/main/.poi/40/20190524_125018.jpg",38.46140783333334,-105.32551269444444,1958.412,"http://maps.google.com/maps?q=38.46140783333334,-105.32551269444444","https://www.openstreetmap.org/query?lat=38.46140783333334&lon=-105.32551269444444"
"https://github.com/rcfdtools/R.GISMobile/tree/main/.poi/40/20190524_125025.jpg",38.46140783333334,-105.32551269444444,1958.412,"http://maps.google.com/maps?q=38.46140783333334,-105.32551269444444","https://www.openstreetmap.org/query?lat=38.46140783333334&lon=-105.32551269444444"
"https://github.com/rcfdtools/R.GISMobile/tree/main/.poi/40/20190524_125403.jpg",38.46188188888889,-105.32477808333333,1955.573,"http://maps.google.com/maps?q=38.46188188888889,-105.32477808333333","https://www.openstreetmap.org/query?lat=38.46188188888889&lon=-105.32477808333333"
"https://github.com/rcfdtools/R.GISMobile/tree/main/.poi/40/20190524_125413.jpg",38.46188188888889,-105.32477808333333,1955.573,"http://maps.google.com/maps?q=38.46188188888889,-105.32477808333333","https://www.openstreetmap.org/query?lat=38.46188188888889&lon=-105.32477808333333"
"https://github.com/rcfdtools/R.GISMobile/tree/main/.poi/40/20190524_125421.jpg",38.46188188888889,-105.32477808333333,1955.573,"http://maps.google.com/maps?q=38.46188188888889,-105.32477808333333","https://www.openstreetmap.org/query?lat=38.46188188888889&lon=-105.32477808333333"
"https://github.com/rcfdtools/R.GISMobile/tree/main/.poi/40/20190524_125438.jpg",38.46190377777778,-105.32478430555555,1957.748,"http://maps.google.com/maps?q=38.46190377777778,-105.32478430555555","https://www.openstreetmap.org/query?lat=38.46190377777778&lon=-105.32478430555555"
"https://github.com/rcfdtools/R.GISMobile/tree/main/.poi/40/20190524_125441.jpg",38.461893833333335,-105.32478449999999,1958.307,"http://maps.google.com/maps?q=38.461893833333335,-105.32478449999999","https://www.openstreetmap.org/query?lat=38.461893833333335&lon=-105.32478449999999"
"https://github.com/rcfdtools/R.GISMobile/tree/main/.poi/40/20190524_125446.jpg",38.461893833333335,-105.32478449999999,1958.307,"http://maps.google.com/maps?q=38.461893833333335,-105.32478449999999","https://www.openstreetmap.org/query?lat=38.461893833333335&lon=-105.32478449999999"
"https://github.com/rcfdtools/R.GISMobile/tree/main/.poi/40/20190524_125459.jpg",38.461885111111116,-105.32473436111111,1962.924,"http://maps.google.com/maps?q=38.461885111111116,-105.32473436111111","https://www.openstreetmap.org/query?lat=38.461885111111116&lon=-105.32473436111111"
"https://github.com/rcfdtools/R.GISMobile/tree/main/.poi/40/20190524_125524.jpg",38.46188519444445,-105.32469144444444,1965.972,"http://maps.google.com/maps?q=38.46188519444445,-105.32469144444444","https://www.openstreetmap.org/query?lat=38.46188519444445&lon=-105.32469144444444"
"https://github.com/rcfdtools/R.GISMobile/tree/main/.poi/40/20190524_125547.jpg",38.46188519444445,-105.32469144444444,1965.972,"http://maps.google.com/maps?q=38.46188519444445,-105.32469144444444","https://www.openstreetmap.org/query?lat=38.46188519444445&lon=-105.32469144444444"
"https://github.com/rcfdtools/R.GISMobile/tree/main/.poi/40/20190524_125552.jpg",38.46188519444445,-105.32469144444444,1965.972,"http://maps.google.com/maps?q=38.46188519444445,-105.32469144444444","https://www.openstreetmap.org/query?lat=38.46188519444445&lon=-105.32469144444444"
"https://github.com/rcfdtools/R.GISMobile/tree/main/.poi/40/20190524_125600.jpg",38.46188519444445,-105.32469144444444,1965.972,"http://maps.google.com/maps?q=38.46188519444445,-105.32469144444444","https://www.openstreetmap.org/query?lat=38.46188519444445&lon=-105.32469144444444"
"https://github.com/rcfdtools/R.GISMobile/tree/main/.poi/40/20190524_125750.jpg",38.46263969444445,-105.32421152777778,1967.76,"http://maps.google.com/maps?q=38.46263969444445,-105.32421152777778","https://www.openstreetmap.org/query?lat=38.46263969444445&lon=-105.32421152777778"
"https://github.com/rcfdtools/R.GISMobile/tree/main/.poi/40/20190524_125819.jpg",38.46263969444445,-105.32421152777778,1967.76,"http://maps.google.com/maps?q=38.46263969444445,-105.32421152777778","https://www.openstreetmap.org/query?lat=38.46263969444445&lon=-105.32421152777778"
"https://github.com/rcfdtools/R.GISMobile/tree/main/.poi/40/20190524_125824.jpg",38.46263969444445,-105.32421152777778,1967.76,"http://maps.google.com/maps?q=38.46263969444445,-105.32421152777778","https://www.openstreetmap.org/query?lat=38.46263969444445&lon=-105.32421152777778"
"https://github.com/rcfdtools/R.GISMobile/tree/main/.poi/40/20190524_125832.jpg",38.46263969444445,-105.32421152777778,1967.76,"http://maps.google.com/maps?q=38.46263969444445,-105.32421152777778","https://www.openstreetmap.org/query?lat=38.46263969444445&lon=-105.32421152777778"
"https://github.com/rcfdtools/R.GISMobile/tree/main/.poi/40/20190524_125838.jpg",38.46263969444445,-105.32421152777778,1967.76,"http://maps.google.com/maps?q=38.46263969444445,-105.32421152777778","https://www.openstreetmap.org/query?lat=38.46263969444445&lon=-105.32421152777778"
"https://github.com/rcfdtools/R.GISMobile/tree/main/.poi/40/20190524_125849.jpg",38.46263969444445,-105.32421152777778,1967.76,"http://maps.google.com/maps?q=38.46263969444445,-105.32421152777778","https://www.openstreetmap.org/query?lat=38.46263969444445&lon=-105.32421152777778"
"https://github.com/rcfdtools/R.GISMobile/tree/main/.poi/40/20190524_125859.jpg",38.46263969444445,-105.32421152777778,1967.76,"http://maps.google.com/maps?q=38.46263969444445,-105.32421152777778","https://www.openstreetmap.org/query?lat=38.46263969444445&lon=-105.32421152777778"
"https://github.com/rcfdtools/R.GISMobile/tree/main/.poi/40/20190524_125908.jpg",38.46263969444445,-105.32421152777778,1967.76,"http://maps.google.com/maps?q=38.46263969444445,-105.32421152777778","https://www.openstreetmap.org/query?lat=38.46263969444445&lon=-105.32421152777778"
"https://github.com/rcfdtools/R.GISMobile/tree/main/.poi/40/20190524_125953.jpg",38.462523805555556,-105.32396266666666,1964.525,"http://maps.google.com/maps?q=38.462523805555556,-105.32396266666666","https://www.openstreetmap.org/query?lat=38.462523805555556&lon=-105.32396266666666"
"https://github.com/rcfdtools/R.GISMobile/tree/main/.poi/40/20190524_130001.jpg",38.462523805555556,-105.32396266666666,1964.525,"http://maps.google.com/maps?q=38.462523805555556,-105.32396266666666","https://www.openstreetmap.org/query?lat=38.462523805555556&lon=-105.32396266666666"
"https://github.com/rcfdtools/R.GISMobile/tree/main/.poi/40/20190524_130026.jpg",38.46262,-105.3238431111111,1964.298,"http://maps.google.com/maps?q=38.46262,-105.3238431111111","https://www.openstreetmap.org/query?lat=38.46262&lon=-105.3238431111111"
"https://github.com/rcfdtools/R.GISMobile/tree/main/.poi/40/20190524_130033.jpg",38.46262,-105.3238431111111,1964.298,"http://maps.google.com/maps?q=38.46262,-105.3238431111111","https://www.openstreetmap.org/query?lat=38.46262&lon=-105.3238431111111"
"https://github.com/rcfdtools/R.GISMobile/tree/main/.poi/40/20190524_130044.jpg",38.46262,-105.3238431111111,1964.298,"http://maps.google.com/maps?q=38.46262,-105.3238431111111","https://www.openstreetmap.org/query?lat=38.46262&lon=-105.3238431111111"
"https://github.com/rcfdtools/R.GISMobile/tree/main/.poi/40/20190524_130111.jpg",38.46253902777778,-105.32392097222221,1968.648,"http://maps.google.com/maps?q=38.46253902777778,-105.32392097222221","https://www.openstreetmap.org/query?lat=38.46253902777778&lon=-105.32392097222221"
"https://github.com/rcfdtools/R.GISMobile/tree/main/.poi/40/20190524_130116.jpg",38.46250341666667,-105.32386508333333,1962.622,"http://maps.google.com/maps?q=38.46250341666667,-105.32386508333333","https://www.openstreetmap.org/query?lat=38.46250341666667&lon=-105.32386508333333"
"https://github.com/rcfdtools/R.GISMobile/tree/main/.poi/40/20190524_130130.jpg",38.46250341666667,-105.32386508333333,1962.622,"http://maps.google.com/maps?q=38.46250341666667,-105.32386508333333","https://www.openstreetmap.org/query?lat=38.46250341666667&lon=-105.32386508333333"
"https://github.com/rcfdtools/R.GISMobile/tree/main/.poi/40/20190524_130311.jpg",38.46282494444445,-105.32333308333332,1950.616,"http://maps.google.com/maps?q=38.46282494444445,-105.32333308333332","https://www.openstreetmap.org/query?lat=38.46282494444445&lon=-105.32333308333332"
"https://github.com/rcfdtools/R.GISMobile/tree/main/.poi/40/20190524_130318.jpg",38.46282494444445,-105.32333308333332,1950.616,"http://maps.google.com/maps?q=38.46282494444445,-105.32333308333332","https://www.openstreetmap.org/query?lat=38.46282494444445&lon=-105.32333308333332"
"https://github.com/rcfdtools/R.GISMobile/tree/main/.poi/41/20210626_110424.jpg",0.0,0.0,0.0,"http://maps.google.com/maps?q=0.0,0.0","https://www.openstreetmap.org/query?lat=0.0&lon=0.0"
"https://github.com/rcfdtools/R.GISMobile/tree/main/.poi/41/20210626_110426.jpg",40.37364894444445,-105.23005497222222,1654.968,"http://maps.google.com/maps?q=40.37364894444445,-105.23005497222222","https://www.openstreetmap.org/query?lat=40.37364894444445&lon=-105.23005497222222"
"https://github.com/rcfdtools/R.GISMobile/tree/main/.poi/41/20210626_110525.jpg",40.37360616666667,-105.23002658333334,1654.512,"http://maps.google.com/maps?q=40.37360616666667,-105.23002658333334","https://www.openstreetmap.org/query?lat=40.37360616666667&lon=-105.23002658333334"
"https://github.com/rcfdtools/R.GISMobile/tree/main/.poi/41/20210626_110529.jpg",40.37360616666667,-105.23002658333334,1654.512,"http://maps.google.com/maps?q=40.37360616666667,-105.23002658333334","https://www.openstreetmap.org/query?lat=40.37360616666667&lon=-105.23002658333334"
"https://github.com/rcfdtools/R.GISMobile/tree/main/.poi/41/20210626_110606.jpg",40.37360616666667,-105.23002658333334,1654.512,"http://maps.google.com/maps?q=40.37360616666667,-105.23002658333334","https://www.openstreetmap.org/query?lat=40.37360616666667&lon=-105.23002658333334"
"https://github.com/rcfdtools/R.GISMobile/tree/main/.poi/41/20210626_110807.jpg",40.37362269444444,-105.23000294444445,1655.788,"http://maps.google.com/maps?q=40.37362269444444,-105.23000294444445","https://www.openstreetmap.org/query?lat=40.37362269444444&lon=-105.23000294444445"
"https://github.com/rcfdtools/R.GISMobile/tree/main/.poi/41/20210626_110819.jpg",40.373649444444446,-105.22999180555556,1658.843,"http://maps.google.com/maps?q=40.373649444444446,-105.22999180555556","https://www.openstreetmap.org/query?lat=40.373649444444446&lon=-105.22999180555556"
"https://github.com/rcfdtools/R.GISMobile/tree/main/.poi/41/20210626_110826.jpg",40.37364127777778,-105.22998972222223,1658.876,"http://maps.google.com/maps?q=40.37364127777778,-105.22998972222223","https://www.openstreetmap.org/query?lat=40.37364127777778&lon=-105.22998972222223"
"https://github.com/rcfdtools/R.GISMobile/tree/main/.poi/41/20210626_110912.jpg",0.0,0.0,0.0,"http://maps.google.com/maps?q=0.0,0.0","https://www.openstreetmap.org/query?lat=0.0&lon=0.0"
"https://github.com/rcfdtools/R.GISMobile/tree/main/.poi/41/20210626_110938.jpg",40.373515222222224,-105.2294495,1599.245,"http://maps.google.com/maps?q=40.373515222222224,-105.2294495","https://www.openstreetmap.org/query?lat=40.373515222222224&lon=-105.2294495"
"https://github.com/rcfdtools/R.GISMobile/tree/main/.poi/41/20210626_110942.jpg",40.373515222222224,-105.2294495,1599.245,"http://maps.google.com/maps?q=40.373515222222224,-105.2294495","https://www.openstreetmap.org/query?lat=40.373515222222224&lon=-105.2294495"
"https://github.com/rcfdtools/R.GISMobile/tree/main/.poi/41/20210626_111103.jpg",40.37398955555555,-105.23029102777778,1688.346,"http://maps.google.com/maps?q=40.37398955555555,-105.23029102777778","https://www.openstreetmap.org/query?lat=40.37398955555555&lon=-105.23029102777778"
"https://github.com/rcfdtools/R.GISMobile/tree/main/.poi/41/20210626_111105.jpg",40.37398955555555,-105.23029102777778,1688.346,"http://maps.google.com/maps?q=40.37398955555555,-105.23029102777778","https://www.openstreetmap.org/query?lat=40.37398955555555&lon=-105.23029102777778"
"https://github.com/rcfdtools/R.GISMobile/tree/main/.poi/41/20210626_111110.jpg",40.37398955555555,-105.23029102777778,1688.346,"http://maps.google.com/maps?q=40.37398955555555,-105.23029102777778","https://www.openstreetmap.org/query?lat=40.37398955555555&lon=-105.23029102777778"
"https://github.com/rcfdtools/R.GISMobile/tree/main/.poi/41/20210626_111315.jpg",0.0,0.0,0.0,"http://maps.google.com/maps?q=0.0,0.0","https://www.openstreetmap.org/query?lat=0.0&lon=0.0"
"https://github.com/rcfdtools/R.GISMobile/tree/main/.poi/41/20210626_111317.jpg",40.374671694444444,-105.2305748888889,1691.903,"http://maps.google.com/maps?q=40.374671694444444,-105.2305748888889","https://www.openstreetmap.org/query?lat=40.374671694444444&lon=-105.2305748888889"
"https://github.com/rcfdtools/R.GISMobile/tree/main/.poi/41/20210626_111320.jpg",40.374671694444444,-105.2305748888889,1691.903,"http://maps.google.com/maps?q=40.374671694444444,-105.2305748888889","https://www.openstreetmap.org/query?lat=40.374671694444444&lon=-105.2305748888889"
"https://github.com/rcfdtools/R.GISMobile/tree/main/.poi/41/20210626_111327.jpg",40.374671694444444,-105.2305748888889,1691.903,"http://maps.google.com/maps?q=40.374671694444444,-105.2305748888889","https://www.openstreetmap.org/query?lat=40.374671694444444&lon=-105.2305748888889"
"https://github.com/rcfdtools/R.GISMobile/tree/main/.poi/41/20210626_111330.jpg",40.374671694444444,-105.2305748888889,1691.903,"http://maps.google.com/maps?q=40.374671694444444,-105.2305748888889","https://www.openstreetmap.org/query?lat=40.374671694444444&lon=-105.2305748888889"
"https://github.com/rcfdtools/R.GISMobile/tree/main/.poi/41/20210626_112800.jpg",40.37339608333333,-105.23172686111111,1672.807,"http://maps.google.com/maps?q=40.37339608333333,-105.23172686111111","https://www.openstreetmap.org/query?lat=40.37339608333333&lon=-105.23172686111111"
"https://github.com/rcfdtools/R.GISMobile/tree/main/.poi/41/20210626_114437.jpg",40.37349783333333,-105.2318983888889,1666.398,"http://maps.google.com/maps?q=40.37349783333333,-105.2318983888889","https://www.openstreetmap.org/query?lat=40.37349783333333&lon=-105.2318983888889"
"https://github.com/rcfdtools/R.GISMobile/tree/main/.poi/41/20210627_062952.jpg",0.0,0.0,0.0,"http://maps.google.com/maps?q=0.0,0.0","https://www.openstreetmap.org/query?lat=0.0&lon=0.0"
"https://github.com/rcfdtools/R.GISMobile/tree/main/.poi/41/20210627_063004.jpg",0.0,0.0,0.0,"http://maps.google.com/maps?q=0.0,0.0","https://www.openstreetmap.org/query?lat=0.0&lon=0.0"
"https://github.com/rcfdtools/R.GISMobile/tree/main/.poi/41/20210627_063016.jpg",0.0,0.0,0.0,"http://maps.google.com/maps?q=0.0,0.0","https://www.openstreetmap.org/query?lat=0.0&lon=0.0"
"https://github.com/rcfdtools/R.GISMobile/tree/main/.poi/41/20210627_063037.jpg",0.0,0.0,0.0,"http://maps.google.com/maps?q=0.0,0.0","https://www.openstreetmap.org/query?lat=0.0&lon=0.0"
"https://github.com/rcfdtools/R.GISMobile/tree/main/.poi/41/20210627_063046.jpg",0.0,0.0,0.0,"http://maps.google.com/maps?q=0.0,0.0","https://www.openstreetmap.org/query?lat=0.0&lon=0.0"
"https://github.com/rcfdtools/R.GISMobile/tree/main/.poi/41/20210627_204340.jpg",0.0,0.0,0.0,"http://maps.google.com/maps?q=0.0,0.0","https://www.openstreetmap.org/query?lat=0.0&lon=0.0"
"https://github.com/rcfdtools/R.GISMobile/tree/main/.poi/41/20210627_204439.jpg",0.0,0.0,0.0,"http://maps.google.com/maps?q=0.0,0.0","https://www.openstreetmap.org/query?lat=0.0&lon=0.0"
"https://github.com/rcfdtools/R.GISMobile/tree/main/.poi/41/20210627_210222.jpg",0.0,0.0,0.0,"http://maps.google.com/maps?q=0.0,0.0","https://www.openstreetmap.org/query?lat=0.0&lon=0.0"
"https://github.com/rcfdtools/R.GISMobile/tree/main/.poi/41/20210627_210510.jpg",0.0,0.0,0.0,"http://maps.google.com/maps?q=0.0,0.0","https://www.openstreetmap.org/query?lat=0.0&lon=0.0"
"https://github.com/rcfdtools/R.GISMobile/tree/main/.poi/41/20210627_210521.jpg",0.0,0.0,0.0,"http://maps.google.com/maps?q=0.0,0.0","https://www.openstreetmap.org/query?lat=0.0&lon=0.0"
"https://github.com/rcfdtools/R.GISMobile/tree/main/.poi/42/20210606_120544.jpg",39.62943,-106.06998924999999,2662.522,"http://maps.google.com/maps?q=39.62943,-106.06998924999999","https://www.openstreetmap.org/query?lat=39.62943&lon=-106.06998924999999"
"https://github.com/rcfdtools/R.GISMobile/tree/main/.poi/42/20210606_120549.jpg",39.629429055555555,-106.06998980555555,2662.345,"http://maps.google.com/maps?q=39.629429055555555,-106.06998980555555","https://www.openstreetmap.org/query?lat=39.629429055555555&lon=-106.06998980555555"
"https://github.com/rcfdtools/R.GISMobile/tree/main/.poi/42/20210606_132054.jpg",39.615677500000004,-107.13713169444445,1852.292,"http://maps.google.com/maps?q=39.615677500000004,-107.13713169444445","https://www.openstreetmap.org/query?lat=39.615677500000004&lon=-107.13713169444445"
"https://github.com/rcfdtools/R.GISMobile/tree/main/.poi/42/20210606_132101.jpg",39.61497391666667,-107.13941100000001,1856.344,"http://maps.google.com/maps?q=39.61497391666667,-107.13941100000001","https://www.openstreetmap.org/query?lat=39.61497391666667&lon=-107.13941100000001"
"https://github.com/rcfdtools/R.GISMobile/tree/main/.poi/42/20210606_132248.jpg",0.0,0.0,0.0,"http://maps.google.com/maps?q=0.0,0.0","https://www.openstreetmap.org/query?lat=0.0&lon=0.0"
"https://github.com/rcfdtools/R.GISMobile/tree/main/.poi/42/20210606_132252.jpg",39.60172219444445,-107.1655346388889,1864.24,"http://maps.google.com/maps?q=39.60172219444445,-107.1655346388889","https://www.openstreetmap.org/query?lat=39.60172219444445&lon=-107.1655346388889"
"https://github.com/rcfdtools/R.GISMobile/tree/main/.poi/42/20210606_132259.jpg",39.60144652777778,-107.16738627777778,1864.889,"http://maps.google.com/maps?q=39.60144652777778,-107.16738627777778","https://www.openstreetmap.org/query?lat=39.60144652777778&lon=-107.16738627777778"
"https://github.com/rcfdtools/R.GISMobile/tree/main/.poi/42/20210606_132359.jpg",0.0,0.0,0.0,"http://maps.google.com/maps?q=0.0,0.0","https://www.openstreetmap.org/query?lat=0.0&lon=0.0"
"https://github.com/rcfdtools/R.GISMobile/tree/main/.poi/42/20210606_132401.jpg",39.59123397222223,-107.18064530555556,1866.48,"http://maps.google.com/maps?q=39.59123397222223,-107.18064530555556","https://www.openstreetmap.org/query?lat=39.59123397222223&lon=-107.18064530555556"
"https://github.com/rcfdtools/R.GISMobile/tree/main/.poi/42/20210606_133600.jpg",39.56057555555555,-107.25153508333334,1727.191,"http://maps.google.com/maps?q=39.56057555555555,-107.25153508333334","https://www.openstreetmap.org/query?lat=39.56057555555555&lon=-107.25153508333334"
"https://github.com/rcfdtools/R.GISMobile/tree/main/.poi/42/20210606_133605.jpg",39.56057555555555,-107.25153508333334,1727.191,"http://maps.google.com/maps?q=39.56057555555555,-107.25153508333334","https://www.openstreetmap.org/query?lat=39.56057555555555&lon=-107.25153508333334"
"https://github.com/rcfdtools/R.GISMobile/tree/main/.poi/42/20210606_133609.jpg",39.56057555555555,-107.25153508333334,1727.191,"http://maps.google.com/maps?q=39.56057555555555,-107.25153508333334","https://www.openstreetmap.org/query?lat=39.56057555555555&lon=-107.25153508333334"
"https://github.com/rcfdtools/R.GISMobile/tree/main/.poi/42/20210606_133613.jpg",39.56057555555555,-107.25153508333334,1727.191,"http://maps.google.com/maps?q=39.56057555555555,-107.25153508333334","https://www.openstreetmap.org/query?lat=39.56057555555555&lon=-107.25153508333334"
"https://github.com/rcfdtools/R.GISMobile/tree/main/.poi/42/20210606_134946.jpg",39.549572,-107.32813725,1731.554,"http://maps.google.com/maps?q=39.549572,-107.32813725","https://www.openstreetmap.org/query?lat=39.549572&lon=-107.32813725"
"https://github.com/rcfdtools/R.GISMobile/tree/main/.poi/42/20210606_142046.jpg",39.47547791666667,-108.01339941666667,1540.329,"http://maps.google.com/maps?q=39.47547791666667,-108.01339941666667","https://www.openstreetmap.org/query?lat=39.47547791666667&lon=-108.01339941666667"
"https://github.com/rcfdtools/R.GISMobile/tree/main/.poi/42/20210606_142103.jpg",39.47409583333334,-108.02042897222222,1544.609,"http://maps.google.com/maps?q=39.47409583333334,-108.02042897222222","https://www.openstreetmap.org/query?lat=39.47409583333334&lon=-108.02042897222222"
"https://github.com/rcfdtools/R.GISMobile/tree/main/.poi/42/20210606_142111.jpg",39.47257255555556,-108.02341086111112,1540.343,"http://maps.google.com/maps?q=39.47257255555556,-108.02341086111112","https://www.openstreetmap.org/query?lat=39.47257255555556&lon=-108.02341086111112"
"https://github.com/rcfdtools/R.GISMobile/tree/main/.poi/42/20210606_144225.jpg",0.0,0.0,0.0,"http://maps.google.com/maps?q=0.0,0.0","https://www.openstreetmap.org/query?lat=0.0&lon=0.0"
"https://github.com/rcfdtools/R.GISMobile/tree/main/.poi/42/20210606_144238.jpg",39.19500491666666,-108.28063222222222,1456.159,"http://maps.google.com/maps?q=39.19500491666666,-108.28063222222222","https://www.openstreetmap.org/query?lat=39.19500491666666&lon=-108.28063222222222"
"https://github.com/rcfdtools/R.GISMobile/tree/main/.poi/42/20210606_144902.jpg",39.11919397222222,-108.34093697222222,1447.153,"http://maps.google.com/maps?q=39.11919397222222,-108.34093697222222","https://www.openstreetmap.org/query?lat=39.11919397222222&lon=-108.34093697222222"
"https://github.com/rcfdtools/R.GISMobile/tree/main/.poi/42/20210606_145200.jpg",39.113985444444445,-108.40513475,1443.36,"http://maps.google.com/maps?q=39.113985444444445,-108.40513475","https://www.openstreetmap.org/query?lat=39.113985444444445&lon=-108.40513475"
"https://github.com/rcfdtools/R.GISMobile/tree/main/.poi/42/20210606_145208.jpg",39.113198555555556,-108.40805913888889,1448.799,"http://maps.google.com/maps?q=39.113198555555556,-108.40805913888889","https://www.openstreetmap.org/query?lat=39.113198555555556&lon=-108.40805913888889"
"https://github.com/rcfdtools/R.GISMobile/tree/main/.poi/42/20210606_145332.jpg",39.10743538888889,-108.43902491666667,1449.832,"http://maps.google.com/maps?q=39.10743538888889,-108.43902491666667","https://www.openstreetmap.org/query?lat=39.10743538888889&lon=-108.43902491666667"
"https://github.com/rcfdtools/R.GISMobile/tree/main/.poi/42/20210606_152354.jpg",39.19435375,-109.05167541666667,1430.291,"http://maps.google.com/maps?q=39.19435375,-109.05167541666667","https://www.openstreetmap.org/query?lat=39.19435375&lon=-109.05167541666667"
"https://github.com/rcfdtools/R.GISMobile/tree/main/.poi/42/20210606_164554.jpg",38.922028138888884,-110.39643372222223,1277.903,"http://maps.google.com/maps?q=38.922028138888884,-110.39643372222223","https://www.openstreetmap.org/query?lat=38.922028138888884&lon=-110.39643372222223"
"https://github.com/rcfdtools/R.GISMobile/tree/main/.poi/42/20210606_164610.jpg",38.92339358333333,-110.40289008333333,1281.917,"http://maps.google.com/maps?q=38.92339358333333,-110.40289008333333","https://www.openstreetmap.org/query?lat=38.92339358333333&lon=-110.40289008333333"
"https://github.com/rcfdtools/R.GISMobile/tree/main/.poi/42/20210606_164615.jpg",38.923807749999995,-110.40490752777778,1283.69,"http://maps.google.com/maps?q=38.923807749999995,-110.40490752777778","https://www.openstreetmap.org/query?lat=38.923807749999995&lon=-110.40490752777778"
"https://github.com/rcfdtools/R.GISMobile/tree/main/.poi/42/20210606_164639.jpg",38.92517108333333,-110.41486844444445,1283.676,"http://maps.google.com/maps?q=38.92517108333333,-110.41486844444445","https://www.openstreetmap.org/query?lat=38.92517108333333&lon=-110.41486844444445"
"https://github.com/rcfdtools/R.GISMobile/tree/main/.poi/42/20210606_164707.jpg",38.92290622222222,-110.42457683333333,1301.281,"http://maps.google.com/maps?q=38.92290622222222,-110.42457683333333","https://www.openstreetmap.org/query?lat=38.92290622222222&lon=-110.42457683333333"
"https://github.com/rcfdtools/R.GISMobile/tree/main/.poi/42/20210606_164721.jpg",38.92121727777778,-110.42864297222222,1314.266,"http://maps.google.com/maps?q=38.92121727777778,-110.42864297222222","https://www.openstreetmap.org/query?lat=38.92121727777778&lon=-110.42864297222222"
"https://github.com/rcfdtools/R.GISMobile/tree/main/.poi/42/20210606_164742.jpg",38.91952322222222,-110.43489875,1331.93,"http://maps.google.com/maps?q=38.91952322222222,-110.43489875","https://www.openstreetmap.org/query?lat=38.91952322222222&lon=-110.43489875"
"https://github.com/rcfdtools/R.GISMobile/tree/main/.poi/42/20210606_164809.jpg",38.922466888888884,-110.44242152777778,1364.343,"http://maps.google.com/maps?q=38.922466888888884,-110.44242152777778","https://www.openstreetmap.org/query?lat=38.922466888888884&lon=-110.44242152777778"
"https://github.com/rcfdtools/R.GISMobile/tree/main/.poi/42/20210606_164822.jpg",38.92369372222222,-110.44624261111112,1369.665,"http://maps.google.com/maps?q=38.92369372222222,-110.44624261111112","https://www.openstreetmap.org/query?lat=38.92369372222222&lon=-110.44624261111112"
"https://github.com/rcfdtools/R.GISMobile/tree/main/.poi/42/20210606_164829.jpg",38.924216916666666,-110.4483011388889,1377.236,"http://maps.google.com/maps?q=38.924216916666666,-110.4483011388889","https://www.openstreetmap.org/query?lat=38.924216916666666&lon=-110.4483011388889"
"https://github.com/rcfdtools/R.GISMobile/tree/main/.poi/42/20210606_164835.jpg",38.924331527777774,-110.45013677777779,1386.091,"http://maps.google.com/maps?q=38.924331527777774,-110.45013677777779","https://www.openstreetmap.org/query?lat=38.924331527777774&lon=-110.45013677777779"
"https://github.com/rcfdtools/R.GISMobile/tree/main/.poi/42/20210606_164901.jpg",38.927929999999996,-110.45564894444445,1423.817,"http://maps.google.com/maps?q=38.927929999999996,-110.45564894444445","https://www.openstreetmap.org/query?lat=38.927929999999996&lon=-110.45564894444445"
"https://github.com/rcfdtools/R.GISMobile/tree/main/.poi/42/20210606_164953.jpg",38.935086416666664,-110.46347597222223,1533.533,"http://maps.google.com/maps?q=38.935086416666664,-110.46347597222223","https://www.openstreetmap.org/query?lat=38.935086416666664&lon=-110.46347597222223"
"https://github.com/rcfdtools/R.GISMobile/tree/main/.poi/42/20210606_165025.jpg",38.93754525,-110.47173308333333,1584.208,"http://maps.google.com/maps?q=38.93754525,-110.47173308333333","https://www.openstreetmap.org/query?lat=38.93754525&lon=-110.47173308333333"
"https://github.com/rcfdtools/R.GISMobile/tree/main/.poi/42/20210606_171717.jpg",38.84552927777778,-111.05278872222222,1697.197,"http://maps.google.com/maps?q=38.84552927777778,-111.05278872222222","https://www.openstreetmap.org/query?lat=38.84552927777778&lon=-111.05278872222222"
"https://github.com/rcfdtools/R.GISMobile/tree/main/.poi/42/20210606_171720.jpg",38.84552986111111,-111.05410194444444,1697.359,"http://maps.google.com/maps?q=38.84552986111111,-111.05410194444444","https://www.openstreetmap.org/query?lat=38.84552986111111&lon=-111.05410194444444"
"https://github.com/rcfdtools/R.GISMobile/tree/main/.poi/42/20210606_172427.jpg",38.81136872222222,-111.21207844444444,1718.438,"http://maps.google.com/maps?q=38.81136872222222,-111.21207844444444","https://www.openstreetmap.org/query?lat=38.81136872222222&lon=-111.21207844444444"
"https://github.com/rcfdtools/R.GISMobile/tree/main/.poi/42/20210606_172430.jpg",38.81127908333333,-111.21292552777778,1720.345,"http://maps.google.com/maps?q=38.81127908333333,-111.21292552777778","https://www.openstreetmap.org/query?lat=38.81127908333333&lon=-111.21292552777778"
"https://github.com/rcfdtools/R.GISMobile/tree/main/.poi/42/20210609_215649.jpg",0.0,0.0,0.0,"http://maps.google.com/maps?q=0.0,0.0","https://www.openstreetmap.org/query?lat=0.0&lon=0.0"
"https://github.com/rcfdtools/R.GISMobile/tree/main/.poi/42/20210609_215651.jpg",0.0,0.0,0.0,"http://maps.google.com/maps?q=0.0,0.0","https://www.openstreetmap.org/query?lat=0.0&lon=0.0"
"https://github.com/rcfdtools/R.GISMobile/tree/main/.poi/42/20210612_120054.jpg",35.88909377777778,-106.01946047222222,1770.5,"http://maps.google.com/maps?q=35.88909377777778,-106.01946047222222","https://www.openstreetmap.org/query?lat=35.88909377777778&lon=-106.01946047222222"
"https://github.com/rcfdtools/R.GISMobile/tree/main/.poi/43/IMG_0052.JPEG",39.437486111111106,-105.36055833333333,2327.038873994638,"http://maps.google.com/maps?q=39.437486111111106,-105.36055833333333","https://www.openstreetmap.org/query?lat=39.437486111111106&lon=-105.36055833333333"
"https://github.com/rcfdtools/R.GISMobile/tree/main/.poi/43/IMG_0053.JPEG",39.43733611111111,-105.36034444444444,2324.0525,"http://maps.google.com/maps?q=39.43733611111111,-105.36034444444444","https://www.openstreetmap.org/query?lat=39.43733611111111&lon=-105.36034444444444"
"https://github.com/rcfdtools/R.GISMobile/tree/main/.poi/43/IMG_0054.JPEG",39.43708333333333,-105.35997777777777,2322.722049689441,"http://maps.google.com/maps?q=39.43708333333333,-105.35997777777777","https://www.openstreetmap.org/query?lat=39.43708333333333&lon=-105.35997777777777"
"https://github.com/rcfdtools/R.GISMobile/tree/main/.poi/43/IMG_0055.JPEG",39.43703333333333,-105.35987222222222,2322.401785714286,"http://maps.google.com/maps?q=39.43703333333333,-105.35987222222222","https://www.openstreetmap.org/query?lat=39.43703333333333&lon=-105.35987222222222"
"https://github.com/rcfdtools/R.GISMobile/tree/main/.poi/43/IMG_0056.JPEG",39.43593333333333,-105.35121111111111,2275.9392789373815,"http://maps.google.com/maps?q=39.43593333333333,-105.35121111111111","https://www.openstreetmap.org/query?lat=39.43593333333333&lon=-105.35121111111111"
"https://github.com/rcfdtools/R.GISMobile/tree/main/.poi/43/IMG_0057.JPEG",39.43550833333333,-105.3505861111111,2272.3092037228544,"http://maps.google.com/maps?q=39.43550833333333,-105.3505861111111","https://www.openstreetmap.org/query?lat=39.43550833333333&lon=-105.3505861111111"
"https://github.com/rcfdtools/R.GISMobile/tree/main/.poi/43/IMG_0058.JPEG",39.435249999999996,-105.35003611111111,2269.7377423033067,"http://maps.google.com/maps?q=39.435249999999996,-105.35003611111111","https://www.openstreetmap.org/query?lat=39.435249999999996&lon=-105.35003611111111"
"https://github.com/rcfdtools/R.GISMobile/tree/main/.poi/43/IMG_0059.JPEG",39.407025,-105.31226388888889,2051.5368956743005,"http://maps.google.com/maps?q=39.407025,-105.31226388888889","https://www.openstreetmap.org/query?lat=39.407025&lon=-105.31226388888889"
"https://github.com/rcfdtools/R.GISMobile/tree/main/.poi/43/IMG_0060.JPEG",39.406330555555556,-105.3106,2050.781499202552,"http://maps.google.com/maps?q=39.406330555555556,-105.3106","https://www.openstreetmap.org/query?lat=39.406330555555556&lon=-105.3106"
"https://github.com/rcfdtools/R.GISMobile/tree/main/.poi/43/IMG_0061.JPEG",39.39828611111111,-105.29528055555555,2040.2108013937282,"http://maps.google.com/maps?q=39.39828611111111,-105.29528055555555","https://www.openstreetmap.org/query?lat=39.39828611111111&lon=-105.29528055555555"
"https://github.com/rcfdtools/R.GISMobile/tree/main/.poi/43/IMG_0062.JPEG",39.398047222222225,-105.29488333333333,2038.351669941061,"http://maps.google.com/maps?q=39.398047222222225,-105.29488333333333","https://www.openstreetmap.org/query?lat=39.398047222222225&lon=-105.29488333333333"
"https://github.com/rcfdtools/R.GISMobile/tree/main/.poi/43/IMG_0063.JPEG",39.397758333333336,-105.29439444444444,2035.945652173913,"http://maps.google.com/maps?q=39.397758333333336,-105.29439444444444","https://www.openstreetmap.org/query?lat=39.397758333333336&lon=-105.29439444444444"
"https://github.com/rcfdtools/R.GISMobile/tree/main/.poi/43/IMG_0064.JPEG",39.397638888888885,-105.29419722222222,2035.7274011299435,"http://maps.google.com/maps?q=39.397638888888885,-105.29419722222222","https://www.openstreetmap.org/query?lat=39.397638888888885&lon=-105.29419722222222"
"https://github.com/rcfdtools/R.GISMobile/tree/main/.poi/43/IMG_0065.JPEG",39.39513888888889,-105.28256111111111,2028.5247465712582,"http://maps.google.com/maps?q=39.39513888888889,-105.28256111111111","https://www.openstreetmap.org/query?lat=39.39513888888889&lon=-105.28256111111111"
"https://github.com/rcfdtools/R.GISMobile/tree/main/.poi/43/IMG_0067.JPEG",39.384572222222225,-105.26621944444445,2084.9857346647645,"http://maps.google.com/maps?q=39.384572222222225,-105.26621944444445","https://www.openstreetmap.org/query?lat=39.384572222222225&lon=-105.26621944444445"
"https://github.com/rcfdtools/R.GISMobile/tree/main/.poi/43/IMG_0068.JPEG",39.368272222222224,-105.24684166666667,2259.922950819672,"http://maps.google.com/maps?q=39.368272222222224,-105.24684166666667","https://www.openstreetmap.org/query?lat=39.368272222222224&lon=-105.24684166666667"
"https://github.com/rcfdtools/R.GISMobile/tree/main/.poi/43/IMG_0069.JPEG",39.365966666666665,-105.24655833333334,2277.1442857142856,"http://maps.google.com/maps?q=39.365966666666665,-105.24655833333334","https://www.openstreetmap.org/query?lat=39.365966666666665&lon=-105.24655833333334"
"https://github.com/rcfdtools/R.GISMobile/tree/main/.poi/43/IMG_0070.JPEG",39.28629166666666,-105.276475,2359.5055679287307,"http://maps.google.com/maps?q=39.28629166666666,-105.276475","https://www.openstreetmap.org/query?lat=39.28629166666666&lon=-105.276475"
"https://github.com/rcfdtools/R.GISMobile/tree/main/.poi/43/IMG_0071.JPEG",39.284905555555554,-105.27561944444444,2348.289502762431,"http://maps.google.com/maps?q=39.284905555555554,-105.27561944444444","https://www.openstreetmap.org/query?lat=39.284905555555554&lon=-105.27561944444444"
"https://github.com/rcfdtools/R.GISMobile/tree/main/.poi/43/IMG_0072.JPEG",39.284461111111106,-105.27508611111111,2338.7191489361703,"http://maps.google.com/maps?q=39.284461111111106,-105.27508611111111","https://www.openstreetmap.org/query?lat=39.284461111111106&lon=-105.27508611111111"
"https://github.com/rcfdtools/R.GISMobile/tree/main/.poi/43/IMG_0073.JPEG",39.28337222222222,-105.27382777777778,2326.632892804699,"http://maps.google.com/maps?q=39.28337222222222,-105.27382777777778","https://www.openstreetmap.org/query?lat=39.28337222222222&lon=-105.27382777777778"
"https://github.com/rcfdtools/R.GISMobile/tree/main/.poi/43/IMG_0074.JPEG",39.24424444444445,-105.25221388888889,1987.5792592592593,"http://maps.google.com/maps?q=39.24424444444445,-105.25221388888889","https://www.openstreetmap.org/query?lat=39.24424444444445&lon=-105.25221388888889"
"https://github.com/rcfdtools/R.GISMobile/tree/main/.poi/43/IMG_0075.JPEG",39.24431111111111,-105.251625,1986.1234487263227,"http://maps.google.com/maps?q=39.24431111111111,-105.251625","https://www.openstreetmap.org/query?lat=39.24431111111111&lon=-105.251625"
"https://github.com/rcfdtools/R.GISMobile/tree/main/.poi/43/IMG_0084.JPEG",39.291108333333334,-105.20651944444445,1931.2447844228095,"http://maps.google.com/maps?q=39.291108333333334,-105.20651944444445","https://www.openstreetmap.org/query?lat=39.291108333333334&lon=-105.20651944444445"
"https://github.com/rcfdtools/R.GISMobile/tree/main/.poi/43/IMG_0085.JPEG",39.29108055555555,-105.20644444444444,1930.5405092592594,"http://maps.google.com/maps?q=39.29108055555555,-105.20644444444444","https://www.openstreetmap.org/query?lat=39.29108055555555&lon=-105.20644444444444"
"https://github.com/rcfdtools/R.GISMobile/tree/main/.poi/43/IMG_0086.JPEG",39.29107777777777,-105.20645833333333,1924.7599243856332,"http://maps.google.com/maps?q=39.29107777777777,-105.20645833333333","https://www.openstreetmap.org/query?lat=39.29107777777777&lon=-105.20645833333333"
"https://github.com/rcfdtools/R.GISMobile/tree/main/.poi/43/IMG_0087.JPEG",39.29107777777777,-105.20645277777778,1926.0726698262242,"http://maps.google.com/maps?q=39.29107777777777,-105.20645277777778","https://www.openstreetmap.org/query?lat=39.29107777777777&lon=-105.20645277777778"
"https://github.com/rcfdtools/R.GISMobile/tree/main/.poi/43/IMG_0088.JPEG",39.29111944444444,-105.20665,1928.3700305810398,"http://maps.google.com/maps?q=39.29111944444444,-105.20665","https://www.openstreetmap.org/query?lat=39.29111944444444&lon=-105.20665"
"https://github.com/rcfdtools/R.GISMobile/tree/main/.poi/43/IMG_0089.JPEG",39.29108333333333,-105.20665,1930.933626159102,"http://maps.google.com/maps?q=39.29108333333333,-105.20665","https://www.openstreetmap.org/query?lat=39.29108333333333&lon=-105.20665"
"https://github.com/rcfdtools/R.GISMobile/tree/main/.poi/44/IMG_1209.JPEG",5.139055555555556,-73.97645555555556,3042.513613861386,"http://maps.google.com/maps?q=5.139055555555556,-73.97645555555556","https://www.openstreetmap.org/query?lat=5.139055555555556&lon=-73.97645555555556"
"https://github.com/rcfdtools/R.GISMobile/tree/main/.poi/44/IMG_1210.JPEG",5.141680555555556,-73.97077222222222,2990.926213592233,"http://maps.google.com/maps?q=5.141680555555556,-73.97077222222222","https://www.openstreetmap.org/query?lat=5.141680555555556&lon=-73.97077222222222"
"https://github.com/rcfdtools/R.GISMobile/tree/main/.poi/44/IMG_1211.JPEG",5.135969444444445,-73.96980277777779,2983.1774332472005,"http://maps.google.com/maps?q=5.135969444444445,-73.96980277777779","https://www.openstreetmap.org/query?lat=5.135969444444445&lon=-73.96980277777779"
"https://github.com/rcfdtools/R.GISMobile/tree/main/.poi/44/IMG_1212.JPEG",5.135958333333334,-73.96980277777779,2981.7843665768196,"http://maps.google.com/maps?q=5.135958333333334,-73.96980277777779","https://www.openstreetmap.org/query?lat=5.135958333333334&lon=-73.96980277777779"
"https://github.com/rcfdtools/R.GISMobile/tree/main/.poi/44/IMG_1213.JPEG",5.1359666666666675,-73.96980277777779,2979.5966228893058,"http://maps.google.com/maps?q=5.1359666666666675,-73.96980277777779","https://www.openstreetmap.org/query?lat=5.1359666666666675&lon=-73.96980277777779"
"https://github.com/rcfdtools/R.GISMobile/tree/main/.poi/44/IMG_1214.JPEG",5.1359666666666675,-73.96980277777779,2980.792910447761,"http://maps.google.com/maps?q=5.1359666666666675,-73.96980277777779","https://www.openstreetmap.org/query?lat=5.1359666666666675&lon=-73.96980277777779"
"https://github.com/rcfdtools/R.GISMobile/tree/main/.poi/44/IMG_1215.JPEG",5.1358500000000005,-73.96971944444445,2979.3796610169493,"http://maps.google.com/maps?q=5.1358500000000005,-73.96971944444445","https://www.openstreetmap.org/query?lat=5.1358500000000005&lon=-73.96971944444445"
"https://github.com/rcfdtools/R.GISMobile/tree/main/.poi/44/IMG_1216.JPEG",5.135838888888889,-73.96972777777778,2977.862759643917,"http://maps.google.com/maps?q=5.135838888888889,-73.96972777777778","https://www.openstreetmap.org/query?lat=5.135838888888889&lon=-73.96972777777778"
"https://github.com/rcfdtools/R.GISMobile/tree/main/.poi/44/IMG_1217.JPEG",5.135852777777778,-73.96971944444445,2978.1009933774835,"http://maps.google.com/maps?q=5.135852777777778,-73.96971944444445","https://www.openstreetmap.org/query?lat=5.135852777777778&lon=-73.96971944444445"
"https://github.com/rcfdtools/R.GISMobile/tree/main/.poi/44/IMG_1218.JPEG",5.1358500000000005,-73.96971944444445,2978.698598130841,"http://maps.google.com/maps?q=5.1358500000000005,-73.96971944444445","https://www.openstreetmap.org/query?lat=5.1358500000000005&lon=-73.96971944444445"
"https://github.com/rcfdtools/R.GISMobile/tree/main/.poi/44/IMG_1219.JPEG",5.135863888888889,-73.96971944444445,2977.550531914894,"http://maps.google.com/maps?q=5.135863888888889,-73.96971944444445","https://www.openstreetmap.org/query?lat=5.135863888888889&lon=-73.96971944444445"
"https://github.com/rcfdtools/R.GISMobile/tree/main/.poi/44/IMG_1220.JPEG",5.135875,-73.96971111111111,2980.196905766526,"http://maps.google.com/maps?q=5.135875,-73.96971111111111","https://www.openstreetmap.org/query?lat=5.135875&lon=-73.96971111111111"
"https://github.com/rcfdtools/R.GISMobile/tree/main/.poi/44/IMG_1221.JPEG",5.1359666666666675,-73.96962777777777,2982.872611464968,"http://maps.google.com/maps?q=5.1359666666666675,-73.96962777777777","https://www.openstreetmap.org/query?lat=5.1359666666666675&lon=-73.96962777777777"
"https://github.com/rcfdtools/R.GISMobile/tree/main/.poi/44/IMG_1222.JPEG",5.13595,-73.96963611111111,2982.3701842546066,"http://maps.google.com/maps?q=5.13595,-73.96963611111111","https://www.openstreetmap.org/query?lat=5.13595&lon=-73.96963611111111"
"https://github.com/rcfdtools/R.GISMobile/tree/main/.poi/44/IMG_1223.JPEG",5.13595,-73.96963611111111,2982.670818505338,"http://maps.google.com/maps?q=5.13595,-73.96963611111111","https://www.openstreetmap.org/query?lat=5.13595&lon=-73.96963611111111"
"https://github.com/rcfdtools/R.GISMobile/tree/main/.poi/44/IMG_1224.JPEG",5.13595,-73.96963611111111,2982.6807909604518,"http://maps.google.com/maps?q=5.13595,-73.96963611111111","https://www.openstreetmap.org/query?lat=5.13595&lon=-73.96963611111111"
"https://github.com/rcfdtools/R.GISMobile/tree/main/.poi/44/IMG_1225.JPEG",5.136,-73.96899444444445,2968.6972111553787,"http://maps.google.com/maps?q=5.136,-73.96899444444445","https://www.openstreetmap.org/query?lat=5.136&lon=-73.96899444444445"
"https://github.com/rcfdtools/R.GISMobile/tree/main/.poi/44/IMG_1226.JPEG",5.13603888888889,-73.96901666666668,2975.458193979933,"http://maps.google.com/maps?q=5.13603888888889,-73.96901666666668","https://www.openstreetmap.org/query?lat=5.13603888888889&lon=-73.96901666666668"
"https://github.com/rcfdtools/R.GISMobile/tree/main/.poi/44/IMG_1227.JPEG",5.136047222222222,-73.969025,2977.3734776725305,"http://maps.google.com/maps?q=5.136047222222222,-73.969025","https://www.openstreetmap.org/query?lat=5.136047222222222&lon=-73.969025"
"https://github.com/rcfdtools/R.GISMobile/tree/main/.poi/44/IMG_1228.JPEG",5.135866666666667,-73.96788055555555,2961.7211328976036,"http://maps.google.com/maps?q=5.135866666666667,-73.96788055555555","https://www.openstreetmap.org/query?lat=5.135866666666667&lon=-73.96788055555555"
"https://github.com/rcfdtools/R.GISMobile/tree/main/.poi/44/IMG_1229.JPEG",5.122836111111111,-73.96465277777779,2942.313909774436,"http://maps.google.com/maps?q=5.122836111111111,-73.96465277777779","https://www.openstreetmap.org/query?lat=5.122836111111111&lon=-73.96465277777779"
"https://github.com/rcfdtools/R.GISMobile/tree/main/.poi/44/IMG_1230.JPEG",5.122830555555555,-73.96465277777779,2943.3917910447763,"http://maps.google.com/maps?q=5.122830555555555,-73.96465277777779","https://www.openstreetmap.org/query?lat=5.122830555555555&lon=-73.96465277777779"
"https://github.com/rcfdtools/R.GISMobile/tree/main/.poi/44/IMG_1231.JPEG",5.122825,-73.96465277777779,2942.8952042628775,"http://maps.google.com/maps?q=5.122825,-73.96465277777779","https://www.openstreetmap.org/query?lat=5.122825&lon=-73.96465277777779"
"https://github.com/rcfdtools/R.GISMobile/tree/main/.poi/44/IMG_1232.JPEG",5.122797222222222,-73.96465277777779,2947.0995542347696,"http://maps.google.com/maps?q=5.122797222222222,-73.96465277777779","https://www.openstreetmap.org/query?lat=5.122797222222222&lon=-73.96465277777779"
"https://github.com/rcfdtools/R.GISMobile/tree/main/.poi/44/IMG_1233.JPEG",5.122716666666666,-73.96461388888889,2934.518010291595,"http://maps.google.com/maps?q=5.122716666666666,-73.96461388888889","https://www.openstreetmap.org/query?lat=5.122716666666666&lon=-73.96461388888889"
"https://github.com/rcfdtools/R.GISMobile/tree/main/.poi/44/IMG_1234.JPEG",5.122713888888889,-73.96460555555556,2934.934268185802,"http://maps.google.com/maps?q=5.122713888888889,-73.96460555555556","https://www.openstreetmap.org/query?lat=5.122713888888889&lon=-73.96460555555556"
"https://github.com/rcfdtools/R.GISMobile/tree/main/.poi/44/IMG_1235.JPEG",5.12271111111111,-73.9646,2935.1681574239715,"http://maps.google.com/maps?q=5.12271111111111,-73.9646","https://www.openstreetmap.org/query?lat=5.12271111111111&lon=-73.9646"
"https://github.com/rcfdtools/R.GISMobile/tree/main/.poi/44/IMG_1236.JPEG",5.122827777777777,-73.96465277777779,2952.341252699784,"http://maps.google.com/maps?q=5.122827777777777,-73.96465277777779","https://www.openstreetmap.org/query?lat=5.122827777777777&lon=-73.96465277777779"
"https://github.com/rcfdtools/R.GISMobile/tree/main/.poi/44/IMG_1928.JPG",5.1348,-73.968125,2899.59009009009,"http://maps.google.com/maps?q=5.1348,-73.968125","https://www.openstreetmap.org/query?lat=5.1348&lon=-73.968125"
"https://github.com/rcfdtools/R.GISMobile/tree/main/.poi/44/IMG_1929.JPG",5.136125000000001,-73.9692388888889,2731.6502546689303,"http://maps.google.com/maps?q=5.136125000000001,-73.9692388888889","https://www.openstreetmap.org/query?lat=5.136125000000001&lon=-73.9692388888889"
"https://github.com/rcfdtools/R.GISMobile/tree/main/.poi/44/IMG_1930.JPG",5.136097222222222,-73.96923055555555,2968.135813953488,"http://maps.google.com/maps?q=5.136097222222222,-73.96923055555555","https://www.openstreetmap.org/query?lat=5.136097222222222&lon=-73.96923055555555"
"https://github.com/rcfdtools/R.GISMobile/tree/main/.poi/45/IMG_0061.JPG",5.083216666666666,-73.72604444444444,2714.9011627906975,"http://maps.google.com/maps?q=5.083216666666666,-73.72604444444444","https://www.openstreetmap.org/query?lat=5.083216666666666&lon=-73.72604444444444"
"https://github.com/rcfdtools/R.GISMobile/tree/main/.poi/45/IMG_0062.JPG",5.083225,-73.72603611111111,2714.4902634593354,"http://maps.google.com/maps?q=5.083225,-73.72603611111111","https://www.openstreetmap.org/query?lat=5.083225&lon=-73.72603611111111"
"https://github.com/rcfdtools/R.GISMobile/tree/main/.poi/46/20220411_135543.jpg",0.0,0.0,0.0,"http://maps.google.com/maps?q=0.0,0.0","https://www.openstreetmap.org/query?lat=0.0&lon=0.0"
"https://github.com/rcfdtools/R.GISMobile/tree/main/.poi/46/20220412_054457.jpg",0.0,0.0,0.0,"http://maps.google.com/maps?q=0.0,0.0","https://www.openstreetmap.org/query?lat=0.0&lon=0.0"
"https://github.com/rcfdtools/R.GISMobile/tree/main/.poi/46/20220412_054516.jpg",0.0,0.0,0.0,"http://maps.google.com/maps?q=0.0,0.0","https://www.openstreetmap.org/query?lat=0.0&lon=0.0"
"https://github.com/rcfdtools/R.GISMobile/tree/main/.poi/46/20220412_054600.jpg",0.0,0.0,0.0,"http://maps.google.com/maps?q=0.0,0.0","https://www.openstreetmap.org/query?lat=0.0&lon=0.0"
"https://github.com/rcfdtools/R.GISMobile/tree/main/.poi/46/20220412_054615.jpg",0.0,0.0,0.0,"http://maps.google.com/maps?q=0.0,0.0","https://www.openstreetmap.org/query?lat=0.0&lon=0.0"
"https://github.com/rcfdtools/R.GISMobile/tree/main/.poi/46/20220412_073027.jpg",0.0,0.0,0.0,"http://maps.google.com/maps?q=0.0,0.0","https://www.openstreetmap.org/query?lat=0.0&lon=0.0"
"https://github.com/rcfdtools/R.GISMobile/tree/main/.poi/46/20220412_073035.jpg",0.0,0.0,0.0,"http://maps.google.com/maps?q=0.0,0.0","https://www.openstreetmap.org/query?lat=0.0&lon=0.0"
"https://github.com/rcfdtools/R.GISMobile/tree/main/.poi/46/20220412_073044.jpg",0.0,0.0,0.0,"http://maps.google.com/maps?q=0.0,0.0","https://www.openstreetmap.org/query?lat=0.0&lon=0.0"
"https://github.com/rcfdtools/R.GISMobile/tree/main/.poi/46/20220412_073932.jpg",0.0,0.0,0.0,"http://maps.google.com/maps?q=0.0,0.0","https://www.openstreetmap.org/query?lat=0.0&lon=0.0"
"https://github.com/rcfdtools/R.GISMobile/tree/main/.poi/46/20220412_073934.jpg",0.0,0.0,0.0,"http://maps.google.com/maps?q=0.0,0.0","https://www.openstreetmap.org/query?lat=0.0&lon=0.0"
"https://github.com/rcfdtools/R.GISMobile/tree/main/.poi/46/20220412_073942.jpg",0.0,0.0,0.0,"http://maps.google.com/maps?q=0.0,0.0","https://www.openstreetmap.org/query?lat=0.0&lon=0.0"
"https://github.com/rcfdtools/R.GISMobile/tree/main/.poi/46/20220412_074130.jpg",0.0,0.0,0.0,"http://maps.google.com/maps?q=0.0,0.0","https://www.openstreetmap.org/query?lat=0.0&lon=0.0"
"https://github.com/rcfdtools/R.GISMobile/tree/main/.poi/46/20220412_074817.jpg",0.0,0.0,0.0,"http://maps.google.com/maps?q=0.0,0.0","https://www.openstreetmap.org/query?lat=0.0&lon=0.0"
"https://github.com/rcfdtools/R.GISMobile/tree/main/.poi/46/20220412_074819.jpg",0.0,0.0,0.0,"http://maps.google.com/maps?q=0.0,0.0","https://www.openstreetmap.org/query?lat=0.0&lon=0.0"
"https://github.com/rcfdtools/R.GISMobile/tree/main/.poi/46/20220412_074823.jpg",0.0,0.0,0.0,"http://maps.google.com/maps?q=0.0,0.0","https://www.openstreetmap.org/query?lat=0.0&lon=0.0"
"https://github.com/rcfdtools/R.GISMobile/tree/main/.poi/46/20220412_074835.jpg",0.0,0.0,0.0,"http://maps.google.com/maps?q=0.0,0.0","https://www.openstreetmap.org/query?lat=0.0&lon=0.0"
"https://github.com/rcfdtools/R.GISMobile/tree/main/.poi/46/20220412_140312.jpg",6.0574364166666665,-73.48209391666667,1622.751,"http://maps.google.com/maps?q=6.0574364166666665,-73.48209391666667","https://www.openstreetmap.org/query?lat=6.0574364166666665&lon=-73.48209391666667"
"https://github.com/rcfdtools/R.GISMobile/tree/main/.poi/46/20220412_140318.jpg",6.057433055555555,-73.48210822222222,1624.023,"http://maps.google.com/maps?q=6.057433055555555,-73.48210822222222","https://www.openstreetmap.org/query?lat=6.057433055555555&lon=-73.48210822222222"
"https://github.com/rcfdtools/R.GISMobile/tree/main/.poi/46/20220413_052441.jpg",0.0,0.0,0.0,"http://maps.google.com/maps?q=0.0,0.0","https://www.openstreetmap.org/query?lat=0.0&lon=0.0"
"https://github.com/rcfdtools/R.GISMobile/tree/main/.poi/46/20220413_080842.jpg",0.0,0.0,0.0,"http://maps.google.com/maps?q=0.0,0.0","https://www.openstreetmap.org/query?lat=0.0&lon=0.0"
"https://github.com/rcfdtools/R.GISMobile/tree/main/.poi/46/20220413_080847.jpg",0.0,0.0,0.0,"http://maps.google.com/maps?q=0.0,0.0","https://www.openstreetmap.org/query?lat=0.0&lon=0.0"
"https://github.com/rcfdtools/R.GISMobile/tree/main/.poi/46/20220413_101941.jpg",5.937559722222223,-73.51279233333334,1702.003,"http://maps.google.com/maps?q=5.937559722222223,-73.51279233333334","https://www.openstreetmap.org/query?lat=5.937559722222223&lon=-73.51279233333334"
"https://github.com/rcfdtools/R.GISMobile/tree/main/.poi/46/20220413_101945.jpg",5.937635222222222,-73.51282625,1702.997,"http://maps.google.com/maps?q=5.937635222222222,-73.51282625","https://www.openstreetmap.org/query?lat=5.937635222222222&lon=-73.51282625"
"https://github.com/rcfdtools/R.GISMobile/tree/main/.poi/46/20220413_101952.jpg",5.937635222222222,-73.51282625,1702.997,"http://maps.google.com/maps?q=5.937635222222222,-73.51282625","https://www.openstreetmap.org/query?lat=5.937635222222222&lon=-73.51282625"
"https://github.com/rcfdtools/R.GISMobile/tree/main/.poi/46/20220413_101954.jpg",5.937635222222222,-73.51282625,1702.997,"http://maps.google.com/maps?q=5.937635222222222,-73.51282625","https://www.openstreetmap.org/query?lat=5.937635222222222&lon=-73.51282625"
"https://github.com/rcfdtools/R.GISMobile/tree/main/.poi/46/20220413_102000.jpg",5.937635222222222,-73.51282625,1702.997,"http://maps.google.com/maps?q=5.937635222222222,-73.51282625","https://www.openstreetmap.org/query?lat=5.937635222222222&lon=-73.51282625"
"https://github.com/rcfdtools/R.GISMobile/tree/main/.poi/46/20220413_102121.jpg",5.9376588888888895,-73.51306511111112,1691.164,"http://maps.google.com/maps?q=5.9376588888888895,-73.51306511111112","https://www.openstreetmap.org/query?lat=5.9376588888888895&lon=-73.51306511111112"
"https://github.com/rcfdtools/R.GISMobile/tree/main/.poi/46/20220413_102128.jpg",5.93766675,-73.51314752777778,1694.345,"http://maps.google.com/maps?q=5.93766675,-73.51314752777778","https://www.openstreetmap.org/query?lat=5.93766675&lon=-73.51314752777778"
"https://github.com/rcfdtools/R.GISMobile/tree/main/.poi/46/20220413_102806.jpg",5.937588305555556,-73.51312608333333,1710.655,"http://maps.google.com/maps?q=5.937588305555556,-73.51312608333333","https://www.openstreetmap.org/query?lat=5.937588305555556&lon=-73.51312608333333"
"https://github.com/rcfdtools/R.GISMobile/tree/main/.poi/46/20220413_102815.jpg",5.937588305555556,-73.51312608333333,1710.655,"http://maps.google.com/maps?q=5.937588305555556,-73.51312608333333","https://www.openstreetmap.org/query?lat=5.937588305555556&lon=-73.51312608333333"
"https://github.com/rcfdtools/R.GISMobile/tree/main/.poi/46/20220413_102823.jpg",5.937588305555556,-73.51312608333333,1710.655,"http://maps.google.com/maps?q=5.937588305555556,-73.51312608333333","https://www.openstreetmap.org/query?lat=5.937588305555556&lon=-73.51312608333333"
"https://github.com/rcfdtools/R.GISMobile/tree/main/.poi/46/20220413_184426.jpg",0.0,0.0,0.0,"http://maps.google.com/maps?q=0.0,0.0","https://www.openstreetmap.org/query?lat=0.0&lon=0.0"
"https://github.com/rcfdtools/R.GISMobile/tree/main/.poi/46/20220413_184710.jpg",0.0,0.0,0.0,"http://maps.google.com/maps?q=0.0,0.0","https://www.openstreetmap.org/query?lat=0.0&lon=0.0"
"https://github.com/rcfdtools/R.GISMobile/tree/main/.poi/46/20220414_065243.jpg",6.056775194444445,-73.50652241666667,1504.134,"http://maps.google.com/maps?q=6.056775194444445,-73.50652241666667","https://www.openstreetmap.org/query?lat=6.056775194444445&lon=-73.50652241666667"
"https://github.com/rcfdtools/R.GISMobile/tree/main/.poi/46/20220414_065247.jpg",6.056775194444445,-73.50652241666667,1504.134,"http://maps.google.com/maps?q=6.056775194444445,-73.50652241666667","https://www.openstreetmap.org/query?lat=6.056775194444445&lon=-73.50652241666667"
"https://github.com/rcfdtools/R.GISMobile/tree/main/.poi/46/20220414_065251.jpg",6.056775194444445,-73.50652241666667,1504.134,"http://maps.google.com/maps?q=6.056775194444445,-73.50652241666667","https://www.openstreetmap.org/query?lat=6.056775194444445&lon=-73.50652241666667"
"https://github.com/rcfdtools/R.GISMobile/tree/main/.poi/46/20220414_071703.jpg",6.056634055555556,-73.50637263888889,1491.646,"http://maps.google.com/maps?q=6.056634055555556,-73.50637263888889","https://www.openstreetmap.org/query?lat=6.056634055555556&lon=-73.50637263888889"
"https://github.com/rcfdtools/R.GISMobile/tree/main/.poi/46/20220414_115359.jpg",6.037335583333333,-73.506562,0.0,"http://maps.google.com/maps?q=6.037335583333333,-73.506562","https://www.openstreetmap.org/query?lat=6.037335583333333&lon=-73.506562"
"https://github.com/rcfdtools/R.GISMobile/tree/main/.poi/46/20220415_074802.jpg",6.1059786944444445,-73.49455422222222,1040.093,"http://maps.google.com/maps?q=6.1059786944444445,-73.49455422222222","https://www.openstreetmap.org/query?lat=6.1059786944444445&lon=-73.49455422222222"
"https://github.com/rcfdtools/R.GISMobile/tree/main/.poi/46/20220415_074805.jpg",6.1059786944444445,-73.49455422222222,1040.093,"http://maps.google.com/maps?q=6.1059786944444445,-73.49455422222222","https://www.openstreetmap.org/query?lat=6.1059786944444445&lon=-73.49455422222222"
"https://github.com/rcfdtools/R.GISMobile/tree/main/.poi/46/20220415_074810.jpg",6.1059786944444445,-73.49455422222222,1040.093,"http://maps.google.com/maps?q=6.1059786944444445,-73.49455422222222","https://www.openstreetmap.org/query?lat=6.1059786944444445&lon=-73.49455422222222"
"https://github.com/rcfdtools/R.GISMobile/tree/main/.poi/46/20220415_075219.jpg",6.105977277777777,-73.49454280555555,1038.467,"http://maps.google.com/maps?q=6.105977277777777,-73.49454280555555","https://www.openstreetmap.org/query?lat=6.105977277777777&lon=-73.49454280555555"
"https://github.com/rcfdtools/R.GISMobile/tree/main/.poi/46/20220415_075224.jpg",6.105977277777777,-73.49454280555555,1038.467,"http://maps.google.com/maps?q=6.105977277777777,-73.49454280555555","https://www.openstreetmap.org/query?lat=6.105977277777777&lon=-73.49454280555555"
"https://github.com/rcfdtools/R.GISMobile/tree/main/.poi/46/20230225_082441.jpg",6.103028194444444,-73.44164427777778,1645.3,"http://maps.google.com/maps?q=6.103028194444444,-73.44164427777778","https://www.openstreetmap.org/query?lat=6.103028194444444&lon=-73.44164427777778"
"https://github.com/rcfdtools/R.GISMobile/tree/main/.poi/46/20230226_162120.jpg",0.0,0.0,0.0,"http://maps.google.com/maps?q=0.0,0.0","https://www.openstreetmap.org/query?lat=0.0&lon=0.0"
"https://github.com/rcfdtools/R.GISMobile/tree/main/.poi/46/20230226_162126.jpg",0.0,0.0,0.0,"http://maps.google.com/maps?q=0.0,0.0","https://www.openstreetmap.org/query?lat=0.0&lon=0.0"
"https://github.com/rcfdtools/R.GISMobile/tree/main/.poi/46/20230226_162131.jpg",0.0,0.0,0.0,"http://maps.google.com/maps?q=0.0,0.0","https://www.openstreetmap.org/query?lat=0.0&lon=0.0"
"https://github.com/rcfdtools/R.GISMobile/tree/main/.poi/46/20230226_162133.jpg",0.0,0.0,0.0,"http://maps.google.com/maps?q=0.0,0.0","https://www.openstreetmap.org/query?lat=0.0&lon=0.0"
"https://github.com/rcfdtools/R.GISMobile/tree/main/.poi/46/20230226_162247.jpg",0.0,0.0,0.0,"http://maps.google.com/maps?q=0.0,0.0","https://www.openstreetmap.org/query?lat=0.0&lon=0.0"
"https://github.com/rcfdtools/R.GISMobile/tree/main/.poi/46/20230226_162251.jpg",0.0,0.0,0.0,"http://maps.google.com/maps?q=0.0,0.0","https://www.openstreetmap.org/query?lat=0.0&lon=0.0"
"https://github.com/rcfdtools/R.GISMobile/tree/main/.poi/46/20230226_162256.jpg",0.0,0.0,0.0,"http://maps.google.com/maps?q=0.0,0.0","https://www.openstreetmap.org/query?lat=0.0&lon=0.0"
"https://github.com/rcfdtools/R.GISMobile/tree/main/.poi/46/IMG_0000.JPG",6.0142694444444444,-73.47695277777778,2073.109131403118,"http://maps.google.com/maps?q=6.0142694444444444,-73.47695277777778","https://www.openstreetmap.org/query?lat=6.0142694444444444&lon=-73.47695277777778"
"https://github.com/rcfdtools/R.GISMobile/tree/main/.poi/46/IMG_0001.JPG",6.014272222222222,-73.47695277777778,2073.6564952048825,"http://maps.google.com/maps?q=6.014272222222222,-73.47695277777778","https://www.openstreetmap.org/query?lat=6.014272222222222&lon=-73.47695277777778"
"https://github.com/rcfdtools/R.GISMobile/tree/main/.poi/46/IMG_0002.JPG",6.014266666666667,-73.47695277777778,2073.7346200241254,"http://maps.google.com/maps?q=6.014266666666667,-73.47695277777778","https://www.openstreetmap.org/query?lat=6.014266666666667&lon=-73.47695277777778"
"https://github.com/rcfdtools/R.GISMobile/tree/main/.poi/46/IMG_0003.JPG",6.014272222222222,-73.47695277777778,2073.77294921875,"http://maps.google.com/maps?q=6.014272222222222,-73.47695277777778","https://www.openstreetmap.org/query?lat=6.014272222222222&lon=-73.47695277777778"
"https://github.com/rcfdtools/R.GISMobile/tree/main/.poi/46/IMG_0004.JPG",6.01145,-73.47808055555556,2090.1181640625,"http://maps.google.com/maps?q=6.01145,-73.47808055555556","https://www.openstreetmap.org/query?lat=6.01145&lon=-73.47808055555556"
"https://github.com/rcfdtools/R.GISMobile/tree/main/.poi/46/IMG_0005.JPG",6.011238888888889,-73.47817222222223,2086.9482401656314,"http://maps.google.com/maps?q=6.011238888888889,-73.47817222222223","https://www.openstreetmap.org/query?lat=6.011238888888889&lon=-73.47817222222223"
"https://github.com/rcfdtools/R.GISMobile/tree/main/.poi/46/IMG_0006.JPG",6.009625,-73.47894444444445,2077.81005859375,"http://maps.google.com/maps?q=6.009625,-73.47894444444445","https://www.openstreetmap.org/query?lat=6.009625&lon=-73.47894444444445"
"https://github.com/rcfdtools/R.GISMobile/tree/main/.poi/46/IMG_0007.JPG",6.009625,-73.47894444444445,2077.6743169398906,"http://maps.google.com/maps?q=6.009625,-73.47894444444445","https://www.openstreetmap.org/query?lat=6.009625&lon=-73.47894444444445"
"https://github.com/rcfdtools/R.GISMobile/tree/main/.poi/46/IMG_0008.JPG",6.00875,-73.47968333333334,2068.357910906298,"http://maps.google.com/maps?q=6.00875,-73.47968333333334","https://www.openstreetmap.org/query?lat=6.00875&lon=-73.47968333333334"
"https://github.com/rcfdtools/R.GISMobile/tree/main/.poi/46/IMG_0009.JPG",6.0058638888888884,-73.48356666666666,2030.3282471157424,"http://maps.google.com/maps?q=6.0058638888888884,-73.48356666666666","https://www.openstreetmap.org/query?lat=6.0058638888888884&lon=-73.48356666666666"
"https://github.com/rcfdtools/R.GISMobile/tree/main/.poi/46/IMG_0010.JPG",6.006233333333333,-73.4893111111111,1933.970457902511,"http://maps.google.com/maps?q=6.006233333333333,-73.4893111111111","https://www.openstreetmap.org/query?lat=6.006233333333333&lon=-73.4893111111111"
"https://github.com/rcfdtools/R.GISMobile/tree/main/.poi/46/IMG_0011.JPG",6.007113888888889,-73.49183611111111,1879.2053231939165,"http://maps.google.com/maps?q=6.007113888888889,-73.49183611111111","https://www.openstreetmap.org/query?lat=6.007113888888889&lon=-73.49183611111111"
"https://github.com/rcfdtools/R.GISMobile/tree/main/.poi/46/IMG_0012.JPG",6.0071055555555555,-73.49182777777777,1878.201048951049,"http://maps.google.com/maps?q=6.0071055555555555,-73.49182777777777","https://www.openstreetmap.org/query?lat=6.0071055555555555&lon=-73.49182777777777"
"https://github.com/rcfdtools/R.GISMobile/tree/main/.poi/46/IMG_0013.JPG",6.011591666666667,-73.49368888888888,1820.7719714964371,"http://maps.google.com/maps?q=6.011591666666667,-73.49368888888888","https://www.openstreetmap.org/query?lat=6.011591666666667&lon=-73.49368888888888"
"https://github.com/rcfdtools/R.GISMobile/tree/main/.poi/46/IMG_0014.JPG",6.0122527777777774,-73.49396388888889,1815.0139165009941,"http://maps.google.com/maps?q=6.0122527777777774,-73.49396388888889","https://www.openstreetmap.org/query?lat=6.0122527777777774&lon=-73.49396388888889"
"https://github.com/rcfdtools/R.GISMobile/tree/main/.poi/46/IMG_0015.JPG",6.016419444444445,-73.49346111111112,1771.462890625,"http://maps.google.com/maps?q=6.016419444444445,-73.49346111111112","https://www.openstreetmap.org/query?lat=6.016419444444445&lon=-73.49346111111112"
"https://github.com/rcfdtools/R.GISMobile/tree/main/.poi/46/IMG_0016.JPG",6.016419444444445,-73.49346111111112,1771.1480730223125,"http://maps.google.com/maps?q=6.016419444444445,-73.49346111111112","https://www.openstreetmap.org/query?lat=6.016419444444445&lon=-73.49346111111112"
"https://github.com/rcfdtools/R.GISMobile/tree/main/.poi/46/IMG_0017.JPG",6.0165,-73.4934138888889,1768.89697265625,"http://maps.google.com/maps?q=6.0165,-73.4934138888889","https://www.openstreetmap.org/query?lat=6.0165&lon=-73.4934138888889"
"https://github.com/rcfdtools/R.GISMobile/tree/main/.poi/46/IMG_0018.JPG",6.016625,-73.49339444444445,1767.708984375,"http://maps.google.com/maps?q=6.016625,-73.49339444444445","https://www.openstreetmap.org/query?lat=6.016625&lon=-73.49339444444445"
"https://github.com/rcfdtools/R.GISMobile/tree/main/.poi/46/IMG_0343.JPEG",6.0263277777777775,-73.6167,1630.8516853932583,"http://maps.google.com/maps?q=6.0263277777777775,-73.6167","https://www.openstreetmap.org/query?lat=6.0263277777777775&lon=-73.6167"
"https://github.com/rcfdtools/R.GISMobile/tree/main/.poi/46/IMG_0344.JPEG",6.026291666666666,-73.61673055555555,1652.975221238938,"http://maps.google.com/maps?q=6.026291666666666,-73.61673055555555","https://www.openstreetmap.org/query?lat=6.026291666666666&lon=-73.61673055555555"
"https://github.com/rcfdtools/R.GISMobile/tree/main/.poi/46/IMG_0345.JPG",6.026291666666666,-73.61671388888888,1650.3572984749455,"http://maps.google.com/maps?q=6.026291666666666,-73.61671388888888","https://www.openstreetmap.org/query?lat=6.026291666666666&lon=-73.61671388888888"
"https://github.com/rcfdtools/R.GISMobile/tree/main/.poi/46/IMG_0346.JPG",6.026302777777778,-73.61671388888888,1649.95593220339,"http://maps.google.com/maps?q=6.026302777777778,-73.61671388888888","https://www.openstreetmap.org/query?lat=6.026302777777778&lon=-73.61671388888888"
"https://github.com/rcfdtools/R.GISMobile/tree/main/.poi/46/IMG_0348.JPG",6.026477777777778,-73.61723333333333,1630.8890392422193,"http://maps.google.com/maps?q=6.026477777777778,-73.61723333333333","https://www.openstreetmap.org/query?lat=6.026477777777778&lon=-73.61723333333333"
"https://github.com/rcfdtools/R.GISMobile/tree/main/.poi/46/IMG_0351.JPG",6.026466666666667,-73.61718055555555,1655.5815561959655,"http://maps.google.com/maps?q=6.026466666666667,-73.61718055555555","https://www.openstreetmap.org/query?lat=6.026466666666667&lon=-73.61718055555555"
"https://github.com/rcfdtools/R.GISMobile/tree/main/.poi/46/IMG_0363.JPG",6.024161111111111,-73.62272777777777,1691.3050541516245,"http://maps.google.com/maps?q=6.024161111111111,-73.62272777777777","https://www.openstreetmap.org/query?lat=6.024161111111111&lon=-73.62272777777777"
"https://github.com/rcfdtools/R.GISMobile/tree/main/.poi/46/IMG_0364.JPG",6.024161111111111,-73.62272777777777,1691.9876712328767,"http://maps.google.com/maps?q=6.024161111111111,-73.62272777777777","https://www.openstreetmap.org/query?lat=6.024161111111111&lon=-73.62272777777777"
"https://github.com/rcfdtools/R.GISMobile/tree/main/.poi/46/IMG_0365.JPG",6.024152777777778,-73.62271944444444,1692.691771269177,"http://maps.google.com/maps?q=6.024152777777778,-73.62271944444444","https://www.openstreetmap.org/query?lat=6.024152777777778&lon=-73.62271944444444"
"https://github.com/rcfdtools/R.GISMobile/tree/main/.poi/46/IMG_0370.JPG",6.025416666666667,-73.57309722222222,1491.4733333333334,"http://maps.google.com/maps?q=6.025416666666667,-73.57309722222222","https://www.openstreetmap.org/query?lat=6.025416666666667&lon=-73.57309722222222"
"https://github.com/rcfdtools/R.GISMobile/tree/main/.poi/46/IMG_0371.JPG",6.025338888888889,-73.57287777777778,1524.8473581213307,"http://maps.google.com/maps?q=6.025338888888889,-73.57287777777778","https://www.openstreetmap.org/query?lat=6.025338888888889&lon=-73.57287777777778"
"https://github.com/rcfdtools/R.GISMobile/tree/main/.poi/46/IMG_0372.JPG",6.025325,-73.57288333333332,1528.91864608076,"http://maps.google.com/maps?q=6.025325,-73.57288333333332","https://www.openstreetmap.org/query?lat=6.025325&lon=-73.57288333333332"
"https://github.com/rcfdtools/R.GISMobile/tree/main/.poi/46/IMG_0373.JPG",6.025277777777777,-73.57290555555555,1531.5374211000901,"http://maps.google.com/maps?q=6.025277777777777,-73.57290555555555","https://www.openstreetmap.org/query?lat=6.025277777777777&lon=-73.57290555555555"
"https://github.com/rcfdtools/R.GISMobile/tree/main/.poi/46/IMG_0374.JPG",6.025286111111111,-73.57290555555555,1532.7590987868284,"http://maps.google.com/maps?q=6.025286111111111,-73.57290555555555","https://www.openstreetmap.org/query?lat=6.025286111111111&lon=-73.57290555555555"
"https://github.com/rcfdtools/R.GISMobile/tree/main/.poi/46/IMG_0375.JPG",6.025291666666667,-73.57290555555555,1523.059513830679,"http://maps.google.com/maps?q=6.025291666666667,-73.57290555555555","https://www.openstreetmap.org/query?lat=6.025291666666667&lon=-73.57290555555555"
"https://github.com/rcfdtools/R.GISMobile/tree/main/.poi/46/IMG_0376.JPG",6.025291666666667,-73.57290555555555,1529.752386634845,"http://maps.google.com/maps?q=6.025291666666667,-73.57290555555555","https://www.openstreetmap.org/query?lat=6.025291666666667&lon=-73.57290555555555"
"https://github.com/rcfdtools/R.GISMobile/tree/main/.poi/46/IMG_0378.JPG",5.955788888888889,-73.700325,1983.9814658803707,"http://maps.google.com/maps?q=5.955788888888889,-73.700325","https://www.openstreetmap.org/query?lat=5.955788888888889&lon=-73.700325"
"https://github.com/rcfdtools/R.GISMobile/tree/main/.poi/46/IMG_0380.JPG",5.95615,-73.70042500000001,1974.5506607929515,"http://maps.google.com/maps?q=5.95615,-73.70042500000001","https://www.openstreetmap.org/query?lat=5.95615&lon=-73.70042500000001"
"https://github.com/rcfdtools/R.GISMobile/tree/main/.poi/46/IMG_0384.JPG",5.955697222222223,-73.70049444444444,1988.2104689203925,"http://maps.google.com/maps?q=5.955697222222223,-73.70049444444444","https://www.openstreetmap.org/query?lat=5.955697222222223&lon=-73.70049444444444"
"https://github.com/rcfdtools/R.GISMobile/tree/main/.poi/46/IMG_0385.JPG",5.955702777777778,-73.70049444444444,1989.0205278592375,"http://maps.google.com/maps?q=5.955702777777778,-73.70049444444444","https://www.openstreetmap.org/query?lat=5.955702777777778&lon=-73.70049444444444"
"https://github.com/rcfdtools/R.GISMobile/tree/main/.poi/46/IMG_0386.JPG",5.955625,-73.70027222222222,1983.9314159292035,"http://maps.google.com/maps?q=5.955625,-73.70027222222222","https://www.openstreetmap.org/query?lat=5.955625&lon=-73.70027222222222"
"https://github.com/rcfdtools/R.GISMobile/tree/main/.poi/46/IMG_0393.JPG",5.955613888888889,-73.70033333333333,1978.3374045801527,"http://maps.google.com/maps?q=5.955613888888889,-73.70033333333333","https://www.openstreetmap.org/query?lat=5.955613888888889&lon=-73.70033333333333"
"https://github.com/rcfdtools/R.GISMobile/tree/main/.poi/46/IMG_0401.JPG",5.955477777777778,-73.70011111111111,1989.8379120879122,"http://maps.google.com/maps?q=5.955477777777778,-73.70011111111111","https://www.openstreetmap.org/query?lat=5.955477777777778&lon=-73.70011111111111"
"https://github.com/rcfdtools/R.GISMobile/tree/main/.poi/46/IMG_0411.JPG",6.000025,-73.66922777777778,2124.133056133056,"http://maps.google.com/maps?q=6.000025,-73.66922777777778","https://www.openstreetmap.org/query?lat=6.000025&lon=-73.66922777777778"
"https://github.com/rcfdtools/R.GISMobile/tree/main/.poi/46/IMG_0412.JPG",6.011844444444445,-73.67179166666668,2134.5305164319248,"http://maps.google.com/maps?q=6.011844444444445,-73.67179166666668","https://www.openstreetmap.org/query?lat=6.011844444444445&lon=-73.67179166666668"
"https://github.com/rcfdtools/R.GISMobile/tree/main/.poi/46/IMG_0413.JPG",6.012422222222222,-73.67139444444445,2137.3187250996016,"http://maps.google.com/maps?q=6.012422222222222,-73.67139444444445","https://www.openstreetmap.org/query?lat=6.012422222222222&lon=-73.67139444444445"
"https://github.com/rcfdtools/R.GISMobile/tree/main/.poi/46/IMG_0414.JPG",6.012286111111111,-73.67147777777778,2140.7735583684953,"http://maps.google.com/maps?q=6.012286111111111,-73.67147777777778","https://www.openstreetmap.org/query?lat=6.012286111111111&lon=-73.67147777777778"
"https://github.com/rcfdtools/R.GISMobile/tree/main/.poi/46/IMG_0415.JPG",6.0120861111111115,-73.67156111111112,2145.0081799591003,"http://maps.google.com/maps?q=6.0120861111111115,-73.67156111111112","https://www.openstreetmap.org/query?lat=6.0120861111111115&lon=-73.67156111111112"
"https://github.com/rcfdtools/R.GISMobile/tree/main/.poi/46/IMG_0416.JPG",6.012261111111111,-73.67152222222222,2119.7860116569527,"http://maps.google.com/maps?q=6.012261111111111,-73.67152222222222","https://www.openstreetmap.org/query?lat=6.012261111111111&lon=-73.67152222222222"
"https://github.com/rcfdtools/R.GISMobile/tree/main/.poi/46/IMG_0417.JPG",6.012511111111111,-73.67136388888889,2131.276,"http://maps.google.com/maps?q=6.012511111111111,-73.67136388888889","https://www.openstreetmap.org/query?lat=6.012511111111111&lon=-73.67136388888889"
"https://github.com/rcfdtools/R.GISMobile/tree/main/.poi/46/IMG_0418.JPG",6.012466666666667,-73.67133333333334,2130.5794676806086,"http://maps.google.com/maps?q=6.012466666666667,-73.67133333333334","https://www.openstreetmap.org/query?lat=6.012466666666667&lon=-73.67133333333334"
"https://github.com/rcfdtools/R.GISMobile/tree/main/.poi/46/IMG_0419.JPG",6.012605555555556,-73.67111944444444,2173.2589118198875,"http://maps.google.com/maps?q=6.012605555555556,-73.67111944444444","https://www.openstreetmap.org/query?lat=6.012605555555556&lon=-73.67111944444444"
"https://github.com/rcfdtools/R.GISMobile/tree/main/.poi/46/IMG_0420.JPG",6.012194444444445,-73.67162222222223,2116.9224855861626,"http://maps.google.com/maps?q=6.012194444444445,-73.67162222222223","https://www.openstreetmap.org/query?lat=6.012194444444445&lon=-73.67162222222223"
"https://github.com/rcfdtools/R.GISMobile/tree/main/.poi/46/IMG_0421.JPEG",6.012294444444445,-73.67165277777778,2135.627075351213,"http://maps.google.com/maps?q=6.012294444444445,-73.67165277777778","https://www.openstreetmap.org/query?lat=6.012294444444445&lon=-73.67165277777778"
"https://github.com/rcfdtools/R.GISMobile/tree/main/.poi/46/IMG_0422.JPEG",6.012375,-73.67170555555556,2138.372191011236,"http://maps.google.com/maps?q=6.012375,-73.67170555555556","https://www.openstreetmap.org/query?lat=6.012375&lon=-73.67170555555556"
"https://github.com/rcfdtools/R.GISMobile/tree/main/.poi/46/IMG_0423.JPG",6.012405555555556,-73.67186111111111,2141.453164556962,"http://maps.google.com/maps?q=6.012405555555556,-73.67186111111111","https://www.openstreetmap.org/query?lat=6.012405555555556&lon=-73.67186111111111"
"https://github.com/rcfdtools/R.GISMobile/tree/main/.poi/46/IMG_0424.JPG",6.012433333333333,-73.67189722222223,2141.233231707317,"http://maps.google.com/maps?q=6.012433333333333,-73.67189722222223","https://www.openstreetmap.org/query?lat=6.012433333333333&lon=-73.67189722222223"
"https://github.com/rcfdtools/R.GISMobile/tree/main/.poi/46/IMG_0425.JPG",6.012755555555556,-73.67186666666667,2131.0533453887883,"http://maps.google.com/maps?q=6.012755555555556,-73.67186666666667","https://www.openstreetmap.org/query?lat=6.012755555555556&lon=-73.67186666666667"
"https://github.com/rcfdtools/R.GISMobile/tree/main/.poi/46/IMG_0426.JPG",6.013025,-73.67179166666668,2148.0811744386874,"http://maps.google.com/maps?q=6.013025,-73.67179166666668","https://www.openstreetmap.org/query?lat=6.013025&lon=-73.67179166666668"
"https://github.com/rcfdtools/R.GISMobile/tree/main/.poi/46/IMG_0430.JPG",5.981744444444445,-73.6288611111111,1827.4050279329608,"http://maps.google.com/maps?q=5.981744444444445,-73.6288611111111","https://www.openstreetmap.org/query?lat=5.981744444444445&lon=-73.6288611111111"
"https://github.com/rcfdtools/R.GISMobile/tree/main/.poi/46/IMG_0431.JPG",6.062911111111111,-73.6374888888889,1798.2069092245497,"http://maps.google.com/maps?q=6.062911111111111,-73.6374888888889","https://www.openstreetmap.org/query?lat=6.062911111111111&lon=-73.6374888888889"
"https://github.com/rcfdtools/R.GISMobile/tree/main/.poi/46/IMG_0432.JPG",6.062916666666666,-73.63748055555556,1798.253052164262,"http://maps.google.com/maps?q=6.062916666666666,-73.63748055555556","https://www.openstreetmap.org/query?lat=6.062916666666666&lon=-73.63748055555556"
"https://github.com/rcfdtools/R.GISMobile/tree/main/.poi/46/IMG_0433.JPG",6.062911111111111,-73.63748055555556,1794.3033448673586,"http://maps.google.com/maps?q=6.062911111111111,-73.63748055555556","https://www.openstreetmap.org/query?lat=6.062911111111111&lon=-73.63748055555556"
"https://github.com/rcfdtools/R.GISMobile/tree/main/.poi/46/IMG_0434.JPG",6.062908333333334,-73.63748055555556,1794.2706310679612,"http://maps.google.com/maps?q=6.062908333333334,-73.63748055555556","https://www.openstreetmap.org/query?lat=6.062908333333334&lon=-73.63748055555556"
"https://github.com/rcfdtools/R.GISMobile/tree/main/.poi/46/IMG_0435.JPG",6.062983333333333,-73.6374888888889,1798.961791831357,"http://maps.google.com/maps?q=6.062983333333333,-73.6374888888889","https://www.openstreetmap.org/query?lat=6.062983333333333&lon=-73.6374888888889"
"https://github.com/rcfdtools/R.GISMobile/tree/main/.poi/46/IMG_0436.JPG",6.062919444444444,-73.63742777777779,1790.4278169014085,"http://maps.google.com/maps?q=6.062919444444444,-73.63742777777779","https://www.openstreetmap.org/query?lat=6.062919444444444&lon=-73.63742777777779"
"https://github.com/rcfdtools/R.GISMobile/tree/main/.poi/46/IMG_0437.JPG",6.062905555555555,-73.63750555555556,1795.961303462322,"http://maps.google.com/maps?q=6.062905555555555,-73.63750555555556","https://www.openstreetmap.org/query?lat=6.062905555555555&lon=-73.63750555555556"
"https://github.com/rcfdtools/R.GISMobile/tree/main/.poi/46/IMG_0438.JPG",6.062766666666667,-73.63780277777778,1794.0018315018315,"http://maps.google.com/maps?q=6.062766666666667,-73.63780277777778","https://www.openstreetmap.org/query?lat=6.062766666666667&lon=-73.63780277777778"
"https://github.com/rcfdtools/R.GISMobile/tree/main/.poi/46/IMG_0444.JPG",6.0628416666666665,-73.63745833333334,1785.970093457944,"http://maps.google.com/maps?q=6.0628416666666665,-73.63745833333334","https://www.openstreetmap.org/query?lat=6.0628416666666665&lon=-73.63745833333334"
"https://github.com/rcfdtools/R.GISMobile/tree/main/.poi/46/IMG_0445.JPG",6.0628416666666665,-73.63747222222223,1788.0736086175943,"http://maps.google.com/maps?q=6.0628416666666665,-73.63747222222223","https://www.openstreetmap.org/query?lat=6.0628416666666665&lon=-73.63747222222223"
"https://github.com/rcfdtools/R.GISMobile/tree/main/.poi/46/IMG_0449.JPG",6.062672222222222,-73.63757222222223,1784.2842998585572,"http://maps.google.com/maps?q=6.062672222222222,-73.63757222222223","https://www.openstreetmap.org/query?lat=6.062672222222222&lon=-73.63757222222223"
"https://github.com/rcfdtools/R.GISMobile/tree/main/.poi/46/IMG_2010.JPG",6.014266666666667,-73.47694444444444,2074.542113323124,"http://maps.google.com/maps?q=6.014266666666667,-73.47694444444444","https://www.openstreetmap.org/query?lat=6.014266666666667&lon=-73.47694444444444"
"https://github.com/rcfdtools/R.GISMobile/tree/main/.poi/46/IMG_2013.JPG",6.014272222222222,-73.47696111111111,2073.8551752921535,"http://maps.google.com/maps?q=6.014272222222222,-73.47696111111111","https://www.openstreetmap.org/query?lat=6.014272222222222&lon=-73.47696111111111"
"https://github.com/rcfdtools/R.GISMobile/tree/main/.poi/46/IMG_2014.JPG",6.013738888888889,-73.4773388888889,2074.2828985507244,"http://maps.google.com/maps?q=6.013738888888889,-73.4773388888889","https://www.openstreetmap.org/query?lat=6.013738888888889&lon=-73.4773388888889"
"https://github.com/rcfdtools/R.GISMobile/tree/main/.poi/46/IMG_20250816_092936512.jpg",5.3850421666666675,-73.68643186111112,2695.0,"http://maps.google.com/maps?q=5.3850421666666675,-73.68643186111112","https://www.openstreetmap.org/query?lat=5.3850421666666675&lon=-73.68643186111112"
"https://github.com/rcfdtools/R.GISMobile/tree/main/.poi/46/IMG_20250816_092940765.jpg",5.3850421666666675,-73.68643186111112,2695.0,"http://maps.google.com/maps?q=5.3850421666666675,-73.68643186111112","https://www.openstreetmap.org/query?lat=5.3850421666666675&lon=-73.68643186111112"
"https://github.com/rcfdtools/R.GISMobile/tree/main/.poi/46/IMG_20250816_092943426.jpg",5.3850421666666675,-73.68643186111112,2695.0,"http://maps.google.com/maps?q=5.3850421666666675,-73.68643186111112","https://www.openstreetmap.org/query?lat=5.3850421666666675&lon=-73.68643186111112"
"https://github.com/rcfdtools/R.GISMobile/tree/main/.poi/46/IMG_20250816_092945679.jpg",5.3850421666666675,-73.68643186111112,2695.0,"http://maps.google.com/maps?q=5.3850421666666675,-73.68643186111112","https://www.openstreetmap.org/query?lat=5.3850421666666675&lon=-73.68643186111112"
"https://github.com/rcfdtools/R.GISMobile/tree/main/.poi/46/IMG_20250816_092951887.jpg",5.3850421666666675,-73.68643186111112,2695.0,"http://maps.google.com/maps?q=5.3850421666666675,-73.68643186111112","https://www.openstreetmap.org/query?lat=5.3850421666666675&lon=-73.68643186111112"
"https://github.com/rcfdtools/R.GISMobile/tree/main/.poi/46/IMG_20250816_105015018.jpg",5.583733111111111,-73.69647977777778,0.0,"http://maps.google.com/maps?q=5.583733111111111,-73.69647977777778","https://www.openstreetmap.org/query?lat=5.583733111111111&lon=-73.69647977777778"
"https://github.com/rcfdtools/R.GISMobile/tree/main/.poi/46/IMG_20250816_105021908.jpg",5.583733111111111,-73.69647977777778,0.0,"http://maps.google.com/maps?q=5.583733111111111,-73.69647977777778","https://www.openstreetmap.org/query?lat=5.583733111111111&lon=-73.69647977777778"
"https://github.com/rcfdtools/R.GISMobile/tree/main/.poi/46/IMG_20250816_105028760.jpg",5.583733111111111,-73.69647977777778,0.0,"http://maps.google.com/maps?q=5.583733111111111,-73.69647977777778","https://www.openstreetmap.org/query?lat=5.583733111111111&lon=-73.69647977777778"
"https://github.com/rcfdtools/R.GISMobile/tree/main/.poi/46/IMG_20250816_105032978.jpg",5.583733111111111,-73.69647977777778,0.0,"http://maps.google.com/maps?q=5.583733111111111,-73.69647977777778","https://www.openstreetmap.org/query?lat=5.583733111111111&lon=-73.69647977777778"
"https://github.com/rcfdtools/R.GISMobile/tree/main/.poi/46/IMG_20250816_105036614.jpg",5.583733111111111,-73.69647977777778,0.0,"http://maps.google.com/maps?q=5.583733111111111,-73.69647977777778","https://www.openstreetmap.org/query?lat=5.583733111111111&lon=-73.69647977777778"
"https://github.com/rcfdtools/R.GISMobile/tree/main/.poi/46/IMG_20250816_105158227.jpg",5.506512138888889,-73.62281797222222,2613.0,"http://maps.google.com/maps?q=5.506512138888889,-73.62281797222222","https://www.openstreetmap.org/query?lat=5.506512138888889&lon=-73.62281797222222"
"https://github.com/rcfdtools/R.GISMobile/tree/main/.poi/46/IMG_20250816_105200530.jpg",5.506512138888889,-73.62281797222222,2613.0,"http://maps.google.com/maps?q=5.506512138888889,-73.62281797222222","https://www.openstreetmap.org/query?lat=5.506512138888889&lon=-73.62281797222222"
"https://github.com/rcfdtools/R.GISMobile/tree/main/.poi/46/IMG_20250816_105202297.jpg",5.506512138888889,-73.62281797222222,2613.0,"http://maps.google.com/maps?q=5.506512138888889,-73.62281797222222","https://www.openstreetmap.org/query?lat=5.506512138888889&lon=-73.62281797222222"
"https://github.com/rcfdtools/R.GISMobile/tree/main/.poi/46/IMG_20250816_112503211_HDR.jpg",5.5380701666666665,-73.63306424999999,2286.0,"http://maps.google.com/maps?q=5.5380701666666665,-73.63306424999999","https://www.openstreetmap.org/query?lat=5.5380701666666665&lon=-73.63306424999999"
"https://github.com/rcfdtools/R.GISMobile/tree/main/.poi/46/IMG_20250816_112507148_HDR.jpg",5.5380701666666665,-73.63306424999999,2286.0,"http://maps.google.com/maps?q=5.5380701666666665,-73.63306424999999","https://www.openstreetmap.org/query?lat=5.5380701666666665&lon=-73.63306424999999"
"https://github.com/rcfdtools/R.GISMobile/tree/main/.poi/46/IMG_20250816_112702468_HDR.jpg",5.537725944444444,-73.63275908333333,2175.0,"http://maps.google.com/maps?q=5.537725944444444,-73.63275908333333","https://www.openstreetmap.org/query?lat=5.537725944444444&lon=-73.63275908333333"
"https://github.com/rcfdtools/R.GISMobile/tree/main/.poi/46/IMG_20250816_112705975.jpg",5.537725944444444,-73.63275908333333,2175.0,"http://maps.google.com/maps?q=5.537725944444444,-73.63275908333333","https://www.openstreetmap.org/query?lat=5.537725944444444&lon=-73.63275908333333"
"https://github.com/rcfdtools/R.GISMobile/tree/main/.poi/46/IMG_20250816_112713093.jpg",5.537725944444444,-73.63275908333333,2175.0,"http://maps.google.com/maps?q=5.537725944444444,-73.63275908333333","https://www.openstreetmap.org/query?lat=5.537725944444444&lon=-73.63275908333333"
"https://github.com/rcfdtools/R.GISMobile/tree/main/.poi/46/IMG_20250816_112721841.jpg",5.537725944444444,-73.63275908333333,2175.0,"http://maps.google.com/maps?q=5.537725944444444,-73.63275908333333","https://www.openstreetmap.org/query?lat=5.537725944444444&lon=-73.63275908333333"
"https://github.com/rcfdtools/R.GISMobile/tree/main/.poi/46/IMG_20250816_112725352.jpg",5.537725944444444,-73.63275908333333,2175.0,"http://maps.google.com/maps?q=5.537725944444444,-73.63275908333333","https://www.openstreetmap.org/query?lat=5.537725944444444&lon=-73.63275908333333"
"https://github.com/rcfdtools/R.GISMobile/tree/main/.poi/46/IMG_20250816_112746015.jpg",5.537725944444444,-73.63275908333333,2175.0,"http://maps.google.com/maps?q=5.537725944444444,-73.63275908333333","https://www.openstreetmap.org/query?lat=5.537725944444444&lon=-73.63275908333333"
"https://github.com/rcfdtools/R.GISMobile/tree/main/.poi/46/IMG_20250816_112748960.jpg",5.537725944444444,-73.63275908333333,2175.0,"http://maps.google.com/maps?q=5.537725944444444,-73.63275908333333","https://www.openstreetmap.org/query?lat=5.537725944444444&lon=-73.63275908333333"
"https://github.com/rcfdtools/R.GISMobile/tree/main/.poi/46/IMG_20250816_112752331.jpg",5.537725944444444,-73.63275908333333,2175.0,"http://maps.google.com/maps?q=5.537725944444444,-73.63275908333333","https://www.openstreetmap.org/query?lat=5.537725944444444&lon=-73.63275908333333"
"https://github.com/rcfdtools/R.GISMobile/tree/main/.poi/46/IMG_20250816_115134530.jpg",5.5405101666666665,-73.63288877777777,2168.0,"http://maps.google.com/maps?q=5.5405101666666665,-73.63288877777777","https://www.openstreetmap.org/query?lat=5.5405101666666665&lon=-73.63288877777777"
"https://github.com/rcfdtools/R.GISMobile/tree/main/.poi/46/IMG_20250816_115147927.jpg",5.5405101666666665,-73.63288877777777,2168.0,"http://maps.google.com/maps?q=5.5405101666666665,-73.63288877777777","https://www.openstreetmap.org/query?lat=5.5405101666666665&lon=-73.63288877777777"
"https://github.com/rcfdtools/R.GISMobile/tree/main/.poi/46/IMG_20250920_170314891_HDR.jpg",6.17503213888889,-73.44754027777778,1442.0,"http://maps.google.com/maps?q=6.17503213888889,-73.44754027777778","https://www.openstreetmap.org/query?lat=6.17503213888889&lon=-73.44754027777778"
"https://github.com/rcfdtools/R.GISMobile/tree/main/.poi/46/IMG_20250920_170449883_HDR.jpg",6.175046916666667,-73.44745633333334,1449.0,"http://maps.google.com/maps?q=6.175046916666667,-73.44745633333334","https://www.openstreetmap.org/query?lat=6.175046916666667&lon=-73.44745633333334"
"https://github.com/rcfdtools/R.GISMobile/tree/main/.poi/46/IMG_20250920_170834272_HDR.jpg",6.175632944444445,-73.44624327777778,1445.0,"http://maps.google.com/maps?q=6.175632944444445,-73.44624327777778","https://www.openstreetmap.org/query?lat=6.175632944444445&lon=-73.44624327777778"
"https://github.com/rcfdtools/R.GISMobile/tree/main/.poi/46/IMG_20250920_170839609_HDR.jpg",6.175632944444445,-73.44624327777778,1445.0,"http://maps.google.com/maps?q=6.175632944444445,-73.44624327777778","https://www.openstreetmap.org/query?lat=6.175632944444445&lon=-73.44624327777778"
"https://github.com/rcfdtools/R.GISMobile/tree/main/.poi/46/IMG_20250920_170843581.jpg",6.175632944444445,-73.44624327777778,1445.0,"http://maps.google.com/maps?q=6.175632944444445,-73.44624327777778","https://www.openstreetmap.org/query?lat=6.175632944444445&lon=-73.44624327777778"
"https://github.com/rcfdtools/R.GISMobile/tree/main/.poi/46/IMG_20250920_171023840.jpg",6.174680222222222,-73.44779202777778,1428.0,"http://maps.google.com/maps?q=6.174680222222222,-73.44779202777778","https://www.openstreetmap.org/query?lat=6.174680222222222&lon=-73.44779202777778"
"https://github.com/rcfdtools/R.GISMobile/tree/main/.poi/46/IMG_20250920_171251235_HDR.jpg",6.175538055555556,-73.44769286111112,1434.0,"http://maps.google.com/maps?q=6.175538055555556,-73.44769286111112","https://www.openstreetmap.org/query?lat=6.175538055555556&lon=-73.44769286111112"
"https://github.com/rcfdtools/R.GISMobile/tree/main/.poi/46/IMG_20250920_171408594_HDR.jpg",6.1749119722222225,-73.44898222222223,1434.0,"http://maps.google.com/maps?q=6.1749119722222225,-73.44898222222223","https://www.openstreetmap.org/query?lat=6.1749119722222225&lon=-73.44898222222223"
"https://github.com/rcfdtools/R.GISMobile/tree/main/.poi/46/IMG_20250920_173917803.jpg",6.159203027777778,-73.44826505555555,1415.0,"http://maps.google.com/maps?q=6.159203027777778,-73.44826505555555","https://www.openstreetmap.org/query?lat=6.159203027777778&lon=-73.44826505555555"
"https://github.com/rcfdtools/R.GISMobile/tree/main/.poi/46/IMG_20250920_173929107_HDR.jpg",6.159203027777778,-73.44826505555555,1415.0,"http://maps.google.com/maps?q=6.159203027777778,-73.44826505555555","https://www.openstreetmap.org/query?lat=6.159203027777778&lon=-73.44826505555555"
"https://github.com/rcfdtools/R.GISMobile/tree/main/.poi/46/IMG_20250920_174005404.jpg",6.159203027777778,-73.44826505555555,1415.0,"http://maps.google.com/maps?q=6.159203027777778,-73.44826505555555","https://www.openstreetmap.org/query?lat=6.159203027777778&lon=-73.44826505555555"
"https://github.com/rcfdtools/R.GISMobile/tree/main/.poi/46/IMG_20250920_174028852.jpg",6.159203027777778,-73.44826505555555,1415.0,"http://maps.google.com/maps?q=6.159203027777778,-73.44826505555555","https://www.openstreetmap.org/query?lat=6.159203027777778&lon=-73.44826505555555"
"https://github.com/rcfdtools/R.GISMobile/tree/main/.poi/46/IMG_20250920_174037902.jpg",6.159203027777778,-73.44826505555555,1415.0,"http://maps.google.com/maps?q=6.159203027777778,-73.44826505555555","https://www.openstreetmap.org/query?lat=6.159203027777778&lon=-73.44826505555555"
"https://github.com/rcfdtools/R.GISMobile/tree/main/.poi/46/IMG_20250920_174043039_HDR.jpg",6.159203027777778,-73.44826505555555,1415.0,"http://maps.google.com/maps?q=6.159203027777778,-73.44826505555555","https://www.openstreetmap.org/query?lat=6.159203027777778&lon=-73.44826505555555"
"https://github.com/rcfdtools/R.GISMobile/tree/main/.poi/46/IMG_20250920_174044920_HDR.jpg",6.159203027777778,-73.44826505555555,1415.0,"http://maps.google.com/maps?q=6.159203027777778,-73.44826505555555","https://www.openstreetmap.org/query?lat=6.159203027777778&lon=-73.44826505555555"
"https://github.com/rcfdtools/R.GISMobile/tree/main/.poi/46/IMG_20250920_174130657_HDR.jpg",6.159377083333334,-73.44801330555556,1415.0,"http://maps.google.com/maps?q=6.159377083333334,-73.44801330555556","https://www.openstreetmap.org/query?lat=6.159377083333334&lon=-73.44801330555556"
"https://github.com/rcfdtools/R.GISMobile/tree/main/.poi/46/IMG_20250920_174209877.jpg",6.159196833333334,-73.44873044444445,1415.0,"http://maps.google.com/maps?q=6.159196833333334,-73.44873044444445","https://www.openstreetmap.org/query?lat=6.159196833333334&lon=-73.44873044444445"
"https://github.com/rcfdtools/R.GISMobile/tree/main/.poi/46/IMG_20250920_174359581_HDR.jpg",6.159090027777778,-73.44858550000001,1415.0,"http://maps.google.com/maps?q=6.159090027777778,-73.44858550000001","https://www.openstreetmap.org/query?lat=6.159090027777778&lon=-73.44858550000001"
"https://github.com/rcfdtools/R.GISMobile/tree/main/.poi/46/IMG_20251102_091056713.jpg",6.047197805555555,-73.49040983333333,0.0,"http://maps.google.com/maps?q=6.047197805555555,-73.49040983333333","https://www.openstreetmap.org/query?lat=6.047197805555555&lon=-73.49040983333333"
"https://github.com/rcfdtools/R.GISMobile/tree/main/.poi/46/IMG_20251102_091117422.jpg",6.047197805555555,-73.49040983333333,0.0,"http://maps.google.com/maps?q=6.047197805555555,-73.49040983333333","https://www.openstreetmap.org/query?lat=6.047197805555555&lon=-73.49040983333333"
"https://github.com/rcfdtools/R.GISMobile/tree/main/.poi/46/IMG_20251102_091836061.jpg",6.047197805555555,-73.49040983333333,0.0,"http://maps.google.com/maps?q=6.047197805555555,-73.49040983333333","https://www.openstreetmap.org/query?lat=6.047197805555555&lon=-73.49040983333333"
"https://github.com/rcfdtools/R.GISMobile/tree/main/.poi/46/IMG_20251102_091839347.jpg",6.047197805555555,-73.49040983333333,0.0,"http://maps.google.com/maps?q=6.047197805555555,-73.49040983333333","https://www.openstreetmap.org/query?lat=6.047197805555555&lon=-73.49040983333333"
"https://github.com/rcfdtools/R.GISMobile/tree/main/.poi/46/IMG_20251102_091858974.jpg",6.047197805555555,-73.49040983333333,0.0,"http://maps.google.com/maps?q=6.047197805555555,-73.49040983333333","https://www.openstreetmap.org/query?lat=6.047197805555555&lon=-73.49040983333333"
"https://github.com/rcfdtools/R.GISMobile/tree/main/.poi/46/IMG_2038.JPG",5.823161111111111,-73.50856944444445,2364.861066235864,"http://maps.google.com/maps?q=5.823161111111111,-73.50856944444445","https://www.openstreetmap.org/query?lat=5.823161111111111&lon=-73.50856944444445"
"https://github.com/rcfdtools/R.GISMobile/tree/main/.poi/46/IMG_2041.JPG",5.823305555555556,-73.50876666666667,2382.3525179856115,"http://maps.google.com/maps?q=5.823305555555556,-73.50876666666667","https://www.openstreetmap.org/query?lat=5.823305555555556&lon=-73.50876666666667"
"https://github.com/rcfdtools/R.GISMobile/tree/main/.poi/46/IMG_2044.JPG",5.5382138888888885,-73.35942777777777,2726.608173076923,"http://maps.google.com/maps?q=5.5382138888888885,-73.35942777777777","https://www.openstreetmap.org/query?lat=5.5382138888888885&lon=-73.35942777777777"
"https://github.com/rcfdtools/R.GISMobile/tree/main/.poi/46/IMG_2045.JPG",5.538288888888888,-73.35948055555555,2725.153897401732,"http://maps.google.com/maps?q=5.538288888888888,-73.35948055555555","https://www.openstreetmap.org/query?lat=5.538288888888888&lon=-73.35948055555555"
"https://github.com/rcfdtools/R.GISMobile/tree/main/.poi/46/IMG_2046.JPG",5.535211111111111,-73.36123611111111,2735.7178153446034,"http://maps.google.com/maps?q=5.535211111111111,-73.36123611111111","https://www.openstreetmap.org/query?lat=5.535211111111111&lon=-73.36123611111111"
"https://github.com/rcfdtools/R.GISMobile/tree/main/.poi/46/IMG_2047.JPG",5.535097222222222,-73.36123611111111,2765.067692307692,"http://maps.google.com/maps?q=5.535097222222222,-73.36123611111111","https://www.openstreetmap.org/query?lat=5.535097222222222&lon=-73.36123611111111"
"https://github.com/rcfdtools/R.GISMobile/tree/main/.poi/46/IMG_2048.JPG",5.535127777777777,-73.3612611111111,2765.142284569138,"http://maps.google.com/maps?q=5.535127777777777,-73.3612611111111","https://www.openstreetmap.org/query?lat=5.535127777777777&lon=-73.3612611111111"
"https://github.com/rcfdtools/R.GISMobile/tree/main/.poi/46/IMG_2049.JPG",5.535130555555555,-73.36125277777778,2765.024347826087,"http://maps.google.com/maps?q=5.535130555555555,-73.36125277777778","https://www.openstreetmap.org/query?lat=5.535130555555555&lon=-73.36125277777778"
"https://github.com/rcfdtools/R.GISMobile/tree/main/.poi/46/IMG_2333.JPG",6.01995,-73.49620833333333,1693.3240997229916,"http://maps.google.com/maps?q=6.01995,-73.49620833333333","https://www.openstreetmap.org/query?lat=6.01995&lon=-73.49620833333333"
"https://github.com/rcfdtools/R.GISMobile/tree/main/.poi/46/IMG_2334.JPG",6.019930555555556,-73.49628611111112,1699.6573248407644,"http://maps.google.com/maps?q=6.019930555555556,-73.49628611111112","https://www.openstreetmap.org/query?lat=6.019930555555556&lon=-73.49628611111112"
"https://github.com/rcfdtools/R.GISMobile/tree/main/.poi/46/IMG_2335.JPG",6.019927777777777,-73.49617777777777,1698.3553191489361,"http://maps.google.com/maps?q=6.019927777777777,-73.49617777777777","https://www.openstreetmap.org/query?lat=6.019927777777777&lon=-73.49617777777777"
"https://github.com/rcfdtools/R.GISMobile/tree/main/.poi/46/IMG_2336.JPG",6.019977777777778,-73.49617777777777,1708.8896396396397,"http://maps.google.com/maps?q=6.019977777777778,-73.49617777777777","https://www.openstreetmap.org/query?lat=6.019977777777778&lon=-73.49617777777777"
"https://github.com/rcfdtools/R.GISMobile/tree/main/.poi/46/IMG_2337.JPG",6.019977777777778,-73.49618611111111,1709.2586872586874,"http://maps.google.com/maps?q=6.019977777777778,-73.49618611111111","https://www.openstreetmap.org/query?lat=6.019977777777778&lon=-73.49618611111111"
"https://github.com/rcfdtools/R.GISMobile/tree/main/.poi/46/IMG_E0018.JPG",6.016625,-73.49339444444445,1767.708984375,"http://maps.google.com/maps?q=6.016625,-73.49339444444445","https://www.openstreetmap.org/query?lat=6.016625&lon=-73.49339444444445"
"https://github.com/rcfdtools/R.GISMobile/tree/main/.poi/46/IMG_E2046.JPG",5.535211111111111,-73.36123611111111,2735.7178153446034,"http://maps.google.com/maps?q=5.535211111111111,-73.36123611111111","https://www.openstreetmap.org/query?lat=5.535211111111111&lon=-73.36123611111111"
"https://github.com/rcfdtools/R.GISMobile/tree/main/.poi/46/PXL_20230406_170549684.jpg",6.020019444444444,-73.49635555555555,1742.0,"http://maps.google.com/maps?q=6.020019444444444,-73.49635555555555","https://www.openstreetmap.org/query?lat=6.020019444444444&lon=-73.49635555555555"
"https://github.com/rcfdtools/R.GISMobile/tree/main/.poi/46/PXL_20230406_170601758.jpg",6.020019444444444,-73.49635555555555,1742.0,"http://maps.google.com/maps?q=6.020019444444444,-73.49635555555555","https://www.openstreetmap.org/query?lat=6.020019444444444&lon=-73.49635555555555"
"https://github.com/rcfdtools/R.GISMobile/tree/main/.poi/46/PXL_20230406_170607267.jpg",6.020019444444444,-73.49635555555555,1742.0,"http://maps.google.com/maps?q=6.020019444444444,-73.49635555555555","https://www.openstreetmap.org/query?lat=6.020019444444444&lon=-73.49635555555555"
"https://github.com/rcfdtools/R.GISMobile/tree/main/.poi/46/PXL_20230406_170626848.jpg",6.020019444444444,-73.49635555555555,1742.0,"http://maps.google.com/maps?q=6.020019444444444,-73.49635555555555","https://www.openstreetmap.org/query?lat=6.020019444444444&lon=-73.49635555555555"
"https://github.com/rcfdtools/R.GISMobile/tree/main/.poi/46/PXL_20230406_170645181.jpg",6.020019444444444,-73.49635555555555,1742.0,"http://maps.google.com/maps?q=6.020019444444444,-73.49635555555555","https://www.openstreetmap.org/query?lat=6.020019444444444&lon=-73.49635555555555"
"https://github.com/rcfdtools/R.GISMobile/tree/main/.poi/46/PXL_20230406_170710337.jpg",6.020019444444444,-73.49635555555555,1742.0,"http://maps.google.com/maps?q=6.020019444444444,-73.49635555555555","https://www.openstreetmap.org/query?lat=6.020019444444444&lon=-73.49635555555555"
"https://github.com/rcfdtools/R.GISMobile/tree/main/.poi/46/PXL_20230406_170724435.jpg",6.020019444444444,-73.49635555555555,1742.0,"http://maps.google.com/maps?q=6.020019444444444,-73.49635555555555","https://www.openstreetmap.org/query?lat=6.020019444444444&lon=-73.49635555555555"
"https://github.com/rcfdtools/R.GISMobile/tree/main/.poi/46/PXL_20230406_170746242.jpg",6.020019444444444,-73.49635555555555,1742.0,"http://maps.google.com/maps?q=6.020019444444444,-73.49635555555555","https://www.openstreetmap.org/query?lat=6.020019444444444&lon=-73.49635555555555"
"https://github.com/rcfdtools/R.GISMobile/tree/main/.poi/46/PXL_20230406_170754648.jpg",6.020019444444444,-73.49635555555555,1742.0,"http://maps.google.com/maps?q=6.020019444444444,-73.49635555555555","https://www.openstreetmap.org/query?lat=6.020019444444444&lon=-73.49635555555555"
"https://github.com/rcfdtools/R.GISMobile/tree/main/.poi/46/PXL_20230406_170801477.jpg",6.020019444444444,-73.49635555555555,1742.0,"http://maps.google.com/maps?q=6.020019444444444,-73.49635555555555","https://www.openstreetmap.org/query?lat=6.020019444444444&lon=-73.49635555555555"
"https://github.com/rcfdtools/R.GISMobile/tree/main/.poi/46/PXL_20230406_170816607.jpg",6.020019444444444,-73.49635555555555,1742.0,"http://maps.google.com/maps?q=6.020019444444444,-73.49635555555555","https://www.openstreetmap.org/query?lat=6.020019444444444&lon=-73.49635555555555"
"https://github.com/rcfdtools/R.GISMobile/tree/main/.poi/46/PXL_20230406_170852778.MP.jpg",6.020019444444444,-73.49635555555555,1742.0,"http://maps.google.com/maps?q=6.020019444444444,-73.49635555555555","https://www.openstreetmap.org/query?lat=6.020019444444444&lon=-73.49635555555555"
"https://github.com/rcfdtools/R.GISMobile/tree/main/.poi/46/PXL_20230406_183231279.jpg",5.0309333333333335,-73.99904722222222,2624.09,"http://maps.google.com/maps?q=5.0309333333333335,-73.99904722222222","https://www.openstreetmap.org/query?lat=5.0309333333333335&lon=-73.99904722222222"
"https://github.com/rcfdtools/R.GISMobile/tree/main/.poi/46/PXL_20230406_183438334.jpg",6.02375,-73.52646666666666,2624.09,"http://maps.google.com/maps?q=6.02375,-73.52646666666666","https://www.openstreetmap.org/query?lat=6.02375&lon=-73.52646666666666"
"https://github.com/rcfdtools/R.GISMobile/tree/main/.poi/46/PXL_20230406_183455060.jpg",6.02375,-73.52646666666666,2624.09,"http://maps.google.com/maps?q=6.02375,-73.52646666666666","https://www.openstreetmap.org/query?lat=6.02375&lon=-73.52646666666666"
"https://github.com/rcfdtools/R.GISMobile/tree/main/.poi/46/PXL_20230406_183731361.jpg",6.019975,-73.49621666666667,2624.09,"http://maps.google.com/maps?q=6.019975,-73.49621666666667","https://www.openstreetmap.org/query?lat=6.019975&lon=-73.49621666666667"
"https://github.com/rcfdtools/R.GISMobile/tree/main/.poi/46/PXL_20230406_184235187.jpg",6.019888888888889,-73.49632222222222,2628.4,"http://maps.google.com/maps?q=6.019888888888889,-73.49632222222222","https://www.openstreetmap.org/query?lat=6.019888888888889&lon=-73.49632222222222"
"https://github.com/rcfdtools/R.GISMobile/tree/main/.poi/46/PXL_20230406_184244406.jpg",6.019888888888889,-73.49632222222222,2628.4,"http://maps.google.com/maps?q=6.019888888888889,-73.49632222222222","https://www.openstreetmap.org/query?lat=6.019888888888889&lon=-73.49632222222222"
"https://github.com/rcfdtools/R.GISMobile/tree/main/.poi/46/PXL_20230406_184300202.jpg",6.019888888888889,-73.49632222222222,2628.4,"http://maps.google.com/maps?q=6.019888888888889,-73.49632222222222","https://www.openstreetmap.org/query?lat=6.019888888888889&lon=-73.49632222222222"
"https://github.com/rcfdtools/R.GISMobile/tree/main/.poi/46/PXL_20230406_184313096.jpg",6.019888888888889,-73.49632222222222,2628.4,"http://maps.google.com/maps?q=6.019888888888889,-73.49632222222222","https://www.openstreetmap.org/query?lat=6.019888888888889&lon=-73.49632222222222"
"https://github.com/rcfdtools/R.GISMobile/tree/main/.poi/46/PXL_20230406_184346920.jpg",6.019958333333333,-73.4963638888889,2624.09,"http://maps.google.com/maps?q=6.019958333333333,-73.4963638888889","https://www.openstreetmap.org/query?lat=6.019958333333333&lon=-73.4963638888889"
"https://github.com/rcfdtools/R.GISMobile/tree/main/.poi/46/PXL_20230406_184356210.jpg",6.019958333333333,-73.4963638888889,2624.09,"http://maps.google.com/maps?q=6.019958333333333,-73.4963638888889","https://www.openstreetmap.org/query?lat=6.019958333333333&lon=-73.4963638888889"
"https://github.com/rcfdtools/R.GISMobile/tree/main/.poi/46/PXL_20230406_184721532.jpg",6.0198,-73.4963361111111,2629.07,"http://maps.google.com/maps?q=6.0198,-73.4963361111111","https://www.openstreetmap.org/query?lat=6.0198&lon=-73.4963361111111"
"https://github.com/rcfdtools/R.GISMobile/tree/main/.poi/46/PXL_20230406_184726923.jpg",6.0198,-73.4963361111111,2629.07,"http://maps.google.com/maps?q=6.0198,-73.4963361111111","https://www.openstreetmap.org/query?lat=6.0198&lon=-73.4963361111111"
"https://github.com/rcfdtools/R.GISMobile/tree/main/.poi/46/PXL_20230406_184733268.jpg",6.0198,-73.4963361111111,2629.07,"http://maps.google.com/maps?q=6.0198,-73.4963361111111","https://www.openstreetmap.org/query?lat=6.0198&lon=-73.4963361111111"
"https://github.com/rcfdtools/R.GISMobile/tree/main/.poi/46/PXL_20230406_184940307.jpg",6.020047222222222,-73.49621388888889,2628.05,"http://maps.google.com/maps?q=6.020047222222222,-73.49621388888889","https://www.openstreetmap.org/query?lat=6.020047222222222&lon=-73.49621388888889"
"https://github.com/rcfdtools/R.GISMobile/tree/main/.poi/46/PXL_20230406_185152783.jpg",6.020047222222222,-73.49621388888889,2628.05,"http://maps.google.com/maps?q=6.020047222222222,-73.49621388888889","https://www.openstreetmap.org/query?lat=6.020047222222222&lon=-73.49621388888889"
"https://github.com/rcfdtools/R.GISMobile/tree/main/.poi/46/PXL_20230406_185212273.jpg",6.020047222222222,-73.49621388888889,2628.05,"http://maps.google.com/maps?q=6.020047222222222,-73.49621388888889","https://www.openstreetmap.org/query?lat=6.020047222222222&lon=-73.49621388888889"
"https://github.com/rcfdtools/R.GISMobile/tree/main/.poi/46/PXL_20230406_185437099.jpg",6.020066666666667,-73.49635555555555,2628.15,"http://maps.google.com/maps?q=6.020066666666667,-73.49635555555555","https://www.openstreetmap.org/query?lat=6.020066666666667&lon=-73.49635555555555"
"https://github.com/rcfdtools/R.GISMobile/tree/main/.poi/46/PXL_20230406_185443069.jpg",6.020066666666667,-73.49635555555555,2628.15,"http://maps.google.com/maps?q=6.020066666666667,-73.49635555555555","https://www.openstreetmap.org/query?lat=6.020066666666667&lon=-73.49635555555555"
"https://github.com/rcfdtools/R.GISMobile/tree/main/.poi/46/PXL_20230406_192951427.jpg",6.019930555555556,-73.49635555555555,1711.0,"http://maps.google.com/maps?q=6.019930555555556,-73.49635555555555","https://www.openstreetmap.org/query?lat=6.019930555555556&lon=-73.49635555555555"
"https://github.com/rcfdtools/R.GISMobile/tree/main/.poi/46/PXL_20230407_154951982.MP.jpg",6.634419444444444,-73.22548611111111,1307.2,"http://maps.google.com/maps?q=6.634419444444444,-73.22548611111111","https://www.openstreetmap.org/query?lat=6.634419444444444&lon=-73.22548611111111"
"https://github.com/rcfdtools/R.GISMobile/tree/main/.poi/46/PXL_20230407_154955736.jpg",6.634419444444444,-73.22548611111111,1307.2,"http://maps.google.com/maps?q=6.634419444444444,-73.22548611111111","https://www.openstreetmap.org/query?lat=6.634419444444444&lon=-73.22548611111111"
"https://github.com/rcfdtools/R.GISMobile/tree/main/.poi/46/PXL_20230407_155307196.jpg",6.634419444444444,-73.22548611111111,1307.2,"http://maps.google.com/maps?q=6.634419444444444,-73.22548611111111","https://www.openstreetmap.org/query?lat=6.634419444444444&lon=-73.22548611111111"
"https://github.com/rcfdtools/R.GISMobile/tree/main/.poi/46/PXL_20230407_155354615.jpg",6.635888888888888,-73.22558055555555,1319.99,"http://maps.google.com/maps?q=6.635888888888888,-73.22558055555555","https://www.openstreetmap.org/query?lat=6.635888888888888&lon=-73.22558055555555"
"https://github.com/rcfdtools/R.GISMobile/tree/main/.poi/46/PXL_20230407_155407288.jpg",6.635888888888888,-73.22558055555555,1319.99,"http://maps.google.com/maps?q=6.635888888888888,-73.22558055555555","https://www.openstreetmap.org/query?lat=6.635888888888888&lon=-73.22558055555555"
"https://github.com/rcfdtools/R.GISMobile/tree/main/.poi/46/PXL_20230407_155449146.jpg",6.635888888888888,-73.22558055555555,1319.99,"http://maps.google.com/maps?q=6.635888888888888,-73.22558055555555","https://www.openstreetmap.org/query?lat=6.635888888888888&lon=-73.22558055555555"
"https://github.com/rcfdtools/R.GISMobile/tree/main/.poi/46/PXL_20230407_155451450.jpg",6.635888888888888,-73.22558055555555,1319.99,"http://maps.google.com/maps?q=6.635888888888888,-73.22558055555555","https://www.openstreetmap.org/query?lat=6.635888888888888&lon=-73.22558055555555"
"https://github.com/rcfdtools/R.GISMobile/tree/main/.poi/46/PXL_20230407_155636545.jpg",6.635888888888888,-73.22558055555555,1326.28,"http://maps.google.com/maps?q=6.635888888888888,-73.22558055555555","https://www.openstreetmap.org/query?lat=6.635888888888888&lon=-73.22558055555555"
"https://github.com/rcfdtools/R.GISMobile/tree/main/.poi/46/PXL_20230407_155847701.MP.jpg",6.635888888888888,-73.22558055555555,1326.28,"http://maps.google.com/maps?q=6.635888888888888,-73.22558055555555","https://www.openstreetmap.org/query?lat=6.635888888888888&lon=-73.22558055555555"
"https://github.com/rcfdtools/R.GISMobile/tree/main/.poi/46/PXL_20230407_160006097.jpg",6.636013888888888,-73.22564444444444,1318.8,"http://maps.google.com/maps?q=6.636013888888888,-73.22564444444444","https://www.openstreetmap.org/query?lat=6.636013888888888&lon=-73.22564444444444"
"https://github.com/rcfdtools/R.GISMobile/tree/main/.poi/46/PXL_20230407_160010328.jpg",6.636013888888888,-73.22564444444444,1318.8,"http://maps.google.com/maps?q=6.636013888888888,-73.22564444444444","https://www.openstreetmap.org/query?lat=6.636013888888888&lon=-73.22564444444444"
"https://github.com/rcfdtools/R.GISMobile/tree/main/.poi/46/PXL_20230407_160016290.jpg",6.636013888888888,-73.22564444444444,1318.8,"http://maps.google.com/maps?q=6.636013888888888,-73.22564444444444","https://www.openstreetmap.org/query?lat=6.636013888888888&lon=-73.22564444444444"
"https://github.com/rcfdtools/R.GISMobile/tree/main/.poi/46/PXL_20230407_160115872.jpg",6.636108333333333,-73.22570277777778,1328.36,"http://maps.google.com/maps?q=6.636108333333333,-73.22570277777778","https://www.openstreetmap.org/query?lat=6.636108333333333&lon=-73.22570277777778"
"https://github.com/rcfdtools/R.GISMobile/tree/main/.poi/46/PXL_20230407_160120901.jpg",6.636108333333333,-73.22570277777778,1328.36,"http://maps.google.com/maps?q=6.636108333333333,-73.22570277777778","https://www.openstreetmap.org/query?lat=6.636108333333333&lon=-73.22570277777778"
"https://github.com/rcfdtools/R.GISMobile/tree/main/.poi/46/PXL_20230407_160335412.jpg",6.636108333333333,-73.22570277777778,1328.36,"http://maps.google.com/maps?q=6.636108333333333,-73.22570277777778","https://www.openstreetmap.org/query?lat=6.636108333333333&lon=-73.22570277777778"
"https://github.com/rcfdtools/R.GISMobile/tree/main/.poi/46/PXL_20230407_160340672.jpg",6.636302777777777,-73.22571666666667,1333.0,"http://maps.google.com/maps?q=6.636302777777777,-73.22571666666667","https://www.openstreetmap.org/query?lat=6.636302777777777&lon=-73.22571666666667"
"https://github.com/rcfdtools/R.GISMobile/tree/main/.poi/46/PXL_20230407_160348485.jpg",6.636302777777777,-73.22571666666667,1333.0,"http://maps.google.com/maps?q=6.636302777777777,-73.22571666666667","https://www.openstreetmap.org/query?lat=6.636302777777777&lon=-73.22571666666667"
"https://github.com/rcfdtools/R.GISMobile/tree/main/.poi/46/PXL_20230407_160536010.jpg",6.636302777777777,-73.22571666666667,1333.0,"http://maps.google.com/maps?q=6.636302777777777,-73.22571666666667","https://www.openstreetmap.org/query?lat=6.636302777777777&lon=-73.22571666666667"
"https://github.com/rcfdtools/R.GISMobile/tree/main/.poi/46/PXL_20230407_160638004.jpg",6.6364777777777775,-73.22569722222222,1318.2,"http://maps.google.com/maps?q=6.6364777777777775,-73.22569722222222","https://www.openstreetmap.org/query?lat=6.6364777777777775&lon=-73.22569722222222"
"https://github.com/rcfdtools/R.GISMobile/tree/main/.poi/46/PXL_20230407_160647017.jpg",6.6364777777777775,-73.22569722222222,1318.2,"http://maps.google.com/maps?q=6.6364777777777775,-73.22569722222222","https://www.openstreetmap.org/query?lat=6.6364777777777775&lon=-73.22569722222222"
"https://github.com/rcfdtools/R.GISMobile/tree/main/.poi/46/PXL_20230407_160815905.jpg",6.6364777777777775,-73.22569722222222,1318.2,"http://maps.google.com/maps?q=6.6364777777777775,-73.22569722222222","https://www.openstreetmap.org/query?lat=6.6364777777777775&lon=-73.22569722222222"
"https://github.com/rcfdtools/R.GISMobile/tree/main/.poi/46/PXL_20230407_160838705.jpg",6.636644444444444,-73.22573333333334,1318.2,"http://maps.google.com/maps?q=6.636644444444444,-73.22573333333334","https://www.openstreetmap.org/query?lat=6.636644444444444&lon=-73.22573333333334"
"https://github.com/rcfdtools/R.GISMobile/tree/main/.poi/46/PXL_20230407_160843558.jpg",6.636644444444444,-73.22573333333334,1318.2,"http://maps.google.com/maps?q=6.636644444444444,-73.22573333333334","https://www.openstreetmap.org/query?lat=6.636644444444444&lon=-73.22573333333334"
"https://github.com/rcfdtools/R.GISMobile/tree/main/.poi/46/PXL_20230407_160858829.jpg",6.636644444444444,-73.22573333333334,1318.2,"http://maps.google.com/maps?q=6.636644444444444,-73.22573333333334","https://www.openstreetmap.org/query?lat=6.636644444444444&lon=-73.22573333333334"
"https://github.com/rcfdtools/R.GISMobile/tree/main/.poi/46/PXL_20230407_161828745.jpg",6.634566666666666,-73.22105833333333,1318.2,"http://maps.google.com/maps?q=6.634566666666666,-73.22105833333333","https://www.openstreetmap.org/query?lat=6.634566666666666&lon=-73.22105833333333"
"https://github.com/rcfdtools/R.GISMobile/tree/main/.poi/46/PXL_20230407_162636364.jpg",6.636291666666666,-73.22398611111112,1306.59,"http://maps.google.com/maps?q=6.636291666666666,-73.22398611111112","https://www.openstreetmap.org/query?lat=6.636291666666666&lon=-73.22398611111112"
"https://github.com/rcfdtools/R.GISMobile/tree/main/.poi/46/PXL_20230407_162642126.jpg",6.636291666666666,-73.22398611111112,1306.59,"http://maps.google.com/maps?q=6.636291666666666,-73.22398611111112","https://www.openstreetmap.org/query?lat=6.636291666666666&lon=-73.22398611111112"
"https://github.com/rcfdtools/R.GISMobile/tree/main/.poi/46/PXL_20230407_162709585.jpg",6.636144444444444,-73.22399444444444,1313.4,"http://maps.google.com/maps?q=6.636144444444444,-73.22399444444444","https://www.openstreetmap.org/query?lat=6.636144444444444&lon=-73.22399444444444"
"https://github.com/rcfdtools/R.GISMobile/tree/main/.poi/46/PXL_20230407_162714230.jpg",6.636144444444444,-73.22399444444444,1313.4,"http://maps.google.com/maps?q=6.636144444444444,-73.22399444444444","https://www.openstreetmap.org/query?lat=6.636144444444444&lon=-73.22399444444444"
"https://github.com/rcfdtools/R.GISMobile/tree/main/.poi/46/PXL_20230407_162736080.jpg",6.636144444444444,-73.22399444444444,1313.4,"http://maps.google.com/maps?q=6.636144444444444,-73.22399444444444","https://www.openstreetmap.org/query?lat=6.636144444444444&lon=-73.22399444444444"
"https://github.com/rcfdtools/R.GISMobile/tree/main/.poi/46/PXL_20230407_162744612.jpg",6.636144444444444,-73.22399444444444,1313.4,"http://maps.google.com/maps?q=6.636144444444444,-73.22399444444444","https://www.openstreetmap.org/query?lat=6.636144444444444&lon=-73.22399444444444"
"https://github.com/rcfdtools/R.GISMobile/tree/main/.poi/46/PXL_20230407_162753798.jpg",6.636144444444444,-73.22399444444444,1313.4,"http://maps.google.com/maps?q=6.636144444444444,-73.22399444444444","https://www.openstreetmap.org/query?lat=6.636144444444444&lon=-73.22399444444444"
"https://github.com/rcfdtools/R.GISMobile/tree/main/.poi/46/PXL_20230407_162800253.jpg",6.636144444444444,-73.22399444444444,1313.4,"http://maps.google.com/maps?q=6.636144444444444,-73.22399444444444","https://www.openstreetmap.org/query?lat=6.636144444444444&lon=-73.22399444444444"
"https://github.com/rcfdtools/R.GISMobile/tree/main/.poi/46/PXL_20230407_162815142.jpg",6.636166666666666,-73.22382222222222,1313.4,"http://maps.google.com/maps?q=6.636166666666666,-73.22382222222222","https://www.openstreetmap.org/query?lat=6.636166666666666&lon=-73.22382222222222"
"https://github.com/rcfdtools/R.GISMobile/tree/main/.poi/46/PXL_20230407_162914007.jpg",6.636277777777777,-73.22338611111111,1313.4,"http://maps.google.com/maps?q=6.636277777777777,-73.22338611111111","https://www.openstreetmap.org/query?lat=6.636277777777777&lon=-73.22338611111111"
"https://github.com/rcfdtools/R.GISMobile/tree/main/.poi/46/PXL_20230407_162918153.MP.jpg",6.636277777777777,-73.22338611111111,1313.4,"http://maps.google.com/maps?q=6.636277777777777,-73.22338611111111","https://www.openstreetmap.org/query?lat=6.636277777777777&lon=-73.22338611111111"
"https://github.com/rcfdtools/R.GISMobile/tree/main/.poi/46/PXL_20230407_162937500.jpg",6.63645,-73.22368333333334,1313.4,"http://maps.google.com/maps?q=6.63645,-73.22368333333334","https://www.openstreetmap.org/query?lat=6.63645&lon=-73.22368333333334"
"https://github.com/rcfdtools/R.GISMobile/tree/main/.poi/46/PXL_20230407_162951259.jpg",6.63645,-73.22368333333334,1313.4,"http://maps.google.com/maps?q=6.63645,-73.22368333333334","https://www.openstreetmap.org/query?lat=6.63645&lon=-73.22368333333334"
"https://github.com/rcfdtools/R.GISMobile/tree/main/.poi/46/PXL_20230407_163016248.jpg",6.63645,-73.22368333333334,1313.4,"http://maps.google.com/maps?q=6.63645,-73.22368333333334","https://www.openstreetmap.org/query?lat=6.63645&lon=-73.22368333333334"
"https://github.com/rcfdtools/R.GISMobile/tree/main/.poi/46/PXL_20230407_163021830.jpg",6.63645,-73.22368333333334,1313.4,"http://maps.google.com/maps?q=6.63645,-73.22368333333334","https://www.openstreetmap.org/query?lat=6.63645&lon=-73.22368333333334"
"https://github.com/rcfdtools/R.GISMobile/tree/main/.poi/46/PXL_20230407_163033764.jpg",6.63645,-73.22368333333334,1313.4,"http://maps.google.com/maps?q=6.63645,-73.22368333333334","https://www.openstreetmap.org/query?lat=6.63645&lon=-73.22368333333334"
"https://github.com/rcfdtools/R.GISMobile/tree/main/.poi/46/PXL_20230407_163044348.jpg",6.63645,-73.22368333333334,1313.4,"http://maps.google.com/maps?q=6.63645,-73.22368333333334","https://www.openstreetmap.org/query?lat=6.63645&lon=-73.22368333333334"
"https://github.com/rcfdtools/R.GISMobile/tree/main/.poi/46/PXL_20230407_163215740.MP.jpg",6.636397222222222,-73.22370555555555,1313.4,"http://maps.google.com/maps?q=6.636397222222222,-73.22370555555555","https://www.openstreetmap.org/query?lat=6.636397222222222&lon=-73.22370555555555"
"https://github.com/rcfdtools/R.GISMobile/tree/main/.poi/46/PXL_20230407_163226341.MP.jpg",6.636397222222222,-73.22370555555555,1313.4,"http://maps.google.com/maps?q=6.636397222222222,-73.22370555555555","https://www.openstreetmap.org/query?lat=6.636397222222222&lon=-73.22370555555555"
"https://github.com/rcfdtools/R.GISMobile/tree/main/.poi/46/PXL_20230407_163446227.jpg",6.636394444444444,-73.22371111111111,1311.41,"http://maps.google.com/maps?q=6.636394444444444,-73.22371111111111","https://www.openstreetmap.org/query?lat=6.636394444444444&lon=-73.22371111111111"
"https://github.com/rcfdtools/R.GISMobile/tree/main/.poi/46/PXL_20230407_163455936.jpg",6.636394444444444,-73.22371111111111,1311.41,"http://maps.google.com/maps?q=6.636394444444444,-73.22371111111111","https://www.openstreetmap.org/query?lat=6.636394444444444&lon=-73.22371111111111"
"https://github.com/rcfdtools/R.GISMobile/tree/main/.poi/46/PXL_20230407_163502744.jpg",6.636394444444444,-73.22371111111111,1311.41,"http://maps.google.com/maps?q=6.636394444444444,-73.22371111111111","https://www.openstreetmap.org/query?lat=6.636394444444444&lon=-73.22371111111111"
"https://github.com/rcfdtools/R.GISMobile/tree/main/.poi/46/PXL_20230407_163506196.jpg",6.636394444444444,-73.22371111111111,1311.41,"http://maps.google.com/maps?q=6.636394444444444,-73.22371111111111","https://www.openstreetmap.org/query?lat=6.636394444444444&lon=-73.22371111111111"
"https://github.com/rcfdtools/R.GISMobile/tree/main/.poi/46/PXL_20230407_163557366.jpg",6.636255555555555,-73.22369444444445,1299.4,"http://maps.google.com/maps?q=6.636255555555555,-73.22369444444445","https://www.openstreetmap.org/query?lat=6.636255555555555&lon=-73.22369444444445"
"https://github.com/rcfdtools/R.GISMobile/tree/main/.poi/46/PXL_20230407_163557366~2.jpg",6.636255555555555,-73.22369444444445,1299.4,"http://maps.google.com/maps?q=6.636255555555555,-73.22369444444445","https://www.openstreetmap.org/query?lat=6.636255555555555&lon=-73.22369444444445"
"https://github.com/rcfdtools/R.GISMobile/tree/main/.poi/46/PXL_20230407_163607888.jpg",6.636255555555555,-73.22369444444445,1299.4,"http://maps.google.com/maps?q=6.636255555555555,-73.22369444444445","https://www.openstreetmap.org/query?lat=6.636255555555555&lon=-73.22369444444445"
"https://github.com/rcfdtools/R.GISMobile/tree/main/.poi/46/PXL_20230407_163607888~2.jpg",6.636255555555555,-73.22369444444445,1299.4,"http://maps.google.com/maps?q=6.636255555555555,-73.22369444444445","https://www.openstreetmap.org/query?lat=6.636255555555555&lon=-73.22369444444445"
"https://github.com/rcfdtools/R.GISMobile/tree/main/.poi/46/PXL_20230407_163633846.MP.jpg",6.636255555555555,-73.22369444444445,1299.4,"http://maps.google.com/maps?q=6.636255555555555,-73.22369444444445","https://www.openstreetmap.org/query?lat=6.636255555555555&lon=-73.22369444444445"
"https://github.com/rcfdtools/R.GISMobile/tree/main/.poi/46/PXL_20230407_170918506.jpg",6.63735,-73.22309444444444,1313.59,"http://maps.google.com/maps?q=6.63735,-73.22309444444444","https://www.openstreetmap.org/query?lat=6.63735&lon=-73.22309444444444"
"https://github.com/rcfdtools/R.GISMobile/tree/main/.poi/46/PXL_20230407_170933071.jpg",6.63735,-73.22309444444444,1313.59,"http://maps.google.com/maps?q=6.63735,-73.22309444444444","https://www.openstreetmap.org/query?lat=6.63735&lon=-73.22309444444444"
"https://github.com/rcfdtools/R.GISMobile/tree/main/.poi/46/PXL_20230407_170934473.jpg",6.63735,-73.22309444444444,1313.59,"http://maps.google.com/maps?q=6.63735,-73.22309444444444","https://www.openstreetmap.org/query?lat=6.63735&lon=-73.22309444444444"
"https://github.com/rcfdtools/R.GISMobile/tree/main/.poi/46/PXL_20230407_171733760.jpg",6.635233333333333,-73.22179444444444,1347.42,"http://maps.google.com/maps?q=6.635233333333333,-73.22179444444444","https://www.openstreetmap.org/query?lat=6.635233333333333&lon=-73.22179444444444"
"https://github.com/rcfdtools/R.GISMobile/tree/main/.poi/46/PXL_20230407_171741604.jpg",6.635233333333333,-73.22179444444444,1347.42,"http://maps.google.com/maps?q=6.635233333333333,-73.22179444444444","https://www.openstreetmap.org/query?lat=6.635233333333333&lon=-73.22179444444444"
"https://github.com/rcfdtools/R.GISMobile/tree/main/.poi/46/PXL_20230407_171835957.jpg",6.6399833333333325,-73.22316666666667,1339.59,"http://maps.google.com/maps?q=6.6399833333333325,-73.22316666666667","https://www.openstreetmap.org/query?lat=6.6399833333333325&lon=-73.22316666666667"
"https://github.com/rcfdtools/R.GISMobile/tree/main/.poi/46/PXL_20230407_172239683.jpg",6.6399027777777775,-73.2230388888889,1343.09,"http://maps.google.com/maps?q=6.6399027777777775,-73.2230388888889","https://www.openstreetmap.org/query?lat=6.6399027777777775&lon=-73.2230388888889"
"https://github.com/rcfdtools/R.GISMobile/tree/main/.poi/46/PXL_20230407_172243723.jpg",6.6399027777777775,-73.2230388888889,1343.09,"http://maps.google.com/maps?q=6.6399027777777775,-73.2230388888889","https://www.openstreetmap.org/query?lat=6.6399027777777775&lon=-73.2230388888889"
"https://github.com/rcfdtools/R.GISMobile/tree/main/.poi/46/PXL_20230407_172636145.jpg",6.639863888888889,-73.22427222222223,1343.09,"http://maps.google.com/maps?q=6.639863888888889,-73.22427222222223","https://www.openstreetmap.org/query?lat=6.639863888888889&lon=-73.22427222222223"
"https://github.com/rcfdtools/R.GISMobile/tree/main/.poi/46/PXL_20230407_172801292.jpg",6.639863888888889,-73.22427222222223,1343.09,"http://maps.google.com/maps?q=6.639863888888889,-73.22427222222223","https://www.openstreetmap.org/query?lat=6.639863888888889&lon=-73.22427222222223"
"https://github.com/rcfdtools/R.GISMobile/tree/main/.poi/46/PXL_20230407_173839065.jpg",6.639975,-73.223275,1340.7,"http://maps.google.com/maps?q=6.639975,-73.223275","https://www.openstreetmap.org/query?lat=6.639975&lon=-73.223275"
"https://github.com/rcfdtools/R.GISMobile/tree/main/.poi/46/PXL_20230407_173842940.jpg",6.639975,-73.223275,1340.7,"http://maps.google.com/maps?q=6.639975,-73.223275","https://www.openstreetmap.org/query?lat=6.639975&lon=-73.223275"
"https://github.com/rcfdtools/R.GISMobile/tree/main/.poi/46/PXL_20230407_173851360.jpg",6.639975,-73.223275,1340.7,"http://maps.google.com/maps?q=6.639975,-73.223275","https://www.openstreetmap.org/query?lat=6.639975&lon=-73.223275"
"https://github.com/rcfdtools/R.GISMobile/tree/main/.poi/46/PXL_20230407_174139371.jpg",6.640552777777777,-73.22349722222222,1340.7,"http://maps.google.com/maps?q=6.640552777777777,-73.22349722222222","https://www.openstreetmap.org/query?lat=6.640552777777777&lon=-73.22349722222222"
"https://github.com/rcfdtools/R.GISMobile/tree/main/.poi/46/PXL_20230407_174147707.jpg",6.640552777777777,-73.22349722222222,1340.7,"http://maps.google.com/maps?q=6.640552777777777,-73.22349722222222","https://www.openstreetmap.org/query?lat=6.640552777777777&lon=-73.22349722222222"
"https://github.com/rcfdtools/R.GISMobile/tree/main/.poi/46/PXL_20230407_175053931.jpg",6.640177777777778,-73.22338888888889,1340.7,"http://maps.google.com/maps?q=6.640177777777778,-73.22338888888889","https://www.openstreetmap.org/query?lat=6.640177777777778&lon=-73.22338888888889"
"https://github.com/rcfdtools/R.GISMobile/tree/main/.poi/46/PXL_20230407_204654144.jpg",6.632416666666667,-73.22808888888889,1306.4,"http://maps.google.com/maps?q=6.632416666666667,-73.22808888888889","https://www.openstreetmap.org/query?lat=6.632416666666667&lon=-73.22808888888889"
"https://github.com/rcfdtools/R.GISMobile/tree/main/.poi/46/PXL_20230407_204656313.jpg",6.631983333333334,-73.22833888888889,1307.7,"http://maps.google.com/maps?q=6.631983333333334,-73.22833888888889","https://www.openstreetmap.org/query?lat=6.631983333333334&lon=-73.22833888888889"
"https://github.com/rcfdtools/R.GISMobile/tree/main/.poi/46/PXL_20230407_204700319.jpg",6.631983333333334,-73.22833888888889,1307.7,"http://maps.google.com/maps?q=6.631983333333334,-73.22833888888889","https://www.openstreetmap.org/query?lat=6.631983333333334&lon=-73.22833888888889"
"https://github.com/rcfdtools/R.GISMobile/tree/main/.poi/46/PXL_20230407_204850517.MP.jpg",6.631186111111112,-73.22861388888889,1307.7,"http://maps.google.com/maps?q=6.631186111111112,-73.22861388888889","https://www.openstreetmap.org/query?lat=6.631186111111112&lon=-73.22861388888889"
"https://github.com/rcfdtools/R.GISMobile/tree/main/.poi/46/PXL_20230407_205103474.jpg",6.630819444444445,-73.22894444444445,1307.7,"http://maps.google.com/maps?q=6.630819444444445,-73.22894444444445","https://www.openstreetmap.org/query?lat=6.630819444444445&lon=-73.22894444444445"
"https://github.com/rcfdtools/R.GISMobile/tree/main/.poi/46/PXL_20230407_205128358.MP.jpg",6.630819444444445,-73.22894444444445,1307.7,"http://maps.google.com/maps?q=6.630819444444445,-73.22894444444445","https://www.openstreetmap.org/query?lat=6.630819444444445&lon=-73.22894444444445"
"https://github.com/rcfdtools/R.GISMobile/tree/main/.poi/46/PXL_20230407_205211477.jpg",6.630819444444445,-73.22894444444445,1307.7,"http://maps.google.com/maps?q=6.630819444444445,-73.22894444444445","https://www.openstreetmap.org/query?lat=6.630819444444445&lon=-73.22894444444445"
"https://github.com/rcfdtools/R.GISMobile/tree/main/.poi/46/PXL_20230407_205740210.jpg",6.629783333333334,-73.22900555555556,1267.59,"http://maps.google.com/maps?q=6.629783333333334,-73.22900555555556","https://www.openstreetmap.org/query?lat=6.629783333333334&lon=-73.22900555555556"
"https://github.com/rcfdtools/R.GISMobile/tree/main/.poi/46/PXL_20230407_205748859.jpg",6.629783333333334,-73.22900555555556,1267.59,"http://maps.google.com/maps?q=6.629783333333334,-73.22900555555556","https://www.openstreetmap.org/query?lat=6.629783333333334&lon=-73.22900555555556"
"https://github.com/rcfdtools/R.GISMobile/tree/main/.poi/46/PXL_20230407_210004357.jpg",6.629783333333334,-73.22900555555556,1267.59,"http://maps.google.com/maps?q=6.629783333333334,-73.22900555555556","https://www.openstreetmap.org/query?lat=6.629783333333334&lon=-73.22900555555556"
"https://github.com/rcfdtools/R.GISMobile/tree/main/.poi/46/PXL_20230407_210207098.jpg",6.629313888888889,-73.22907500000001,1264.3,"http://maps.google.com/maps?q=6.629313888888889,-73.22907500000001","https://www.openstreetmap.org/query?lat=6.629313888888889&lon=-73.22907500000001"
"https://github.com/rcfdtools/R.GISMobile/tree/main/.poi/46/PXL_20230407_211023017.jpg",6.629275000000001,-73.22898055555555,1308.2,"http://maps.google.com/maps?q=6.629275000000001,-73.22898055555555","https://www.openstreetmap.org/query?lat=6.629275000000001&lon=-73.22898055555555"
"https://github.com/rcfdtools/R.GISMobile/tree/main/.poi/46/PXL_20230407_211027087.jpg",6.629275000000001,-73.22898055555555,1308.2,"http://maps.google.com/maps?q=6.629275000000001,-73.22898055555555","https://www.openstreetmap.org/query?lat=6.629275000000001&lon=-73.22898055555555"
"https://github.com/rcfdtools/R.GISMobile/tree/main/.poi/46/PXL_20230407_214849582.MP.jpg",6.634566666666666,-73.22105833333333,1296.5,"http://maps.google.com/maps?q=6.634566666666666,-73.22105833333333","https://www.openstreetmap.org/query?lat=6.634566666666666&lon=-73.22105833333333"
"https://github.com/rcfdtools/R.GISMobile/tree/main/.poi/46/PXL_20230407_214902319.jpg",6.6344055555555554,-73.21905833333334,1278.8,"http://maps.google.com/maps?q=6.6344055555555554,-73.21905833333334","https://www.openstreetmap.org/query?lat=6.6344055555555554&lon=-73.21905833333334"
"https://github.com/rcfdtools/R.GISMobile/tree/main/.poi/46/PXL_20230407_214918975.jpg",6.6344055555555554,-73.21905833333334,1278.8,"http://maps.google.com/maps?q=6.6344055555555554,-73.21905833333334","https://www.openstreetmap.org/query?lat=6.6344055555555554&lon=-73.21905833333334"
"https://github.com/rcfdtools/R.GISMobile/tree/main/.poi/46/PXL_20230407_214920207.jpg",6.6344055555555554,-73.21905833333334,1278.8,"http://maps.google.com/maps?q=6.6344055555555554,-73.21905833333334","https://www.openstreetmap.org/query?lat=6.6344055555555554&lon=-73.21905833333334"
"https://github.com/rcfdtools/R.GISMobile/tree/main/.poi/46/PXL_20230407_214932127.jpg",6.6344055555555554,-73.21905833333334,1278.8,"http://maps.google.com/maps?q=6.6344055555555554,-73.21905833333334","https://www.openstreetmap.org/query?lat=6.6344055555555554&lon=-73.21905833333334"
"https://github.com/rcfdtools/R.GISMobile/tree/main/.poi/46/PXL_20230407_214934177.jpg",6.6344055555555554,-73.21905833333334,1278.8,"http://maps.google.com/maps?q=6.6344055555555554,-73.21905833333334","https://www.openstreetmap.org/query?lat=6.6344055555555554&lon=-73.21905833333334"
"https://github.com/rcfdtools/R.GISMobile/tree/main/.poi/46/PXL_20230407_214941601.jpg",6.6344055555555554,-73.21905833333334,1278.8,"http://maps.google.com/maps?q=6.6344055555555554,-73.21905833333334","https://www.openstreetmap.org/query?lat=6.6344055555555554&lon=-73.21905833333334"
"https://github.com/rcfdtools/R.GISMobile/tree/main/.poi/46/PXL_20230407_214943096.jpg",6.6344055555555554,-73.21905833333334,1278.8,"http://maps.google.com/maps?q=6.6344055555555554,-73.21905833333334","https://www.openstreetmap.org/query?lat=6.6344055555555554&lon=-73.21905833333334"
"https://github.com/rcfdtools/R.GISMobile/tree/main/.poi/46/PXL_20230409_190800531.MP.jpg",6.052702777777777,-73.50208055555555,1492.53,"http://maps.google.com/maps?q=6.052702777777777,-73.50208055555555","https://www.openstreetmap.org/query?lat=6.052702777777777&lon=-73.50208055555555"
"https://github.com/rcfdtools/R.GISMobile/tree/main/.poi/47/IMG_2357.JPG",4.90511388888889,-73.9210138888889,3173.8517745302715,"http://maps.google.com/maps?q=4.90511388888889,-73.9210138888889","https://www.openstreetmap.org/query?lat=4.90511388888889&lon=-73.9210138888889"
"https://github.com/rcfdtools/R.GISMobile/tree/main/.poi/47/IMG_2358.JPG",4.90513888888889,-73.92099722222223,3173.501488095238,"http://maps.google.com/maps?q=4.90513888888889,-73.92099722222223","https://www.openstreetmap.org/query?lat=4.90513888888889&lon=-73.92099722222223"
"https://github.com/rcfdtools/R.GISMobile/tree/main/.poi/47/IMG_2361.JPG",4.936861111111111,-73.83995,2602.3427065026362,"http://maps.google.com/maps?q=4.936861111111111,-73.83995","https://www.openstreetmap.org/query?lat=4.936861111111111&lon=-73.83995"
"https://github.com/rcfdtools/R.GISMobile/tree/main/.poi/47/IMG_2362.JPG",4.936863888888889,-73.83994444444444,2601.789898989899,"http://maps.google.com/maps?q=4.936863888888889,-73.83994444444444","https://www.openstreetmap.org/query?lat=4.936863888888889&lon=-73.83994444444444"
"https://github.com/rcfdtools/R.GISMobile/tree/main/.poi/47/IMG_2363.JPG",4.936861111111111,-73.83994444444444,2601.750666666667,"http://maps.google.com/maps?q=4.936861111111111,-73.83994444444444","https://www.openstreetmap.org/query?lat=4.936861111111111&lon=-73.83994444444444"
"https://github.com/rcfdtools/R.GISMobile/tree/main/.poi/47/IMG_2364.JPG",4.936850000000001,-73.83994444444444,2601.7124824684433,"http://maps.google.com/maps?q=4.936850000000001,-73.83994444444444","https://www.openstreetmap.org/query?lat=4.936850000000001&lon=-73.83994444444444"
"https://github.com/rcfdtools/R.GISMobile/tree/main/.poi/48/IMG_2285.JPG",5.000480555555556,-74.17743611111112,3188.5429362880886,"http://maps.google.com/maps?q=5.000480555555556,-74.17743611111112","https://www.openstreetmap.org/query?lat=5.000480555555556&lon=-74.17743611111112"
"https://github.com/rcfdtools/R.GISMobile/tree/main/.poi/48/IMG_2286.JPG",5.000491666666667,-74.17742222222223,3190.9634888438136,"http://maps.google.com/maps?q=5.000491666666667,-74.17742222222223","https://www.openstreetmap.org/query?lat=5.000491666666667&lon=-74.17742222222223"
"https://github.com/rcfdtools/R.GISMobile/tree/main/.poi/48/IMG_2287.JPG",5.000505555555556,-74.17740555555557,3191.4167289021657,"http://maps.google.com/maps?q=5.000505555555556,-74.17740555555557","https://www.openstreetmap.org/query?lat=5.000505555555556&lon=-74.17740555555557"
"https://github.com/rcfdtools/R.GISMobile/tree/main/.poi/48/IMG_2288.JPG",5.0005138888888885,-74.17739722222223,3190.9555483452305,"http://maps.google.com/maps?q=5.0005138888888885,-74.17739722222223","https://www.openstreetmap.org/query?lat=5.0005138888888885&lon=-74.17739722222223"
"https://github.com/rcfdtools/R.GISMobile/tree/main/.poi/48/IMG_2289.JPG",5.000491666666667,-74.17739166666667,3191.029810298103,"http://maps.google.com/maps?q=5.000491666666667,-74.17739166666667","https://www.openstreetmap.org/query?lat=5.000491666666667&lon=-74.17739166666667"
"https://github.com/rcfdtools/R.GISMobile/tree/main/.poi/48/IMG_2290.JPG",5.000491666666667,-74.17741388888889,3188.465783664459,"http://maps.google.com/maps?q=5.000491666666667,-74.17741388888889","https://www.openstreetmap.org/query?lat=5.000491666666667&lon=-74.17741388888889"
"https://github.com/rcfdtools/R.GISMobile/tree/main/.poi/48/IMG_2294.JPG",5.000525,-74.17740555555557,3188.9078822412157,"http://maps.google.com/maps?q=5.000525,-74.17740555555557","https://www.openstreetmap.org/query?lat=5.000525&lon=-74.17740555555557"
"https://github.com/rcfdtools/R.GISMobile/tree/main/.poi/48/IMG_2295.JPG",5.025591666666666,-73.99642222222222,2572.5585774058577,"http://maps.google.com/maps?q=5.025591666666666,-73.99642222222222","https://www.openstreetmap.org/query?lat=5.025591666666666&lon=-73.99642222222222"
"https://github.com/rcfdtools/R.GISMobile/tree/main/.poi/5/PXL_20230503_174747256.jpg",4.5409,-73.75708888888889,3220.78,"http://maps.google.com/maps?q=4.5409,-73.75708888888889","https://www.openstreetmap.org/query?lat=4.5409&lon=-73.75708888888889"
"https://github.com/rcfdtools/R.GISMobile/tree/main/.poi/5/PXL_20230503_174751371.jpg",4.5409,-73.75708888888889,3220.78,"http://maps.google.com/maps?q=4.5409,-73.75708888888889","https://www.openstreetmap.org/query?lat=4.5409&lon=-73.75708888888889"
"https://github.com/rcfdtools/R.GISMobile/tree/main/.poi/5/PXL_20230503_174827257.jpg",4.540480555555556,-73.75746388888889,3224.2,"http://maps.google.com/maps?q=4.540480555555556,-73.75746388888889","https://www.openstreetmap.org/query?lat=4.540480555555556&lon=-73.75746388888889"
"https://github.com/rcfdtools/R.GISMobile/tree/main/.poi/5/PXL_20230503_174837491.jpg",4.540480555555556,-73.75746388888889,3224.2,"http://maps.google.com/maps?q=4.540480555555556,-73.75746388888889","https://www.openstreetmap.org/query?lat=4.540480555555556&lon=-73.75746388888889"
"https://github.com/rcfdtools/R.GISMobile/tree/main/.poi/50/20180329_143519.jpg",3.489412138888889,-73.65893816666667,436.0,"http://maps.google.com/maps?q=3.489412138888889,-73.65893816666667","https://www.openstreetmap.org/query?lat=3.489412138888889&lon=-73.65893816666667"
"https://github.com/rcfdtools/R.GISMobile/tree/main/.poi/50/20180329_152128.jpg",3.4355449444444446,-73.76103758333333,366.0,"http://maps.google.com/maps?q=3.4355449444444446,-73.76103758333333","https://www.openstreetmap.org/query?lat=3.4355449444444446&lon=-73.76103758333333"
"https://github.com/rcfdtools/R.GISMobile/tree/main/.poi/50/20180329_152146_001.jpg",3.401824138888889,-73.81847527777778,450.0,"http://maps.google.com/maps?q=3.401824138888889,-73.81847527777778","https://www.openstreetmap.org/query?lat=3.401824138888889&lon=-73.81847527777778"
"https://github.com/rcfdtools/R.GISMobile/tree/main/.poi/50/20180329_152419.jpg",3.4000293888888886,-73.85104108333333,454.0,"http://maps.google.com/maps?q=3.4000293888888886,-73.85104108333333","https://www.openstreetmap.org/query?lat=3.4000293888888886&lon=-73.85104108333333"
"https://github.com/rcfdtools/R.GISMobile/tree/main/.poi/50/20180329_152423.jpg",3.4000293888888886,-73.85104108333333,454.0,"http://maps.google.com/maps?q=3.4000293888888886,-73.85104108333333","https://www.openstreetmap.org/query?lat=3.4000293888888886&lon=-73.85104108333333"
"https://github.com/rcfdtools/R.GISMobile/tree/main/.poi/50/20180329_162244.jpg",3.4031670277777777,-73.79706386111111,399.0,"http://maps.google.com/maps?q=3.4031670277777777,-73.79706386111111","https://www.openstreetmap.org/query?lat=3.4031670277777777&lon=-73.79706386111111"
"https://github.com/rcfdtools/R.GISMobile/tree/main/.poi/50/20180329_162246.jpg",3.4031670277777777,-73.79706386111111,399.0,"http://maps.google.com/maps?q=3.4031670277777777,-73.79706386111111","https://www.openstreetmap.org/query?lat=3.4031670277777777&lon=-73.79706386111111"
"https://github.com/rcfdtools/R.GISMobile/tree/main/.poi/50/20180329_162248.jpg",3.4031670277777777,-73.79706386111111,399.0,"http://maps.google.com/maps?q=3.4031670277777777,-73.79706386111111","https://www.openstreetmap.org/query?lat=3.4031670277777777&lon=-73.79706386111111"
"https://github.com/rcfdtools/R.GISMobile/tree/main/.poi/50/20180329_162256.jpg",3.4031670277777777,-73.79706386111111,399.0,"http://maps.google.com/maps?q=3.4031670277777777,-73.79706386111111","https://www.openstreetmap.org/query?lat=3.4031670277777777&lon=-73.79706386111111"
"https://github.com/rcfdtools/R.GISMobile/tree/main/.poi/50/20180330_121739.jpg",3.691826888888889,-73.70052477777779,0.0,"http://maps.google.com/maps?q=3.691826888888889,-73.70052477777779","https://www.openstreetmap.org/query?lat=3.691826888888889&lon=-73.70052477777779"
"https://github.com/rcfdtools/R.GISMobile/tree/main/.poi/50/20180330_121741.jpg",3.691826888888889,-73.70052477777779,0.0,"http://maps.google.com/maps?q=3.691826888888889,-73.70052477777779","https://www.openstreetmap.org/query?lat=3.691826888888889&lon=-73.70052477777779"
"https://github.com/rcfdtools/R.GISMobile/tree/main/.poi/50/20180330_163559.jpg",3.7033790833333335,-73.70078119444445,0.0,"http://maps.google.com/maps?q=3.7033790833333335,-73.70078119444445","https://www.openstreetmap.org/query?lat=3.7033790833333335&lon=-73.70078119444445"
"https://github.com/rcfdtools/R.GISMobile/tree/main/.poi/50/20180330_163602.jpg",3.7033790833333335,-73.70078119444445,0.0,"http://maps.google.com/maps?q=3.7033790833333335,-73.70078119444445","https://www.openstreetmap.org/query?lat=3.7033790833333335&lon=-73.70078119444445"
"https://github.com/rcfdtools/R.GISMobile/tree/main/.poi/50/20180330_163605.jpg",3.7033790833333335,-73.70078119444445,0.0,"http://maps.google.com/maps?q=3.7033790833333335,-73.70078119444445","https://www.openstreetmap.org/query?lat=3.7033790833333335&lon=-73.70078119444445"
"https://github.com/rcfdtools/R.GISMobile/tree/main/.poi/50/20180330_163621.jpg",3.703183,-73.7007605,0.0,"http://maps.google.com/maps?q=3.703183,-73.7007605","https://www.openstreetmap.org/query?lat=3.703183&lon=-73.7007605"
"https://github.com/rcfdtools/R.GISMobile/tree/main/.poi/50/20180330_163628.jpg",3.703166416666667,-73.70058627777777,447.0,"http://maps.google.com/maps?q=3.703166416666667,-73.70058627777777","https://www.openstreetmap.org/query?lat=3.703166416666667&lon=-73.70058627777777"
"https://github.com/rcfdtools/R.GISMobile/tree/main/.poi/50/20180330_172614.jpg",3.6990994444444447,-73.70021141666668,454.0,"http://maps.google.com/maps?q=3.6990994444444447,-73.70021141666668","https://www.openstreetmap.org/query?lat=3.6990994444444447&lon=-73.70021141666668"
"https://github.com/rcfdtools/R.GISMobile/tree/main/.poi/50/20180331_065914.jpg",3.691098083333334,-73.69629619444444,433.799,"http://maps.google.com/maps?q=3.691098083333334,-73.69629619444444","https://www.openstreetmap.org/query?lat=3.691098083333334&lon=-73.69629619444444"
"https://github.com/rcfdtools/R.GISMobile/tree/main/.poi/51/IMG_2297.JPG",5.6013972222222215,-73.30648055555555,2672.456464379947,"http://maps.google.com/maps?q=5.6013972222222215,-73.30648055555555","https://www.openstreetmap.org/query?lat=5.6013972222222215&lon=-73.30648055555555"
"https://github.com/rcfdtools/R.GISMobile/tree/main/.poi/51/IMG_2299.JPG",5.609038888888889,-73.2812888888889,2714.67069154775,"http://maps.google.com/maps?q=5.609038888888889,-73.2812888888889","https://www.openstreetmap.org/query?lat=5.609038888888889&lon=-73.2812888888889"
"https://github.com/rcfdtools/R.GISMobile/tree/main/.poi/51/IMG_2300.JPG",5.609080555555555,-73.2812111111111,2714.82476635514,"http://maps.google.com/maps?q=5.609080555555555,-73.2812111111111","https://www.openstreetmap.org/query?lat=5.609080555555555&lon=-73.2812111111111"
"https://github.com/rcfdtools/R.GISMobile/tree/main/.poi/51/IMG_2301.JPG",5.609055555555555,-73.28120555555556,2714.5197255574612,"http://maps.google.com/maps?q=5.609055555555555,-73.28120555555556","https://www.openstreetmap.org/query?lat=5.609055555555555&lon=-73.28120555555556"
"https://github.com/rcfdtools/R.GISMobile/tree/main/.poi/51/IMG_2302.JPG",5.609052777777777,-73.28119722222222,2714.690220820189,"http://maps.google.com/maps?q=5.609052777777777,-73.28119722222222","https://www.openstreetmap.org/query?lat=5.609052777777777&lon=-73.28119722222222"
"https://github.com/rcfdtools/R.GISMobile/tree/main/.poi/51/PXL_20230402_133216883.jpg",5.4509694444444445,-73.4305138888889,2754.0,"http://maps.google.com/maps?q=5.4509694444444445,-73.4305138888889","https://www.openstreetmap.org/query?lat=5.4509694444444445&lon=-73.4305138888889"
"https://github.com/rcfdtools/R.GISMobile/tree/main/.poi/51/PXL_20230402_133222176.jpg",5.4509694444444445,-73.4305138888889,2754.0,"http://maps.google.com/maps?q=5.4509694444444445,-73.4305138888889","https://www.openstreetmap.org/query?lat=5.4509694444444445&lon=-73.4305138888889"
"https://github.com/rcfdtools/R.GISMobile/tree/main/.poi/51/PXL_20230402_133222176~2.jpg",5.4509694444444445,-73.4305138888889,2754.0,"http://maps.google.com/maps?q=5.4509694444444445,-73.4305138888889","https://www.openstreetmap.org/query?lat=5.4509694444444445&lon=-73.4305138888889"
"https://github.com/rcfdtools/R.GISMobile/tree/main/.poi/51/PXL_20230402_133309994.jpg",5.450936111111111,-73.43055277777778,2740.0,"http://maps.google.com/maps?q=5.450936111111111,-73.43055277777778","https://www.openstreetmap.org/query?lat=5.450936111111111&lon=-73.43055277777778"
"https://github.com/rcfdtools/R.GISMobile/tree/main/.poi/51/PXL_20230402_133313948.jpg",5.450936111111111,-73.43055277777778,2740.0,"http://maps.google.com/maps?q=5.450936111111111,-73.43055277777778","https://www.openstreetmap.org/query?lat=5.450936111111111&lon=-73.43055277777778"
"https://github.com/rcfdtools/R.GISMobile/tree/main/.poi/51/PXL_20230402_133319425.jpg",5.450936111111111,-73.43055277777778,2740.0,"http://maps.google.com/maps?q=5.450936111111111,-73.43055277777778","https://www.openstreetmap.org/query?lat=5.450936111111111&lon=-73.43055277777778"
"https://github.com/rcfdtools/R.GISMobile/tree/main/.poi/51/PXL_20230402_133319425~2.jpg",5.450936111111111,-73.43055277777778,2740.0,"http://maps.google.com/maps?q=5.450936111111111,-73.43055277777778","https://www.openstreetmap.org/query?lat=5.450936111111111&lon=-73.43055277777778"
"https://github.com/rcfdtools/R.GISMobile/tree/main/.poi/51/PXL_20230402_133444698.jpg",5.450688888888889,-73.43034722222222,2751.0,"http://maps.google.com/maps?q=5.450688888888889,-73.43034722222222","https://www.openstreetmap.org/query?lat=5.450688888888889&lon=-73.43034722222222"
"https://github.com/rcfdtools/R.GISMobile/tree/main/.poi/51/PXL_20230402_133447795.jpg",5.450688888888889,-73.43034722222222,2751.0,"http://maps.google.com/maps?q=5.450688888888889,-73.43034722222222","https://www.openstreetmap.org/query?lat=5.450688888888889&lon=-73.43034722222222"
"https://github.com/rcfdtools/R.GISMobile/tree/main/.poi/51/PXL_20230402_133456974.jpg",5.450688888888889,-73.43034722222222,2751.0,"http://maps.google.com/maps?q=5.450688888888889,-73.43034722222222","https://www.openstreetmap.org/query?lat=5.450688888888889&lon=-73.43034722222222"
"https://github.com/rcfdtools/R.GISMobile/tree/main/.poi/51/PXL_20230402_133606074.jpg",5.450833333333334,-73.430075,2774.0,"http://maps.google.com/maps?q=5.450833333333334,-73.430075","https://www.openstreetmap.org/query?lat=5.450833333333334&lon=-73.430075"
"https://github.com/rcfdtools/R.GISMobile/tree/main/.poi/51/PXL_20230402_133606074~2.jpg",5.450833333333334,-73.430075,2774.0,"http://maps.google.com/maps?q=5.450833333333334,-73.430075","https://www.openstreetmap.org/query?lat=5.450833333333334&lon=-73.430075"
"https://github.com/rcfdtools/R.GISMobile/tree/main/.poi/51/PXL_20230402_133615197.jpg",5.450833333333334,-73.430075,2774.0,"http://maps.google.com/maps?q=5.450833333333334,-73.430075","https://www.openstreetmap.org/query?lat=5.450833333333334&lon=-73.430075"
"https://github.com/rcfdtools/R.GISMobile/tree/main/.poi/51/PXL_20230402_133942725.MOTION-01.COVER.jpg",5.4503111111111116,-73.43053055555556,2738.38,"http://maps.google.com/maps?q=5.4503111111111116,-73.43053055555556","https://www.openstreetmap.org/query?lat=5.4503111111111116&lon=-73.43053055555556"
"https://github.com/rcfdtools/R.GISMobile/tree/main/.poi/51/PXL_20230402_133942725.MOTION-02.ORIGINAL.jpg",5.4503111111111116,-73.43053055555556,2738.38,"http://maps.google.com/maps?q=5.4503111111111116,-73.43053055555556","https://www.openstreetmap.org/query?lat=5.4503111111111116&lon=-73.43053055555556"
"https://github.com/rcfdtools/R.GISMobile/tree/main/.poi/51/PXL_20230402_133952500.jpg",5.4503111111111116,-73.43053055555556,2738.38,"http://maps.google.com/maps?q=5.4503111111111116,-73.43053055555556","https://www.openstreetmap.org/query?lat=5.4503111111111116&lon=-73.43053055555556"
"https://github.com/rcfdtools/R.GISMobile/tree/main/.poi/51/PXL_20230402_134446161.jpg",5.450511111111111,-73.43058888888889,2740.0,"http://maps.google.com/maps?q=5.450511111111111,-73.43058888888889","https://www.openstreetmap.org/query?lat=5.450511111111111&lon=-73.43058888888889"
"https://github.com/rcfdtools/R.GISMobile/tree/main/.poi/51/PXL_20230402_155259246.jpg",5.608977777777778,-73.2812388888889,2740.0,"http://maps.google.com/maps?q=5.608977777777778,-73.2812388888889","https://www.openstreetmap.org/query?lat=5.608977777777778&lon=-73.2812388888889"
"https://github.com/rcfdtools/R.GISMobile/tree/main/.poi/51/PXL_20230402_155305686.jpg",5.608977777777778,-73.2812388888889,2740.0,"http://maps.google.com/maps?q=5.608977777777778,-73.2812388888889","https://www.openstreetmap.org/query?lat=5.608977777777778&lon=-73.2812388888889"
"https://github.com/rcfdtools/R.GISMobile/tree/main/.poi/51/PXL_20230402_155313576.jpg",5.608977777777778,-73.2812388888889,2740.0,"http://maps.google.com/maps?q=5.608977777777778,-73.2812388888889","https://www.openstreetmap.org/query?lat=5.608977777777778&lon=-73.2812388888889"
"https://github.com/rcfdtools/R.GISMobile/tree/main/.poi/51/PXL_20230402_160042101.jpg",5.609299999999999,-73.28063055555556,2740.0,"http://maps.google.com/maps?q=5.609299999999999,-73.28063055555556","https://www.openstreetmap.org/query?lat=5.609299999999999&lon=-73.28063055555556"
"https://github.com/rcfdtools/R.GISMobile/tree/main/.poi/51/PXL_20230402_160057912.PORTRAIT.jpg",5.609299999999999,-73.28063055555556,2740.0,"http://maps.google.com/maps?q=5.609299999999999,-73.28063055555556","https://www.openstreetmap.org/query?lat=5.609299999999999&lon=-73.28063055555556"
"https://github.com/rcfdtools/R.GISMobile/tree/main/.poi/51/PXL_20230402_160057912.PORTRAIT~2.jpg",5.609299999999999,-73.28063055555556,2740.0,"http://maps.google.com/maps?q=5.609299999999999,-73.28063055555556","https://www.openstreetmap.org/query?lat=5.609299999999999&lon=-73.28063055555556"
"https://github.com/rcfdtools/R.GISMobile/tree/main/.poi/51/PXL_20230402_160057912.PORTRAIT~3.jpg",5.609299999999999,-73.28063055555556,2740.0,"http://maps.google.com/maps?q=5.609299999999999,-73.28063055555556","https://www.openstreetmap.org/query?lat=5.609299999999999&lon=-73.28063055555556"
"https://github.com/rcfdtools/R.GISMobile/tree/main/.poi/51/PXL_20230402_160106212.NIGHT.jpg",5.609299999999999,-73.28063055555556,2740.0,"http://maps.google.com/maps?q=5.609299999999999,-73.28063055555556","https://www.openstreetmap.org/query?lat=5.609299999999999&lon=-73.28063055555556"
"https://github.com/rcfdtools/R.GISMobile/tree/main/.poi/51/PXL_20230402_160121202.MP.jpg",5.609299999999999,-73.28063055555556,2740.0,"http://maps.google.com/maps?q=5.609299999999999,-73.28063055555556","https://www.openstreetmap.org/query?lat=5.609299999999999&lon=-73.28063055555556"
"https://github.com/rcfdtools/R.GISMobile/tree/main/.poi/51/PXL_20230402_160126802.jpg",5.609299999999999,-73.28063055555556,2740.0,"http://maps.google.com/maps?q=5.609299999999999,-73.28063055555556","https://www.openstreetmap.org/query?lat=5.609299999999999&lon=-73.28063055555556"
"https://github.com/rcfdtools/R.GISMobile/tree/main/.poi/51/PXL_20230402_160135161.MP.jpg",5.609299999999999,-73.28063055555556,2740.0,"http://maps.google.com/maps?q=5.609299999999999,-73.28063055555556","https://www.openstreetmap.org/query?lat=5.609299999999999&lon=-73.28063055555556"
"https://github.com/rcfdtools/R.GISMobile/tree/main/.poi/51/PXL_20230402_160140576.jpg",5.609299999999999,-73.28063055555556,2740.0,"http://maps.google.com/maps?q=5.609299999999999,-73.28063055555556","https://www.openstreetmap.org/query?lat=5.609299999999999&lon=-73.28063055555556"
"https://github.com/rcfdtools/R.GISMobile/tree/main/.poi/51/PXL_20230402_160149157.jpg",5.609299999999999,-73.28063055555556,2740.0,"http://maps.google.com/maps?q=5.609299999999999,-73.28063055555556","https://www.openstreetmap.org/query?lat=5.609299999999999&lon=-73.28063055555556"
"https://github.com/rcfdtools/R.GISMobile/tree/main/.poi/51/PXL_20230402_160235742.MP.jpg",5.60933611111111,-73.28053055555556,2732.0,"http://maps.google.com/maps?q=5.60933611111111,-73.28053055555556","https://www.openstreetmap.org/query?lat=5.60933611111111&lon=-73.28053055555556"
"https://github.com/rcfdtools/R.GISMobile/tree/main/.poi/51/PXL_20230402_160235742_exported_666_1680467445375.jpg",5.609333333333333,-73.28053055555556,2732.0,"http://maps.google.com/maps?q=5.609333333333333,-73.28053055555556","https://www.openstreetmap.org/query?lat=5.609333333333333&lon=-73.28053055555556"
"https://github.com/rcfdtools/R.GISMobile/tree/main/.poi/51/PXL_20230402_160258022.PORTRAIT.jpg",5.60933611111111,-73.28053055555556,2732.0,"http://maps.google.com/maps?q=5.60933611111111,-73.28053055555556","https://www.openstreetmap.org/query?lat=5.60933611111111&lon=-73.28053055555556"
"https://github.com/rcfdtools/R.GISMobile/tree/main/.poi/51/PXL_20230402_160529960.jpg",5.6092861111111105,-73.28105833333333,2748.0,"http://maps.google.com/maps?q=5.6092861111111105,-73.28105833333333","https://www.openstreetmap.org/query?lat=5.6092861111111105&lon=-73.28105833333333"
"https://github.com/rcfdtools/R.GISMobile/tree/main/.poi/51/PXL_20230402_160541699.jpg",5.6092861111111105,-73.28105833333333,2748.0,"http://maps.google.com/maps?q=5.6092861111111105,-73.28105833333333","https://www.openstreetmap.org/query?lat=5.6092861111111105&lon=-73.28105833333333"
"https://github.com/rcfdtools/R.GISMobile/tree/main/.poi/51/PXL_20230402_160550477.jpg",5.6092861111111105,-73.28105833333333,2748.0,"http://maps.google.com/maps?q=5.6092861111111105,-73.28105833333333","https://www.openstreetmap.org/query?lat=5.6092861111111105&lon=-73.28105833333333"
"https://github.com/rcfdtools/R.GISMobile/tree/main/.poi/51/PXL_20230402_160826665.jpg",5.608899999999999,-73.281025,2752.57,"http://maps.google.com/maps?q=5.608899999999999,-73.281025","https://www.openstreetmap.org/query?lat=5.608899999999999&lon=-73.281025"
"https://github.com/rcfdtools/R.GISMobile/tree/main/.poi/51/PXL_20230402_161612734.jpg",5.609191666666666,-73.28128055555555,2757.0,"http://maps.google.com/maps?q=5.609191666666666,-73.28128055555555","https://www.openstreetmap.org/query?lat=5.609191666666666&lon=-73.28128055555555"
"https://github.com/rcfdtools/R.GISMobile/tree/main/.poi/51/PXL_20230402_161618498.PORTRAIT.ORIGINAL.jpg",5.609191666666666,-73.28128055555555,2757.0,"http://maps.google.com/maps?q=5.609191666666666,-73.28128055555555","https://www.openstreetmap.org/query?lat=5.609191666666666&lon=-73.28128055555555"
"https://github.com/rcfdtools/R.GISMobile/tree/main/.poi/51/PXL_20230402_161618498.PORTRAIT.ORIGINAL~2.jpg",5.609191666666666,-73.28128055555555,2757.0,"http://maps.google.com/maps?q=5.609191666666666,-73.28128055555555","https://www.openstreetmap.org/query?lat=5.609191666666666&lon=-73.28128055555555"
"https://github.com/rcfdtools/R.GISMobile/tree/main/.poi/51/PXL_20230402_161701972.jpg",5.609191666666666,-73.28128055555555,2757.0,"http://maps.google.com/maps?q=5.609191666666666,-73.28128055555555","https://www.openstreetmap.org/query?lat=5.609191666666666&lon=-73.28128055555555"
"https://github.com/rcfdtools/R.GISMobile/tree/main/.poi/51/PXL_20230402_161701972~2.jpg",5.609191666666666,-73.28128055555555,2757.0,"http://maps.google.com/maps?q=5.609191666666666,-73.28128055555555","https://www.openstreetmap.org/query?lat=5.609191666666666&lon=-73.28128055555555"
"https://github.com/rcfdtools/R.GISMobile/tree/main/.poi/51/PXL_20230402_161707380.jpg",5.609191666666666,-73.28128055555555,2757.0,"http://maps.google.com/maps?q=5.609191666666666,-73.28128055555555","https://www.openstreetmap.org/query?lat=5.609191666666666&lon=-73.28128055555555"
"https://github.com/rcfdtools/R.GISMobile/tree/main/.poi/51/PXL_20230402_161712289.jpg",5.609191666666666,-73.28128055555555,2757.0,"http://maps.google.com/maps?q=5.609191666666666,-73.28128055555555","https://www.openstreetmap.org/query?lat=5.609191666666666&lon=-73.28128055555555"
"https://github.com/rcfdtools/R.GISMobile/tree/main/.poi/51/PXL_20230402_161849364.jpg",5.609097222222222,-73.28132777777778,2738.0,"http://maps.google.com/maps?q=5.609097222222222,-73.28132777777778","https://www.openstreetmap.org/query?lat=5.609097222222222&lon=-73.28132777777778"
"https://github.com/rcfdtools/R.GISMobile/tree/main/.poi/51/PXL_20230402_161855971.jpg",5.609097222222222,-73.28132777777778,2738.0,"http://maps.google.com/maps?q=5.609097222222222,-73.28132777777778","https://www.openstreetmap.org/query?lat=5.609097222222222&lon=-73.28132777777778"
"https://github.com/rcfdtools/R.GISMobile/tree/main/.poi/51/PXL_20230402_161901922.jpg",5.609102777777777,-73.281375,2750.0,"http://maps.google.com/maps?q=5.609102777777777,-73.281375","https://www.openstreetmap.org/query?lat=5.609102777777777&lon=-73.281375"
"https://github.com/rcfdtools/R.GISMobile/tree/main/.poi/51/PXL_20230402_161913560.PORTRAIT.jpg",5.609102777777777,-73.281375,2750.0,"http://maps.google.com/maps?q=5.609102777777777,-73.281375","https://www.openstreetmap.org/query?lat=5.609102777777777&lon=-73.281375"
"https://github.com/rcfdtools/R.GISMobile/tree/main/.poi/51/PXL_20230402_161922134.PORTRAIT.jpg",5.609102777777777,-73.281375,2750.0,"http://maps.google.com/maps?q=5.609102777777777,-73.281375","https://www.openstreetmap.org/query?lat=5.609102777777777&lon=-73.281375"
"https://github.com/rcfdtools/R.GISMobile/tree/main/.poi/51/PXL_20230402_161928583.PORTRAIT.jpg",5.609102777777777,-73.281375,2750.0,"http://maps.google.com/maps?q=5.609102777777777,-73.281375","https://www.openstreetmap.org/query?lat=5.609102777777777&lon=-73.281375"
"https://github.com/rcfdtools/R.GISMobile/tree/main/.poi/54/IMG_20160815_052808.jpg",6.9245528,-71.8761984,213.69,"http://maps.google.com/maps?q=6.9245528,-71.8761984","https://www.openstreetmap.org/query?lat=6.9245528&lon=-71.8761984"
"https://github.com/rcfdtools/R.GISMobile/tree/main/.poi/54/IMG_20160815_052812.jpg",6.9245528,-71.8761984,232.4,"http://maps.google.com/maps?q=6.9245528,-71.8761984","https://www.openstreetmap.org/query?lat=6.9245528&lon=-71.8761984"
"https://github.com/rcfdtools/R.GISMobile/tree/main/.poi/54/IMG_20160815_053541.jpg",6.9347192,-71.8820864,241.18,"http://maps.google.com/maps?q=6.9347192,-71.8820864","https://www.openstreetmap.org/query?lat=6.9347192&lon=-71.8820864"
"https://github.com/rcfdtools/R.GISMobile/tree/main/.poi/54/IMG_20160815_053543.jpg",6.9347192,-71.8820864,241.18,"http://maps.google.com/maps?q=6.9347192,-71.8820864","https://www.openstreetmap.org/query?lat=6.9347192&lon=-71.8820864"
"https://github.com/rcfdtools/R.GISMobile/tree/main/.poi/56/IMG_0300.jpg",39.59449444444445,-105.711425,3558.7085828343315,"http://maps.google.com/maps?q=39.59449444444445,-105.711425","https://www.openstreetmap.org/query?lat=39.59449444444445&lon=-105.711425"
"https://github.com/rcfdtools/R.GISMobile/tree/main/.poi/56/IMG_0301.jpg",39.594458333333336,-105.7113638888889,3552.769129287599,"http://maps.google.com/maps?q=39.594458333333336,-105.7113638888889","https://www.openstreetmap.org/query?lat=39.594458333333336&lon=-105.7113638888889"
"https://github.com/rcfdtools/R.GISMobile/tree/main/.poi/56/IMG_0302.jpg",39.59446388888889,-105.7113638888889,3553.063807531381,"http://maps.google.com/maps?q=39.59446388888889,-105.7113638888889","https://www.openstreetmap.org/query?lat=39.59446388888889&lon=-105.7113638888889"
"https://github.com/rcfdtools/R.GISMobile/tree/main/.poi/56/IMG_0303.jpg",39.59446388888889,-105.71137222222222,3552.9017013232515,"http://maps.google.com/maps?q=39.59446388888889,-105.71137222222222","https://www.openstreetmap.org/query?lat=39.59446388888889&lon=-105.71137222222222"
"https://github.com/rcfdtools/R.GISMobile/tree/main/.poi/56/IMG_0304.jpg",39.59446388888889,-105.71138055555556,3553.331632653061,"http://maps.google.com/maps?q=39.59446388888889,-105.71138055555556","https://www.openstreetmap.org/query?lat=39.59446388888889&lon=-105.71138055555556"
"https://github.com/rcfdtools/R.GISMobile/tree/main/.poi/56/IMG_0305.jpg",39.59447777777778,-105.71139444444445,3555.154945054945,"http://maps.google.com/maps?q=39.59447777777778,-105.71139444444445","https://www.openstreetmap.org/query?lat=39.59447777777778&lon=-105.71139444444445"
"https://github.com/rcfdtools/R.GISMobile/tree/main/.poi/56/IMG_0306.jpg",39.598125,-105.71015277777778,3465.142180094787,"http://maps.google.com/maps?q=39.598125,-105.71015277777778","https://www.openstreetmap.org/query?lat=39.598125&lon=-105.71015277777778"
"https://github.com/rcfdtools/R.GISMobile/tree/main/.poi/56/IMG_0307.jpg",39.598275,-105.70919166666667,3527.1597542242703,"http://maps.google.com/maps?q=39.598275,-105.70919166666667","https://www.openstreetmap.org/query?lat=39.598275&lon=-105.70919166666667"
"https://github.com/rcfdtools/R.GISMobile/tree/main/.poi/56/IMG_0309.jpg",39.60559722222222,-105.71311111111112,3400.2105369807496,"http://maps.google.com/maps?q=39.60559722222222,-105.71311111111112","https://www.openstreetmap.org/query?lat=39.60559722222222&lon=-105.71311111111112"
"https://github.com/rcfdtools/R.GISMobile/tree/main/.poi/56/IMG_0310.jpg",39.605583333333335,-105.71310555555556,3400.421965317919,"http://maps.google.com/maps?q=39.605583333333335,-105.71310555555556","https://www.openstreetmap.org/query?lat=39.605583333333335&lon=-105.71310555555556"
"https://github.com/rcfdtools/R.GISMobile/tree/main/.poi/56/IMG_0311.jpg",39.60924444444444,-105.71470000000001,3337.602380952381,"http://maps.google.com/maps?q=39.60924444444444,-105.71470000000001","https://www.openstreetmap.org/query?lat=39.60924444444444&lon=-105.71470000000001"
"https://github.com/rcfdtools/R.GISMobile/tree/main/.poi/56/IMG_0312.jpg",39.609547222222226,-105.71527222222223,3327.048426150121,"http://maps.google.com/maps?q=39.609547222222226,-105.71527222222223","https://www.openstreetmap.org/query?lat=39.609547222222226&lon=-105.71527222222223"
"https://github.com/rcfdtools/R.GISMobile/tree/main/.poi/56/IMG_0324.jpg",39.65655833333333,-105.70813055555556,3060.1685761047465,"http://maps.google.com/maps?q=39.65655833333333,-105.70813055555556","https://www.openstreetmap.org/query?lat=39.65655833333333&lon=-105.70813055555556"
"https://github.com/rcfdtools/R.GISMobile/tree/main/.poi/56/IMG_0327.jpg",39.65646388888889,-105.70824444444445,3060.3450586264657,"http://maps.google.com/maps?q=39.65646388888889,-105.70824444444445","https://www.openstreetmap.org/query?lat=39.65646388888889&lon=-105.70824444444445"
"https://github.com/rcfdtools/R.GISMobile/tree/main/.poi/56/IMG_0328.jpg",39.656302777777775,-105.70835833333334,3060.173669467787,"http://maps.google.com/maps?q=39.656302777777775,-105.70835833333334","https://www.openstreetmap.org/query?lat=39.656302777777775&lon=-105.70835833333334"
"https://github.com/rcfdtools/R.GISMobile/tree/main/.poi/56/IMG_0329.jpg",39.65625277777777,-105.70836666666666,3063.559284116331,"http://maps.google.com/maps?q=39.65625277777777,-105.70836666666666","https://www.openstreetmap.org/query?lat=39.65625277777777&lon=-105.70836666666666"
"https://github.com/rcfdtools/R.GISMobile/tree/main/.poi/56/IMG_0330.jpg",39.65623611111111,-105.70838888888889,3062.4750692520774,"http://maps.google.com/maps?q=39.65623611111111,-105.70838888888889","https://www.openstreetmap.org/query?lat=39.65623611111111&lon=-105.70838888888889"
"https://github.com/rcfdtools/R.GISMobile/tree/main/.poi/56/IMG_0331.jpg",39.656216666666666,-105.70840555555556,3061.922126081582,"http://maps.google.com/maps?q=39.656216666666666,-105.70840555555556","https://www.openstreetmap.org/query?lat=39.656216666666666&lon=-105.70840555555556"
"https://github.com/rcfdtools/R.GISMobile/tree/main/.poi/56/IMG_0332.jpg",39.65616111111111,-105.70841111111112,3063.4445797807552,"http://maps.google.com/maps?q=39.65616111111111,-105.70841111111112","https://www.openstreetmap.org/query?lat=39.65616111111111&lon=-105.70841111111112"
"https://github.com/rcfdtools/R.GISMobile/tree/main/.poi/56/IMG_0333.jpg",39.65616111111111,-105.70841111111112,3063.4611211573238,"http://maps.google.com/maps?q=39.65616111111111,-105.70841111111112","https://www.openstreetmap.org/query?lat=39.65616111111111&lon=-105.70841111111112"
"https://github.com/rcfdtools/R.GISMobile/tree/main/.poi/56/IMG_0334.jpg",39.656166666666664,-105.70841111111112,3063.6924829157174,"http://maps.google.com/maps?q=39.656166666666664,-105.70841111111112","https://www.openstreetmap.org/query?lat=39.656166666666664&lon=-105.70841111111112"
"https://github.com/rcfdtools/R.GISMobile/tree/main/.poi/56/IMG_0335.jpg",39.656216666666666,-105.70846666666667,3063.040223463687,"http://maps.google.com/maps?q=39.656216666666666,-105.70846666666667","https://www.openstreetmap.org/query?lat=39.656216666666666&lon=-105.70846666666667"
"https://github.com/rcfdtools/R.GISMobile/tree/main/.poi/56/IMG_0336.jpg",39.65646388888889,-105.70830555555555,3071.3709369024855,"http://maps.google.com/maps?q=39.65646388888889,-105.70830555555555","https://www.openstreetmap.org/query?lat=39.65646388888889&lon=-105.70830555555555"
"https://github.com/rcfdtools/R.GISMobile/tree/main/.poi/56/IMG_0338.jpg",39.66373333333333,-105.70581944444444,3056.615566037736,"http://maps.google.com/maps?q=39.66373333333333,-105.70581944444444","https://www.openstreetmap.org/query?lat=39.66373333333333&lon=-105.70581944444444"
"https://github.com/rcfdtools/R.GISMobile/tree/main/.poi/56/IMG_0341.jpg",39.67417222222222,-105.70565,3024.8745980707395,"http://maps.google.com/maps?q=39.67417222222222,-105.70565","https://www.openstreetmap.org/query?lat=39.67417222222222&lon=-105.70565"
"https://github.com/rcfdtools/R.GISMobile/tree/main/.poi/56/IMG_0342.jpg",39.674255555555554,-105.70570277777779,3025.139247943596,"http://maps.google.com/maps?q=39.674255555555554,-105.70570277777779","https://www.openstreetmap.org/query?lat=39.674255555555554&lon=-105.70570277777779"
"https://github.com/rcfdtools/R.GISMobile/tree/main/.poi/56/IMG_0343.jpg",39.67446388888889,-105.70591111111112,3025.012048192771,"http://maps.google.com/maps?q=39.67446388888889,-105.70591111111112","https://www.openstreetmap.org/query?lat=39.67446388888889&lon=-105.70591111111112"
"https://github.com/rcfdtools/R.GISMobile/tree/main/.poi/56/IMG_0344.jpg",39.67468888888889,-105.70605555555557,3025.524500907441,"http://maps.google.com/maps?q=39.67468888888889,-105.70605555555557","https://www.openstreetmap.org/query?lat=39.67468888888889&lon=-105.70605555555557"
"https://github.com/rcfdtools/R.GISMobile/tree/main/.poi/56/IMG_0345.jpg",39.67511666666667,-105.70616111111111,3025.9439421338157,"http://maps.google.com/maps?q=39.67511666666667,-105.70616111111111","https://www.openstreetmap.org/query?lat=39.67511666666667&lon=-105.70616111111111"
"https://github.com/rcfdtools/R.GISMobile/tree/main/.poi/56/IMG_0346.jpg",39.67605555555555,-105.70590277777778,3025.0938461538462,"http://maps.google.com/maps?q=39.67605555555555,-105.70590277777778","https://www.openstreetmap.org/query?lat=39.67605555555555&lon=-105.70590277777778"
"https://github.com/rcfdtools/R.GISMobile/tree/main/.poi/56/IMG_0347.jpg",39.67635277777777,-105.69924166666667,2961.898454746137,"http://maps.google.com/maps?q=39.67635277777777,-105.69924166666667","https://www.openstreetmap.org/query?lat=39.67635277777777&lon=-105.69924166666667"
"https://github.com/rcfdtools/R.GISMobile/tree/main/.poi/56/IMG_0349.jpg",39.676405555555554,-105.69916666666667,2964.644793152639,"http://maps.google.com/maps?q=39.676405555555554,-105.69916666666667","https://www.openstreetmap.org/query?lat=39.676405555555554&lon=-105.69916666666667"
"https://github.com/rcfdtools/R.GISMobile/tree/main/.poi/56/IMG_0350.jpg",39.676405555555554,-105.69917222222223,2965.0771653543306,"http://maps.google.com/maps?q=39.676405555555554,-105.69917222222223","https://www.openstreetmap.org/query?lat=39.676405555555554&lon=-105.69917222222223"
"https://github.com/rcfdtools/R.GISMobile/tree/main/.poi/56/IMG_0351.jpg",39.680875,-105.70266666666667,2947.442470389171,"http://maps.google.com/maps?q=39.680875,-105.70266666666667","https://www.openstreetmap.org/query?lat=39.680875&lon=-105.70266666666667"
"https://github.com/rcfdtools/R.GISMobile/tree/main/.poi/56/IMG_0352.jpg",39.68092222222222,-105.70263611111112,2929.2156626506026,"http://maps.google.com/maps?q=39.68092222222222,-105.70263611111112","https://www.openstreetmap.org/query?lat=39.68092222222222&lon=-105.70263611111112"
"https://github.com/rcfdtools/R.GISMobile/tree/main/.poi/56/IMG_0353.jpg",39.69200555555555,-105.69811944444444,2815.032,"http://maps.google.com/maps?q=39.69200555555555,-105.69811944444444","https://www.openstreetmap.org/query?lat=39.69200555555555&lon=-105.69811944444444"
"https://github.com/rcfdtools/R.GISMobile/tree/main/.poi/56/IMG_0354.jpg",39.69200833333333,-105.69810555555556,2815.114030738721,"http://maps.google.com/maps?q=39.69200833333333,-105.69810555555556","https://www.openstreetmap.org/query?lat=39.69200833333333&lon=-105.69810555555556"
"https://github.com/rcfdtools/R.GISMobile/tree/main/.poi/56/IMG_0355.jpg",39.69201666666666,-105.69810555555556,2814.7138849929875,"http://maps.google.com/maps?q=39.69201666666666,-105.69810555555556","https://www.openstreetmap.org/query?lat=39.69201666666666&lon=-105.69810555555556"
"https://github.com/rcfdtools/R.GISMobile/tree/main/.poi/56/IMG_0356.jpg",39.692119444444444,-105.69802777777778,2813.653825575174,"http://maps.google.com/maps?q=39.692119444444444,-105.69802777777778","https://www.openstreetmap.org/query?lat=39.692119444444444&lon=-105.69802777777778"
"https://github.com/rcfdtools/R.GISMobile/tree/main/.poi/56/IMG_0357.jpg",39.692161111111105,-105.69792222222223,2810.8655834564256,"http://maps.google.com/maps?q=39.692161111111105,-105.69792222222223","https://www.openstreetmap.org/query?lat=39.692161111111105&lon=-105.69792222222223"
"https://github.com/rcfdtools/R.GISMobile/tree/main/.poi/56/IMG_0359.jpg",39.69216944444444,-105.69793055555556,2812.3008658008657,"http://maps.google.com/maps?q=39.69216944444444,-105.69793055555556","https://www.openstreetmap.org/query?lat=39.69216944444444&lon=-105.69793055555556"
"https://github.com/rcfdtools/R.GISMobile/tree/main/.poi/56/IMG_0360.jpg",39.692161111111105,-105.69792222222223,2812.3923841059604,"http://maps.google.com/maps?q=39.692161111111105,-105.69792222222223","https://www.openstreetmap.org/query?lat=39.692161111111105&lon=-105.69792222222223"
"https://github.com/rcfdtools/R.GISMobile/tree/main/.poi/56/IMG_0363.jpg",39.69210555555555,-105.69800555555555,2809.901628222524,"http://maps.google.com/maps?q=39.69210555555555,-105.69800555555555","https://www.openstreetmap.org/query?lat=39.69210555555555&lon=-105.69800555555555"
"https://github.com/rcfdtools/R.GISMobile/tree/main/.poi/56/IMG_0364.jpg",39.69196944444444,-105.69812777777778,2815.03981264637,"http://maps.google.com/maps?q=39.69196944444444,-105.69812777777778","https://www.openstreetmap.org/query?lat=39.69196944444444&lon=-105.69812777777778"
"https://github.com/rcfdtools/R.GISMobile/tree/main/.poi/56/IMG_0365.jpg",39.70271666666667,-105.6960138888889,2665.5844504021447,"http://maps.google.com/maps?q=39.70271666666667,-105.6960138888889","https://www.openstreetmap.org/query?lat=39.70271666666667&lon=-105.6960138888889"
"https://github.com/rcfdtools/R.GISMobile/tree/main/.poi/56/IMG_0366.jpg",39.70270555555556,-105.69604444444445,2664.714819427148,"http://maps.google.com/maps?q=39.70270555555556,-105.69604444444445","https://www.openstreetmap.org/query?lat=39.70270555555556&lon=-105.69604444444445"
"https://github.com/rcfdtools/R.GISMobile/tree/main/.poi/56/IMG_0367.jpg",39.70269722222223,-105.69606666666667,2665.151832460733,"http://maps.google.com/maps?q=39.70269722222223,-105.69606666666667","https://www.openstreetmap.org/query?lat=39.70269722222223&lon=-105.69606666666667"
"https://github.com/rcfdtools/R.GISMobile/tree/main/.poi/56/IMG_20250614_144223990.jpg",39.594440444444444,-105.71134183333334,3535.0,"http://maps.google.com/maps?q=39.594440444444444,-105.71134183333334","https://www.openstreetmap.org/query?lat=39.594440444444444&lon=-105.71134183333334"
"https://github.com/rcfdtools/R.GISMobile/tree/main/.poi/56/IMG_20250614_144234902.jpg",39.594440444444444,-105.71134183333334,3535.0,"http://maps.google.com/maps?q=39.594440444444444,-105.71134183333334","https://www.openstreetmap.org/query?lat=39.594440444444444&lon=-105.71134183333334"
"https://github.com/rcfdtools/R.GISMobile/tree/main/.poi/56/IMG_20250630_114156912.jpg",39.60787580555556,-104.99674986111111,1647.0,"http://maps.google.com/maps?q=39.60787580555556,-104.99674986111111","https://www.openstreetmap.org/query?lat=39.60787580555556&lon=-104.99674986111111"
"https://github.com/rcfdtools/R.GISMobile/tree/main/.poi/56/IMG_20250630_114214335.jpg",39.60787580555556,-104.99674986111111,1647.0,"http://maps.google.com/maps?q=39.60787580555556,-104.99674986111111","https://www.openstreetmap.org/query?lat=39.60787580555556&lon=-104.99674986111111"
"https://github.com/rcfdtools/R.GISMobile/tree/main/.poi/56/IMG_20250704_210929444.jpg",39.62263869444445,-105.01786038888889,1603.0,"http://maps.google.com/maps?q=39.62263869444445,-105.01786038888889","https://www.openstreetmap.org/query?lat=39.62263869444445&lon=-105.01786038888889"
"https://github.com/rcfdtools/R.GISMobile/tree/main/.poi/56/IMG_20250704_211443012.jpg",39.62263869444445,-105.01788327777777,1603.0,"http://maps.google.com/maps?q=39.62263869444445,-105.01788327777777","https://www.openstreetmap.org/query?lat=39.62263869444445&lon=-105.01788327777777"
"https://github.com/rcfdtools/R.GISMobile/tree/main/.poi/56/IMG_20250704_211938743.jpg",39.622615805555554,-105.01791380555555,1603.0,"http://maps.google.com/maps?q=39.622615805555554,-105.01791380555555","https://www.openstreetmap.org/query?lat=39.622615805555554&lon=-105.01791380555555"
"https://github.com/rcfdtools/R.GISMobile/tree/main/.poi/56/IMG_20250704_211940392.jpg",39.622615805555554,-105.01791380555555,1603.0,"http://maps.google.com/maps?q=39.622615805555554,-105.01791380555555","https://www.openstreetmap.org/query?lat=39.622615805555554&lon=-105.01791380555555"
"https://github.com/rcfdtools/R.GISMobile/tree/main/.poi/57/PXL_20230524_105711848.MP.jpg",5.024772222222222,-73.99793333333334,2616.0,"http://maps.google.com/maps?q=5.024772222222222,-73.99793333333334","https://www.openstreetmap.org/query?lat=5.024772222222222&lon=-73.99793333333334"
"https://github.com/rcfdtools/R.GISMobile/tree/main/.poi/57/PXL_20230524_110200599.MP.jpg",5.022322222222222,-74.00104444444445,2631.0,"http://maps.google.com/maps?q=5.022322222222222,-74.00104444444445","https://www.openstreetmap.org/query?lat=5.022322222222222&lon=-74.00104444444445"
"https://github.com/rcfdtools/R.GISMobile/tree/main/.poi/57/PXL_20230524_110240979.MP.jpg",5.022322222222222,-74.00104444444445,2631.0,"http://maps.google.com/maps?q=5.022322222222222,-74.00104444444445","https://www.openstreetmap.org/query?lat=5.022322222222222&lon=-74.00104444444445"
"https://github.com/rcfdtools/R.GISMobile/tree/main/.poi/57/PXL_20230524_110435873.MP.jpg",5.022322222222222,-74.00104444444445,2631.0,"http://maps.google.com/maps?q=5.022322222222222,-74.00104444444445","https://www.openstreetmap.org/query?lat=5.022322222222222&lon=-74.00104444444445"
"https://github.com/rcfdtools/R.GISMobile/tree/main/.poi/57/PXL_20230524_110505135.jpg",5.0232833333333335,-74.003275,2641.0,"http://maps.google.com/maps?q=5.0232833333333335,-74.003275","https://www.openstreetmap.org/query?lat=5.0232833333333335&lon=-74.003275"
"https://github.com/rcfdtools/R.GISMobile/tree/main/.poi/57/PXL_20230524_110509190.MP.jpg",5.0232833333333335,-74.003275,2641.0,"http://maps.google.com/maps?q=5.0232833333333335,-74.003275","https://www.openstreetmap.org/query?lat=5.0232833333333335&lon=-74.003275"
"https://github.com/rcfdtools/R.GISMobile/tree/main/.poi/57/PXL_20230524_110510992.jpg",5.0232833333333335,-74.003275,2641.0,"http://maps.google.com/maps?q=5.0232833333333335,-74.003275","https://www.openstreetmap.org/query?lat=5.0232833333333335&lon=-74.003275"
"https://github.com/rcfdtools/R.GISMobile/tree/main/.poi/57/PXL_20230524_110520688.jpg",5.0232833333333335,-74.003275,2641.0,"http://maps.google.com/maps?q=5.0232833333333335,-74.003275","https://www.openstreetmap.org/query?lat=5.0232833333333335&lon=-74.003275"
"https://github.com/rcfdtools/R.GISMobile/tree/main/.poi/57/PXL_20230524_110949173.jpg",5.0232833333333335,-74.003275,2641.0,"http://maps.google.com/maps?q=5.0232833333333335,-74.003275","https://www.openstreetmap.org/query?lat=5.0232833333333335&lon=-74.003275"
"https://github.com/rcfdtools/R.GISMobile/tree/main/.poi/57/PXL_20230524_110952360.MP.jpg",5.021772222222222,-74.0067,2646.0,"http://maps.google.com/maps?q=5.021772222222222,-74.0067","https://www.openstreetmap.org/query?lat=5.021772222222222&lon=-74.0067"
"https://github.com/rcfdtools/R.GISMobile/tree/main/.poi/57/PXL_20230524_111152644.MP.jpg",5.021191666666667,-74.00790833333333,2659.0,"http://maps.google.com/maps?q=5.021191666666667,-74.00790833333333","https://www.openstreetmap.org/query?lat=5.021191666666667&lon=-74.00790833333333"
"https://github.com/rcfdtools/R.GISMobile/tree/main/.poi/57/PXL_20230524_111411884.jpg",5.021191666666667,-74.00790833333333,2659.0,"http://maps.google.com/maps?q=5.021191666666667,-74.00790833333333","https://www.openstreetmap.org/query?lat=5.021191666666667&lon=-74.00790833333333"
"https://github.com/rcfdtools/R.GISMobile/tree/main/.poi/57/PXL_20230524_111541632.jpg",5.021216666666667,-74.00920555555555,2675.0,"http://maps.google.com/maps?q=5.021216666666667,-74.00920555555555","https://www.openstreetmap.org/query?lat=5.021216666666667&lon=-74.00920555555555"
"https://github.com/rcfdtools/R.GISMobile/tree/main/.poi/57/PXL_20230524_111549838.jpg",5.020033333333333,-74.00894166666667,2693.74,"http://maps.google.com/maps?q=5.020033333333333,-74.00894166666667","https://www.openstreetmap.org/query?lat=5.020033333333333&lon=-74.00894166666667"
"https://github.com/rcfdtools/R.GISMobile/tree/main/.poi/57/PXL_20230524_111816070.jpg",5.020033333333333,-74.00894166666667,2693.74,"http://maps.google.com/maps?q=5.020033333333333,-74.00894166666667","https://www.openstreetmap.org/query?lat=5.020033333333333&lon=-74.00894166666667"
"https://github.com/rcfdtools/R.GISMobile/tree/main/.poi/57/PXL_20230524_111857946.jpg",5.020986111111111,-74.01075,2717.85,"http://maps.google.com/maps?q=5.020986111111111,-74.01075","https://www.openstreetmap.org/query?lat=5.020986111111111&lon=-74.01075"
"https://github.com/rcfdtools/R.GISMobile/tree/main/.poi/57/PXL_20230524_111901064.jpg",5.020986111111111,-74.01075,2717.85,"http://maps.google.com/maps?q=5.020986111111111,-74.01075","https://www.openstreetmap.org/query?lat=5.020986111111111&lon=-74.01075"
"https://github.com/rcfdtools/R.GISMobile/tree/main/.poi/57/PXL_20230524_111904908.jpg",5.020986111111111,-74.01075,2717.85,"http://maps.google.com/maps?q=5.020986111111111,-74.01075","https://www.openstreetmap.org/query?lat=5.020986111111111&lon=-74.01075"
"https://github.com/rcfdtools/R.GISMobile/tree/main/.poi/57/PXL_20230524_111932081.jpg",5.020986111111111,-74.01075,2717.85,"http://maps.google.com/maps?q=5.020986111111111,-74.01075","https://www.openstreetmap.org/query?lat=5.020986111111111&lon=-74.01075"
"https://github.com/rcfdtools/R.GISMobile/tree/main/.poi/57/PXL_20230524_112053810.MP.jpg",5.020986111111111,-74.01075,2717.85,"http://maps.google.com/maps?q=5.020986111111111,-74.01075","https://www.openstreetmap.org/query?lat=5.020986111111111&lon=-74.01075"
"https://github.com/rcfdtools/R.GISMobile/tree/main/.poi/57/PXL_20230524_112407714.MP.jpg",5.022591666666667,-74.01085833333333,2724.0,"http://maps.google.com/maps?q=5.022591666666667,-74.01085833333333","https://www.openstreetmap.org/query?lat=5.022591666666667&lon=-74.01085833333333"
"https://github.com/rcfdtools/R.GISMobile/tree/main/.poi/57/PXL_20230524_112705994.jpg",5.023783333333333,-74.01359444444445,2796.0,"http://maps.google.com/maps?q=5.023783333333333,-74.01359444444445","https://www.openstreetmap.org/query?lat=5.023783333333333&lon=-74.01359444444445"
"https://github.com/rcfdtools/R.GISMobile/tree/main/.poi/57/PXL_20230524_112715625.MP.jpg",5.023783333333333,-74.01359444444445,2796.0,"http://maps.google.com/maps?q=5.023783333333333,-74.01359444444445","https://www.openstreetmap.org/query?lat=5.023783333333333&lon=-74.01359444444445"
"https://github.com/rcfdtools/R.GISMobile/tree/main/.poi/57/PXL_20230524_112837177.MP.jpg",5.024311111111111,-74.01452777777777,2803.12,"http://maps.google.com/maps?q=5.024311111111111,-74.01452777777777","https://www.openstreetmap.org/query?lat=5.024311111111111&lon=-74.01452777777777"
"https://github.com/rcfdtools/R.GISMobile/tree/main/.poi/57/PXL_20230524_113439130.jpg",5.025158333333334,-74.01851388888889,2858.1,"http://maps.google.com/maps?q=5.025158333333334,-74.01851388888889","https://www.openstreetmap.org/query?lat=5.025158333333334&lon=-74.01851388888889"
"https://github.com/rcfdtools/R.GISMobile/tree/main/.poi/57/PXL_20230524_113442639.jpg",5.025158333333334,-74.01851388888889,2858.1,"http://maps.google.com/maps?q=5.025158333333334,-74.01851388888889","https://www.openstreetmap.org/query?lat=5.025158333333334&lon=-74.01851388888889"
"https://github.com/rcfdtools/R.GISMobile/tree/main/.poi/57/PXL_20230524_115603979.jpg",5.0233888888888885,-74.00443333333334,2858.1,"http://maps.google.com/maps?q=5.0233888888888885,-74.00443333333334","https://www.openstreetmap.org/query?lat=5.0233888888888885&lon=-74.00443333333334"
"https://github.com/rcfdtools/R.GISMobile/tree/main/.poi/57/PXL_20230524_115622385.jpg",5.0233888888888885,-74.00443333333334,2858.1,"http://maps.google.com/maps?q=5.0233888888888885,-74.00443333333334","https://www.openstreetmap.org/query?lat=5.0233888888888885&lon=-74.00443333333334"
"https://github.com/rcfdtools/R.GISMobile/tree/main/.poi/57/PXL_20230524_115624118.jpg",5.0233888888888885,-74.00443333333334,2858.1,"http://maps.google.com/maps?q=5.0233888888888885,-74.00443333333334","https://www.openstreetmap.org/query?lat=5.0233888888888885&lon=-74.00443333333334"
"https://github.com/rcfdtools/R.GISMobile/tree/main/.poi/58/IMG_20260201_101201094.jpg",4.808038194444444,-73.70345305555556,2030.0,"http://maps.google.com/maps?q=4.808038194444444,-73.70345305555556","https://www.openstreetmap.org/query?lat=4.808038194444444&lon=-73.70345305555556"
"https://github.com/rcfdtools/R.GISMobile/tree/main/.poi/58/IMG_20260201_101212871.jpg",4.808038194444444,-73.70345305555556,2030.0,"http://maps.google.com/maps?q=4.808038194444444,-73.70345305555556","https://www.openstreetmap.org/query?lat=4.808038194444444&lon=-73.70345305555556"
"https://github.com/rcfdtools/R.GISMobile/tree/main/.poi/58/IMG_20260201_101218806.jpg",4.808038194444444,-73.70345305555556,2030.0,"http://maps.google.com/maps?q=4.808038194444444,-73.70345305555556","https://www.openstreetmap.org/query?lat=4.808038194444444&lon=-73.70345305555556"
"https://github.com/rcfdtools/R.GISMobile/tree/main/.poi/58/IMG_20260201_101226968.jpg",4.808038194444444,-73.70345305555556,2030.0,"http://maps.google.com/maps?q=4.808038194444444,-73.70345305555556","https://www.openstreetmap.org/query?lat=4.808038194444444&lon=-73.70345305555556"
"https://github.com/rcfdtools/R.GISMobile/tree/main/.poi/58/IMG_20260201_101237300.jpg",4.808038194444444,-73.70345305555556,2030.0,"http://maps.google.com/maps?q=4.808038194444444,-73.70345305555556","https://www.openstreetmap.org/query?lat=4.808038194444444&lon=-73.70345305555556"
"https://github.com/rcfdtools/R.GISMobile/tree/main/.poi/58/IMG_20260201_101357737.jpg",4.808038194444444,-73.70345305555556,2927.0,"http://maps.google.com/maps?q=4.808038194444444,-73.70345305555556","https://www.openstreetmap.org/query?lat=4.808038194444444&lon=-73.70345305555556"
"https://github.com/rcfdtools/R.GISMobile/tree/main/.poi/58/IMG_20260201_101403617_HDR.jpg",4.807582833333333,-73.70352172222222,2031.0,"http://maps.google.com/maps?q=4.807582833333333,-73.70352172222222","https://www.openstreetmap.org/query?lat=4.807582833333333&lon=-73.70352172222222"
"https://github.com/rcfdtools/R.GISMobile/tree/main/.poi/58/IMG_20260201_101412711_HDR.jpg",4.807582833333333,-73.70352172222222,2031.0,"http://maps.google.com/maps?q=4.807582833333333,-73.70352172222222","https://www.openstreetmap.org/query?lat=4.807582833333333&lon=-73.70352172222222"
"https://github.com/rcfdtools/R.GISMobile/tree/main/.poi/58/IMG_20260201_101456140.jpg",4.807813111111111,-73.70357511111112,2031.0,"http://maps.google.com/maps?q=4.807813111111111,-73.70357511111112","https://www.openstreetmap.org/query?lat=4.807813111111111&lon=-73.70357511111112"
"https://github.com/rcfdtools/R.GISMobile/tree/main/.poi/58/IMG_20260201_110802800.jpg",4.807813111111111,-73.70357511111112,2031.0,"http://maps.google.com/maps?q=4.807813111111111,-73.70357511111112","https://www.openstreetmap.org/query?lat=4.807813111111111&lon=-73.70357511111112"
"https://github.com/rcfdtools/R.GISMobile/tree/main/.poi/58/IMG_20260201_110806103.jpg",4.807813111111111,-73.70357511111112,2031.0,"http://maps.google.com/maps?q=4.807813111111111,-73.70357511111112","https://www.openstreetmap.org/query?lat=4.807813111111111&lon=-73.70357511111112"
"https://github.com/rcfdtools/R.GISMobile/tree/main/.poi/58/IMG_20260201_110810899.jpg",4.807813111111111,-73.70357511111112,2031.0,"http://maps.google.com/maps?q=4.807813111111111,-73.70357511111112","https://www.openstreetmap.org/query?lat=4.807813111111111&lon=-73.70357511111112"
"https://github.com/rcfdtools/R.GISMobile/tree/main/.poi/58/IMG_20260201_110815415.jpg",4.807813111111111,-73.70357511111112,2031.0,"http://maps.google.com/maps?q=4.807813111111111,-73.70357511111112","https://www.openstreetmap.org/query?lat=4.807813111111111&lon=-73.70357511111112"
"https://github.com/rcfdtools/R.GISMobile/tree/main/.poi/58/IMG_20260201_110817799.jpg",4.807813111111111,-73.70357511111112,2031.0,"http://maps.google.com/maps?q=4.807813111111111,-73.70357511111112","https://www.openstreetmap.org/query?lat=4.807813111111111&lon=-73.70357511111112"
"https://github.com/rcfdtools/R.GISMobile/tree/main/.poi/58/IMG_20260201_110857471_HDR.jpg",4.807813111111111,-73.70357511111112,2031.0,"http://maps.google.com/maps?q=4.807813111111111,-73.70357511111112","https://www.openstreetmap.org/query?lat=4.807813111111111&lon=-73.70357511111112"
"https://github.com/rcfdtools/R.GISMobile/tree/main/.poi/58/IMG_20260201_110904908.jpg",4.807813111111111,-73.70357511111112,2031.0,"http://maps.google.com/maps?q=4.807813111111111,-73.70357511111112","https://www.openstreetmap.org/query?lat=4.807813111111111&lon=-73.70357511111112"
"https://github.com/rcfdtools/R.GISMobile/tree/main/.poi/58/IMG_20260201_111104502.jpg",4.7644281388888885,-73.57330322222222,1885.0,"http://maps.google.com/maps?q=4.7644281388888885,-73.57330322222222","https://www.openstreetmap.org/query?lat=4.7644281388888885&lon=-73.57330322222222"
"https://github.com/rcfdtools/R.GISMobile/tree/main/.poi/58/IMG_20260201_111107321.jpg",4.7644281388888885,-73.57330322222222,1885.0,"http://maps.google.com/maps?q=4.7644281388888885,-73.57330322222222","https://www.openstreetmap.org/query?lat=4.7644281388888885&lon=-73.57330322222222"
"https://github.com/rcfdtools/R.GISMobile/tree/main/.poi/58/IMG_20260201_113134815.jpg",4.743904111111111,-73.53477477777777,1964.0,"http://maps.google.com/maps?q=4.743904111111111,-73.53477477777777","https://www.openstreetmap.org/query?lat=4.743904111111111&lon=-73.53477477777777"
"https://github.com/rcfdtools/R.GISMobile/tree/main/.poi/58/IMG_20260201_113138893.jpg",4.743904111111111,-73.53477477777777,1964.0,"http://maps.google.com/maps?q=4.743904111111111,-73.53477477777777","https://www.openstreetmap.org/query?lat=4.743904111111111&lon=-73.53477477777777"
"https://github.com/rcfdtools/R.GISMobile/tree/main/.poi/58/IMG_20260201_113159987.jpg",4.743904111111111,-73.53477477777777,1964.0,"http://maps.google.com/maps?q=4.743904111111111,-73.53477477777777","https://www.openstreetmap.org/query?lat=4.743904111111111&lon=-73.53477477777777"
"https://github.com/rcfdtools/R.GISMobile/tree/main/.poi/58/IMG_20260201_113301909.jpg",4.743958916666667,-73.53485105555555,1964.0,"http://maps.google.com/maps?q=4.743958916666667,-73.53485105555555","https://www.openstreetmap.org/query?lat=4.743958916666667&lon=-73.53485105555555"
"https://github.com/rcfdtools/R.GISMobile/tree/main/.poi/58/IMG_20260201_113317543.jpg",4.743958916666667,-73.53485105555555,1964.0,"http://maps.google.com/maps?q=4.743958916666667,-73.53485105555555","https://www.openstreetmap.org/query?lat=4.743958916666667&lon=-73.53485105555555"
"https://github.com/rcfdtools/R.GISMobile/tree/main/.poi/58/IMG_20260201_113539292.jpg",4.743727222222223,-73.53485869444444,1885.0,"http://maps.google.com/maps?q=4.743727222222223,-73.53485869444444","https://www.openstreetmap.org/query?lat=4.743727222222223&lon=-73.53485869444444"
"https://github.com/rcfdtools/R.GISMobile/tree/main/.poi/58/IMG_20260201_113547803.jpg",4.743727222222223,-73.53485869444444,1885.0,"http://maps.google.com/maps?q=4.743727222222223,-73.53485869444444","https://www.openstreetmap.org/query?lat=4.743727222222223&lon=-73.53485869444444"
"https://github.com/rcfdtools/R.GISMobile/tree/main/.poi/58/IMG_20260201_122242641.jpg",4.681739805555556,-73.49259183333334,0.0,"http://maps.google.com/maps?q=4.681739805555556,-73.49259183333334","https://www.openstreetmap.org/query?lat=4.681739805555556&lon=-73.49259183333334"
"https://github.com/rcfdtools/R.GISMobile/tree/main/.poi/58/IMG_20260201_122247977_HDR.jpg",4.681739805555556,-73.49259183333334,0.0,"http://maps.google.com/maps?q=4.681739805555556,-73.49259183333334","https://www.openstreetmap.org/query?lat=4.681739805555556&lon=-73.49259183333334"
"https://github.com/rcfdtools/R.GISMobile/tree/main/.poi/58/IMG_20260201_122257579.jpg",4.681739805555556,-73.49259183333334,0.0,"http://maps.google.com/maps?q=4.681739805555556,-73.49259183333334","https://www.openstreetmap.org/query?lat=4.681739805555556&lon=-73.49259183333334"
"https://github.com/rcfdtools/R.GISMobile/tree/main/.poi/58/IMG_20260201_122303065.jpg",4.681739805555556,-73.49259183333334,0.0,"http://maps.google.com/maps?q=4.681739805555556,-73.49259183333334","https://www.openstreetmap.org/query?lat=4.681739805555556&lon=-73.49259183333334"
"https://github.com/rcfdtools/R.GISMobile/tree/main/.poi/58/IMG_20260201_122316802.jpg",4.681739805555556,-73.49259183333334,0.0,"http://maps.google.com/maps?q=4.681739805555556,-73.49259183333334","https://www.openstreetmap.org/query?lat=4.681739805555556&lon=-73.49259183333334"
"https://github.com/rcfdtools/R.GISMobile/tree/main/.poi/58/IMG_20260201_122319554.jpg",4.681739805555556,-73.49259183333334,0.0,"http://maps.google.com/maps?q=4.681739805555556,-73.49259183333334","https://www.openstreetmap.org/query?lat=4.681739805555556&lon=-73.49259183333334"
"https://github.com/rcfdtools/R.GISMobile/tree/main/.poi/58/IMG_20260201_122353332.jpg",4.681739805555556,-73.49259183333334,0.0,"http://maps.google.com/maps?q=4.681739805555556,-73.49259183333334","https://www.openstreetmap.org/query?lat=4.681739805555556&lon=-73.49259183333334"
"https://github.com/rcfdtools/R.GISMobile/tree/main/.poi/58/IMG_20260201_122357090.jpg",4.681739805555556,-73.49259183333334,0.0,"http://maps.google.com/maps?q=4.681739805555556,-73.49259183333334","https://www.openstreetmap.org/query?lat=4.681739805555556&lon=-73.49259183333334"
"https://github.com/rcfdtools/R.GISMobile/tree/main/.poi/58/IMG_20260201_122410422.jpg",4.681739805555556,-73.49259183333334,0.0,"http://maps.google.com/maps?q=4.681739805555556,-73.49259183333334","https://www.openstreetmap.org/query?lat=4.681739805555556&lon=-73.49259183333334"
"https://github.com/rcfdtools/R.GISMobile/tree/main/.poi/58/IMG_20260201_122428950.jpg",4.692674111111112,-73.52021025,0.0,"http://maps.google.com/maps?q=4.692674111111112,-73.52021025","https://www.openstreetmap.org/query?lat=4.692674111111112&lon=-73.52021025"
"https://github.com/rcfdtools/R.GISMobile/tree/main/.poi/58/IMG_20260201_122806613_HDR.jpg",4.706376055555555,-73.50769041666666,0.0,"http://maps.google.com/maps?q=4.706376055555555,-73.50769041666666","https://www.openstreetmap.org/query?lat=4.706376055555555&lon=-73.50769041666666"
"https://github.com/rcfdtools/R.GISMobile/tree/main/.poi/58/IMG_20260201_124234385.jpg",4.727023111111111,-73.4835586388889,1678.0,"http://maps.google.com/maps?q=4.727023111111111,-73.4835586388889","https://www.openstreetmap.org/query?lat=4.727023111111111&lon=-73.4835586388889"
"https://github.com/rcfdtools/R.GISMobile/tree/main/.poi/58/IMG_20260201_124238945.jpg",4.727023111111111,-73.4835586388889,1678.0,"http://maps.google.com/maps?q=4.727023111111111,-73.4835586388889","https://www.openstreetmap.org/query?lat=4.727023111111111&lon=-73.4835586388889"
"https://github.com/rcfdtools/R.GISMobile/tree/main/.poi/58/IMG_20260201_124243162.jpg",4.727023111111111,-73.4835586388889,1678.0,"http://maps.google.com/maps?q=4.727023111111111,-73.4835586388889","https://www.openstreetmap.org/query?lat=4.727023111111111&lon=-73.4835586388889"
"https://github.com/rcfdtools/R.GISMobile/tree/main/.poi/58/IMG_20260201_124246245.jpg",4.727023111111111,-73.4835586388889,1678.0,"http://maps.google.com/maps?q=4.727023111111111,-73.4835586388889","https://www.openstreetmap.org/query?lat=4.727023111111111&lon=-73.4835586388889"
"https://github.com/rcfdtools/R.GISMobile/tree/main/.poi/58/IMG_20260201_124303655.jpg",4.727023111111111,-73.4835586388889,1678.0,"http://maps.google.com/maps?q=4.727023111111111,-73.4835586388889","https://www.openstreetmap.org/query?lat=4.727023111111111&lon=-73.4835586388889"
"https://github.com/rcfdtools/R.GISMobile/tree/main/.poi/58/IMG_20260201_124306473.jpg",4.727023111111111,-73.4835586388889,1678.0,"http://maps.google.com/maps?q=4.727023111111111,-73.4835586388889","https://www.openstreetmap.org/query?lat=4.727023111111111&lon=-73.4835586388889"
"https://github.com/rcfdtools/R.GISMobile/tree/main/.poi/58/IMG_20260201_124311811.jpg",4.727023111111111,-73.4835586388889,1678.0,"http://maps.google.com/maps?q=4.727023111111111,-73.4835586388889","https://www.openstreetmap.org/query?lat=4.727023111111111&lon=-73.4835586388889"
"https://github.com/rcfdtools/R.GISMobile/tree/main/.poi/59/20210410_073755.jpg",0.0,0.0,0.0,"http://maps.google.com/maps?q=0.0,0.0","https://www.openstreetmap.org/query?lat=0.0&lon=0.0"
"https://github.com/rcfdtools/R.GISMobile/tree/main/.poi/59/20210410_073812.jpg",0.0,0.0,0.0,"http://maps.google.com/maps?q=0.0,0.0","https://www.openstreetmap.org/query?lat=0.0&lon=0.0"
"https://github.com/rcfdtools/R.GISMobile/tree/main/.poi/59/20210410_073815.jpg",0.0,0.0,0.0,"http://maps.google.com/maps?q=0.0,0.0","https://www.openstreetmap.org/query?lat=0.0&lon=0.0"
"https://github.com/rcfdtools/R.GISMobile/tree/main/.poi/59/20210410_073820.jpg",0.0,0.0,0.0,"http://maps.google.com/maps?q=0.0,0.0","https://www.openstreetmap.org/query?lat=0.0&lon=0.0"
"https://github.com/rcfdtools/R.GISMobile/tree/main/.poi/6/PXL_20230503_172836112.MOTION-02.ORIGINAL.jpg",4.5651472222222225,-73.73946388888889,3483.93,"http://maps.google.com/maps?q=4.5651472222222225,-73.73946388888889","https://www.openstreetmap.org/query?lat=4.5651472222222225&lon=-73.73946388888889"
"https://github.com/rcfdtools/R.GISMobile/tree/main/.poi/6/PXL_20230503_172845905.MOTION-02.ORIGINAL.jpg",4.5651472222222225,-73.73946388888889,3483.93,"http://maps.google.com/maps?q=4.5651472222222225,-73.73946388888889","https://www.openstreetmap.org/query?lat=4.5651472222222225&lon=-73.73946388888889"
"https://github.com/rcfdtools/R.GISMobile/tree/main/.poi/6/PXL_20230503_181920982.jpg",4.532322222222223,-73.74963611111112,3234.2,"http://maps.google.com/maps?q=4.532322222222223,-73.74963611111112","https://www.openstreetmap.org/query?lat=4.532322222222223&lon=-73.74963611111112"
"https://github.com/rcfdtools/R.GISMobile/tree/main/.poi/6/PXL_20230503_181924519.jpg",4.532322222222223,-73.74963611111112,3234.2,"http://maps.google.com/maps?q=4.532322222222223,-73.74963611111112","https://www.openstreetmap.org/query?lat=4.532322222222223&lon=-73.74963611111112"
"https://github.com/rcfdtools/R.GISMobile/tree/main/.poi/6/PXL_20230503_181928515.jpg",4.532322222222223,-73.74963611111112,3234.2,"http://maps.google.com/maps?q=4.532322222222223,-73.74963611111112","https://www.openstreetmap.org/query?lat=4.532322222222223&lon=-73.74963611111112"
"https://github.com/rcfdtools/R.GISMobile/tree/main/.poi/60/IMG_20260215_084253949.jpg",5.302615138888889,-73.83713530555555,2619.0,"http://maps.google.com/maps?q=5.302615138888889,-73.83713530555555","https://www.openstreetmap.org/query?lat=5.302615138888889&lon=-73.83713530555555"
"https://github.com/rcfdtools/R.GISMobile/tree/main/.poi/60/IMG_20260215_084259887_HDR.jpg",5.302615138888889,-73.83713530555555,2619.0,"http://maps.google.com/maps?q=5.302615138888889,-73.83713530555555","https://www.openstreetmap.org/query?lat=5.302615138888889&lon=-73.83713530555555"
"https://github.com/rcfdtools/R.GISMobile/tree/main/.poi/60/IMG_20260215_084307341.jpg",5.302615138888889,-73.83713530555555,2619.0,"http://maps.google.com/maps?q=5.302615138888889,-73.83713530555555","https://www.openstreetmap.org/query?lat=5.302615138888889&lon=-73.83713530555555"
"https://github.com/rcfdtools/R.GISMobile/tree/main/.poi/60/IMG_20260215_084350839.jpg",5.302616111111111,-73.83713530555555,2619.0,"http://maps.google.com/maps?q=5.302616111111111,-73.83713530555555","https://www.openstreetmap.org/query?lat=5.302616111111111&lon=-73.83713530555555"
"https://github.com/rcfdtools/R.GISMobile/tree/main/.poi/60/IMG_20260215_084356022.jpg",5.302616111111111,-73.83713530555555,2619.0,"http://maps.google.com/maps?q=5.302616111111111,-73.83713530555555","https://www.openstreetmap.org/query?lat=5.302616111111111&lon=-73.83713530555555"
"https://github.com/rcfdtools/R.GISMobile/tree/main/.poi/60/IMG_20260215_084404863.jpg",5.302616111111111,-73.83713530555555,2619.0,"http://maps.google.com/maps?q=5.302616111111111,-73.83713530555555","https://www.openstreetmap.org/query?lat=5.302616111111111&lon=-73.83713530555555"
"https://github.com/rcfdtools/R.GISMobile/tree/main/.poi/60/IMG_20260215_084413388_HDR.jpg",5.302616111111111,-73.83713530555555,2619.0,"http://maps.google.com/maps?q=5.302616111111111,-73.83713530555555","https://www.openstreetmap.org/query?lat=5.302616111111111&lon=-73.83713530555555"
"https://github.com/rcfdtools/R.GISMobile/tree/main/.poi/60/IMG_20260215_084433045_HDR.jpg",5.302616111111111,-73.83713530555555,2619.0,"http://maps.google.com/maps?q=5.302616111111111,-73.83713530555555","https://www.openstreetmap.org/query?lat=5.302616111111111&lon=-73.83713530555555"
"https://github.com/rcfdtools/R.GISMobile/tree/main/.poi/60/IMG_20260215_084443819_HDR.jpg",5.302616111111111,-73.83713530555555,2619.0,"http://maps.google.com/maps?q=5.302616111111111,-73.83713530555555","https://www.openstreetmap.org/query?lat=5.302616111111111&lon=-73.83713530555555"
"https://github.com/rcfdtools/R.GISMobile/tree/main/.poi/60/IMG_20260215_084510998_HDR.jpg",5.302608944444445,-73.83715055555555,2619.0,"http://maps.google.com/maps?q=5.302608944444445,-73.83715055555555","https://www.openstreetmap.org/query?lat=5.302608944444445&lon=-73.83715055555555"
"https://github.com/rcfdtools/R.GISMobile/tree/main/.poi/60/IMG_20260215_084535403_HDR.jpg",5.302614194444445,-73.83714294444444,2619.0,"http://maps.google.com/maps?q=5.302614194444445,-73.83714294444444","https://www.openstreetmap.org/query?lat=5.302614194444445&lon=-73.83714294444444"
"https://github.com/rcfdtools/R.GISMobile/tree/main/.poi/60/IMG_20260215_084618569.jpg",5.302614194444445,-73.83714294444444,2619.0,"http://maps.google.com/maps?q=5.302614194444445,-73.83714294444444","https://www.openstreetmap.org/query?lat=5.302614194444445&lon=-73.83714294444444"
"https://github.com/rcfdtools/R.GISMobile/tree/main/.poi/60/IMG_20260215_084955901.jpg",5.302614194444445,-73.83714294444444,2619.0,"http://maps.google.com/maps?q=5.302614194444445,-73.83714294444444","https://www.openstreetmap.org/query?lat=5.302614194444445&lon=-73.83714294444444"
"https://github.com/rcfdtools/R.GISMobile/tree/main/.poi/60/IMG_20260215_085014719_HDR.jpg",5.302614194444445,-73.83714294444444,2619.0,"http://maps.google.com/maps?q=5.302614194444445,-73.83714294444444","https://www.openstreetmap.org/query?lat=5.302614194444445&lon=-73.83714294444444"
"https://github.com/rcfdtools/R.GISMobile/tree/main/.poi/60/IMG_20260215_091720013.jpg",5.3018479166666665,-73.90453336111112,2883.0,"http://maps.google.com/maps?q=5.3018479166666665,-73.90453336111112","https://www.openstreetmap.org/query?lat=5.3018479166666665&lon=-73.90453336111112"
"https://github.com/rcfdtools/R.GISMobile/tree/main/.poi/60/IMG_20260215_091730618.jpg",5.3018479166666665,-73.90453336111112,2883.0,"http://maps.google.com/maps?q=5.3018479166666665,-73.90453336111112","https://www.openstreetmap.org/query?lat=5.3018479166666665&lon=-73.90453336111112"
"https://github.com/rcfdtools/R.GISMobile/tree/main/.poi/60/IMG_20260215_091741412.jpg",5.3018479166666665,-73.90453336111112,2883.0,"http://maps.google.com/maps?q=5.3018479166666665,-73.90453336111112","https://www.openstreetmap.org/query?lat=5.3018479166666665&lon=-73.90453336111112"
"https://github.com/rcfdtools/R.GISMobile/tree/main/.poi/60/IMG_20260215_091746983.jpg",5.3018479166666665,-73.90453336111112,2883.0,"http://maps.google.com/maps?q=5.3018479166666665,-73.90453336111112","https://www.openstreetmap.org/query?lat=5.3018479166666665&lon=-73.90453336111112"
"https://github.com/rcfdtools/R.GISMobile/tree/main/.poi/60/IMG_20260215_092513306.jpg",5.291985027777778,-73.9060973888889,2879.0,"http://maps.google.com/maps?q=5.291985027777778,-73.9060973888889","https://www.openstreetmap.org/query?lat=5.291985027777778&lon=-73.9060973888889"
"https://github.com/rcfdtools/R.GISMobile/tree/main/.poi/60/IMG_20260215_092522902.jpg",5.291985027777778,-73.9060973888889,2879.0,"http://maps.google.com/maps?q=5.291985027777778,-73.9060973888889","https://www.openstreetmap.org/query?lat=5.291985027777778&lon=-73.9060973888889"
"https://github.com/rcfdtools/R.GISMobile/tree/main/.poi/60/IMG_20260215_092533287.jpg",5.291985027777778,-73.9060973888889,2879.0,"http://maps.google.com/maps?q=5.291985027777778,-73.9060973888889","https://www.openstreetmap.org/query?lat=5.291985027777778&lon=-73.9060973888889"
"https://github.com/rcfdtools/R.GISMobile/tree/main/.poi/60/IMG_20260215_092747023.jpg",5.291852944444444,-73.90627286111112,2878.0,"http://maps.google.com/maps?q=5.291852944444444,-73.90627286111112","https://www.openstreetmap.org/query?lat=5.291852944444444&lon=-73.90627286111112"
"https://github.com/rcfdtools/R.GISMobile/tree/main/.poi/60/IMG_20260215_092749958.jpg",5.291852944444444,-73.90627286111112,2878.0,"http://maps.google.com/maps?q=5.291852944444444,-73.90627286111112","https://www.openstreetmap.org/query?lat=5.291852944444444&lon=-73.90627286111112"
"https://github.com/rcfdtools/R.GISMobile/tree/main/.poi/60/IMG_20260215_092807874.jpg",5.291852944444444,-73.90627286111112,2878.0,"http://maps.google.com/maps?q=5.291852944444444,-73.90627286111112","https://www.openstreetmap.org/query?lat=5.291852944444444&lon=-73.90627286111112"
"https://github.com/rcfdtools/R.GISMobile/tree/main/.poi/60/IMG_20260215_093006936_HDR.jpg",5.291075222222222,-73.90620422222223,2876.0,"http://maps.google.com/maps?q=5.291075222222222,-73.90620422222223","https://www.openstreetmap.org/query?lat=5.291075222222222&lon=-73.90620422222223"
"https://github.com/rcfdtools/R.GISMobile/tree/main/.poi/60/IMG_20260215_093018083.jpg",5.291075222222222,-73.90620422222223,2876.0,"http://maps.google.com/maps?q=5.291075222222222,-73.90620422222223","https://www.openstreetmap.org/query?lat=5.291075222222222&lon=-73.90620422222223"
"https://github.com/rcfdtools/R.GISMobile/tree/main/.poi/60/IMG_20260215_093020717.jpg",5.291075222222222,-73.90620422222223,2876.0,"http://maps.google.com/maps?q=5.291075222222222,-73.90620422222223","https://www.openstreetmap.org/query?lat=5.291075222222222&lon=-73.90620422222223"
"https://github.com/rcfdtools/R.GISMobile/tree/main/.poi/60/IMG_20260215_093053042.jpg",5.291075222222222,-73.90620422222223,2876.0,"http://maps.google.com/maps?q=5.291075222222222,-73.90620422222223","https://www.openstreetmap.org/query?lat=5.291075222222222&lon=-73.90620422222223"
"https://github.com/rcfdtools/R.GISMobile/tree/main/.poi/60/IMG_20260215_093105518.jpg",5.291041833333333,-73.906723,2876.0,"http://maps.google.com/maps?q=5.291041833333333,-73.906723","https://www.openstreetmap.org/query?lat=5.291041833333333&lon=-73.906723"
"https://github.com/rcfdtools/R.GISMobile/tree/main/.poi/60/IMG_20260215_093108221_HDR.jpg",5.291041833333333,-73.906723,2876.0,"http://maps.google.com/maps?q=5.291041833333333,-73.906723","https://www.openstreetmap.org/query?lat=5.291041833333333&lon=-73.906723"
"https://github.com/rcfdtools/R.GISMobile/tree/main/.poi/60/IMG_20260215_093120973.jpg",5.291041833333333,-73.906723,2876.0,"http://maps.google.com/maps?q=5.291041833333333,-73.906723","https://www.openstreetmap.org/query?lat=5.291041833333333&lon=-73.906723"
"https://github.com/rcfdtools/R.GISMobile/tree/main/.poi/60/IMG_20260215_093124441.jpg",5.291041833333333,-73.906723,2876.0,"http://maps.google.com/maps?q=5.291041833333333,-73.906723","https://www.openstreetmap.org/query?lat=5.291041833333333&lon=-73.906723"
"https://github.com/rcfdtools/R.GISMobile/tree/main/.poi/60/IMG_20260215_093145314.jpg",5.291041833333333,-73.906723,2876.0,"http://maps.google.com/maps?q=5.291041833333333,-73.906723","https://www.openstreetmap.org/query?lat=5.291041833333333&lon=-73.906723"
"https://github.com/rcfdtools/R.GISMobile/tree/main/.poi/60/IMG_20260215_093158742.jpg",5.291041833333333,-73.906723,2876.0,"http://maps.google.com/maps?q=5.291041833333333,-73.906723","https://www.openstreetmap.org/query?lat=5.291041833333333&lon=-73.906723"
"https://github.com/rcfdtools/R.GISMobile/tree/main/.poi/60/IMG_20260215_093224632.jpg",5.291041833333333,-73.906723,2876.0,"http://maps.google.com/maps?q=5.291041833333333,-73.906723","https://www.openstreetmap.org/query?lat=5.291041833333333&lon=-73.906723"
"https://github.com/rcfdtools/R.GISMobile/tree/main/.poi/60/IMG_20260215_093228717.jpg",5.291041833333333,-73.906723,2876.0,"http://maps.google.com/maps?q=5.291041833333333,-73.906723","https://www.openstreetmap.org/query?lat=5.291041833333333&lon=-73.906723"
"https://github.com/rcfdtools/R.GISMobile/tree/main/.poi/60/IMG_20260215_093232500.jpg",5.291041833333333,-73.906723,2876.0,"http://maps.google.com/maps?q=5.291041833333333,-73.906723","https://www.openstreetmap.org/query?lat=5.291041833333333&lon=-73.906723"
"https://github.com/rcfdtools/R.GISMobile/tree/main/.poi/60/IMG_20260215_100300998.jpg",5.315651888888889,-73.92291258333334,3075.0,"http://maps.google.com/maps?q=5.315651888888889,-73.92291258333334","https://www.openstreetmap.org/query?lat=5.315651888888889&lon=-73.92291258333334"
"https://github.com/rcfdtools/R.GISMobile/tree/main/.poi/60/IMG_20260215_100304544.jpg",5.315651888888889,-73.92291258333334,3075.0,"http://maps.google.com/maps?q=5.315651888888889,-73.92291258333334","https://www.openstreetmap.org/query?lat=5.315651888888889&lon=-73.92291258333334"
"https://github.com/rcfdtools/R.GISMobile/tree/main/.poi/60/IMG_20260215_100308376.jpg",5.315651888888889,-73.92291258333334,3075.0,"http://maps.google.com/maps?q=5.315651888888889,-73.92291258333334","https://www.openstreetmap.org/query?lat=5.315651888888889&lon=-73.92291258333334"
"https://github.com/rcfdtools/R.GISMobile/tree/main/.poi/60/IMG_20260215_101515728.jpg",5.325009805555555,-73.92473600000001,3266.0,"http://maps.google.com/maps?q=5.325009805555555,-73.92473600000001","https://www.openstreetmap.org/query?lat=5.325009805555555&lon=-73.92473600000001"
"https://github.com/rcfdtools/R.GISMobile/tree/main/.poi/60/IMG_20260215_101518309.jpg",5.325009805555555,-73.92473600000001,3266.0,"http://maps.google.com/maps?q=5.325009805555555,-73.92473600000001","https://www.openstreetmap.org/query?lat=5.325009805555555&lon=-73.92473600000001"
"https://github.com/rcfdtools/R.GISMobile/tree/main/.poi/60/IMG_20260215_101520918.jpg",5.325009805555555,-73.92473600000001,3266.0,"http://maps.google.com/maps?q=5.325009805555555,-73.92473600000001","https://www.openstreetmap.org/query?lat=5.325009805555555&lon=-73.92473600000001"
"https://github.com/rcfdtools/R.GISMobile/tree/main/.poi/60/IMG_20260215_101525542.jpg",5.325009805555555,-73.92473600000001,3266.0,"http://maps.google.com/maps?q=5.325009805555555,-73.92473600000001","https://www.openstreetmap.org/query?lat=5.325009805555555&lon=-73.92473600000001"
"https://github.com/rcfdtools/R.GISMobile/tree/main/.poi/60/IMG_20260215_101529398.jpg",5.325009805555555,-73.92473600000001,3266.0,"http://maps.google.com/maps?q=5.325009805555555,-73.92473600000001","https://www.openstreetmap.org/query?lat=5.325009805555555&lon=-73.92473600000001"
"https://github.com/rcfdtools/R.GISMobile/tree/main/.poi/60/IMG_20260215_110137934.jpg",5.348848805555555,-73.90204619444445,2987.0,"http://maps.google.com/maps?q=5.348848805555555,-73.90204619444445","https://www.openstreetmap.org/query?lat=5.348848805555555&lon=-73.90204619444445"
"https://github.com/rcfdtools/R.GISMobile/tree/main/.poi/60/IMG_20260215_110140837.jpg",5.348848805555555,-73.90204619444445,2987.0,"http://maps.google.com/maps?q=5.348848805555555,-73.90204619444445","https://www.openstreetmap.org/query?lat=5.348848805555555&lon=-73.90204619444445"
"https://github.com/rcfdtools/R.GISMobile/tree/main/.poi/60/IMG_20260215_110146279.jpg",5.348848805555555,-73.90204619444445,2987.0,"http://maps.google.com/maps?q=5.348848805555555,-73.90204619444445","https://www.openstreetmap.org/query?lat=5.348848805555555&lon=-73.90204619444445"
"https://github.com/rcfdtools/R.GISMobile/tree/main/.poi/60/IMG_20260215_122406624.jpg",5.427843083333333,-73.8467636111111,3378.0,"http://maps.google.com/maps?q=5.427843083333333,-73.8467636111111","https://www.openstreetmap.org/query?lat=5.427843083333333&lon=-73.8467636111111"
"https://github.com/rcfdtools/R.GISMobile/tree/main/.poi/60/IMG_20260215_122409168.jpg",5.427843083333333,-73.8467636111111,3378.0,"http://maps.google.com/maps?q=5.427843083333333,-73.8467636111111","https://www.openstreetmap.org/query?lat=5.427843083333333&lon=-73.8467636111111"
"https://github.com/rcfdtools/R.GISMobile/tree/main/.poi/60/IMG_20260215_122742163_HDR.jpg",5.426805,-73.84656522222221,3361.0,"http://maps.google.com/maps?q=5.426805,-73.84656522222221","https://www.openstreetmap.org/query?lat=5.426805&lon=-73.84656522222221"
"https://github.com/rcfdtools/R.GISMobile/tree/main/.poi/60/IMG_20260215_122744972.jpg",5.426805,-73.84656522222221,3361.0,"http://maps.google.com/maps?q=5.426805,-73.84656522222221","https://www.openstreetmap.org/query?lat=5.426805&lon=-73.84656522222221"
"https://github.com/rcfdtools/R.GISMobile/tree/main/.poi/60/IMG_20260215_122922071.jpg",5.426384916666667,-73.84606169444444,3363.0,"http://maps.google.com/maps?q=5.426384916666667,-73.84606169444444","https://www.openstreetmap.org/query?lat=5.426384916666667&lon=-73.84606169444444"
"https://github.com/rcfdtools/R.GISMobile/tree/main/.poi/60/IMG_20260215_122944488_HDR.jpg",5.426384916666667,-73.84606169444444,3363.0,"http://maps.google.com/maps?q=5.426384916666667,-73.84606169444444","https://www.openstreetmap.org/query?lat=5.426384916666667&lon=-73.84606169444444"
"https://github.com/rcfdtools/R.GISMobile/tree/main/.poi/60/IMG_20260215_123041603_HDR.jpg",5.426191805555556,-73.84587094444444,3363.0,"http://maps.google.com/maps?q=5.426191805555556,-73.84587094444444","https://www.openstreetmap.org/query?lat=5.426191805555556&lon=-73.84587094444444"
"https://github.com/rcfdtools/R.GISMobile/tree/main/.poi/60/IMG_20260215_123045587.jpg",5.426191805555556,-73.84587094444444,3363.0,"http://maps.google.com/maps?q=5.426191805555556,-73.84587094444444","https://www.openstreetmap.org/query?lat=5.426191805555556&lon=-73.84587094444444"
"https://github.com/rcfdtools/R.GISMobile/tree/main/.poi/60/IMG_20260215_123249179.jpg",5.425944805555556,-73.845726,3363.0,"http://maps.google.com/maps?q=5.425944805555556,-73.845726","https://www.openstreetmap.org/query?lat=5.425944805555556&lon=-73.845726"
"https://github.com/rcfdtools/R.GISMobile/tree/main/.poi/60/IMG_20260215_123254128.jpg",5.425944805555556,-73.845726,3363.0,"http://maps.google.com/maps?q=5.425944805555556,-73.845726","https://www.openstreetmap.org/query?lat=5.425944805555556&lon=-73.845726"
"https://github.com/rcfdtools/R.GISMobile/tree/main/.poi/60/IMG_20260215_123319772.jpg",5.425951944444445,-73.84554288888889,3363.0,"http://maps.google.com/maps?q=5.425951944444445,-73.84554288888889","https://www.openstreetmap.org/query?lat=5.425951944444445&lon=-73.84554288888889"
"https://github.com/rcfdtools/R.GISMobile/tree/main/.poi/60/IMG_20260215_123323821.jpg",5.425951944444445,-73.84554288888889,3363.0,"http://maps.google.com/maps?q=5.425951944444445,-73.84554288888889","https://www.openstreetmap.org/query?lat=5.425951944444445&lon=-73.84554288888889"
"https://github.com/rcfdtools/R.GISMobile/tree/main/.poi/60/IMG_20260215_123342713.jpg",5.425951944444445,-73.84554288888889,3363.0,"http://maps.google.com/maps?q=5.425951944444445,-73.84554288888889","https://www.openstreetmap.org/query?lat=5.425951944444445&lon=-73.84554288888889"
"https://github.com/rcfdtools/R.GISMobile/tree/main/.poi/60/IMG_20260215_123517257.jpg",5.426344861111112,-73.84547422222222,3368.0,"http://maps.google.com/maps?q=5.426344861111112,-73.84547422222222","https://www.openstreetmap.org/query?lat=5.426344861111112&lon=-73.84547422222222"
"https://github.com/rcfdtools/R.GISMobile/tree/main/.poi/60/IMG_20260215_123530305_HDR.jpg",5.426344861111112,-73.84547422222222,3368.0,"http://maps.google.com/maps?q=5.426344861111112,-73.84547422222222","https://www.openstreetmap.org/query?lat=5.426344861111112&lon=-73.84547422222222"
"https://github.com/rcfdtools/R.GISMobile/tree/main/.poi/60/IMG_20260215_123534471_HDR.jpg",5.426344861111112,-73.84547422222222,3368.0,"http://maps.google.com/maps?q=5.426344861111112,-73.84547422222222","https://www.openstreetmap.org/query?lat=5.426344861111112&lon=-73.84547422222222"
"https://github.com/rcfdtools/R.GISMobile/tree/main/.poi/60/IMG_20260215_123539080_HDR.jpg",5.426344861111112,-73.84547422222222,3368.0,"http://maps.google.com/maps?q=5.426344861111112,-73.84547422222222","https://www.openstreetmap.org/query?lat=5.426344861111112&lon=-73.84547422222222"
"https://github.com/rcfdtools/R.GISMobile/tree/main/.poi/60/IMG_20260215_123601231_HDR.jpg",5.426344861111112,-73.84547422222222,3368.0,"http://maps.google.com/maps?q=5.426344861111112,-73.84547422222222","https://www.openstreetmap.org/query?lat=5.426344861111112&lon=-73.84547422222222"
"https://github.com/rcfdtools/R.GISMobile/tree/main/.poi/60/IMG_20260215_123608093.jpg",5.426344861111112,-73.84547422222222,3368.0,"http://maps.google.com/maps?q=5.426344861111112,-73.84547422222222","https://www.openstreetmap.org/query?lat=5.426344861111112&lon=-73.84547422222222"
"https://github.com/rcfdtools/R.GISMobile/tree/main/.poi/60/IMG_20260215_123622052.jpg",5.426344861111112,-73.84547422222222,3368.0,"http://maps.google.com/maps?q=5.426344861111112,-73.84547422222222","https://www.openstreetmap.org/query?lat=5.426344861111112&lon=-73.84547422222222"
"https://github.com/rcfdtools/R.GISMobile/tree/main/.poi/60/IMG_20260215_123627048.jpg",5.426344861111112,-73.84547422222222,3368.0,"http://maps.google.com/maps?q=5.426344861111112,-73.84547422222222","https://www.openstreetmap.org/query?lat=5.426344861111112&lon=-73.84547422222222"
"https://github.com/rcfdtools/R.GISMobile/tree/main/.poi/60/IMG_20260215_123629452.jpg",5.426344861111112,-73.84547422222222,3368.0,"http://maps.google.com/maps?q=5.426344861111112,-73.84547422222222","https://www.openstreetmap.org/query?lat=5.426344861111112&lon=-73.84547422222222"
"https://github.com/rcfdtools/R.GISMobile/tree/main/.poi/60/IMG_20260215_123641132.jpg",5.426344861111112,-73.84547422222222,3368.0,"http://maps.google.com/maps?q=5.426344861111112,-73.84547422222222","https://www.openstreetmap.org/query?lat=5.426344861111112&lon=-73.84547422222222"
"https://github.com/rcfdtools/R.GISMobile/tree/main/.poi/60/IMG_20260215_123700934.jpg",5.426344861111112,-73.84547422222222,3368.0,"http://maps.google.com/maps?q=5.426344861111112,-73.84547422222222","https://www.openstreetmap.org/query?lat=5.426344861111112&lon=-73.84547422222222"
"https://github.com/rcfdtools/R.GISMobile/tree/main/.poi/60/IMG_20260215_123705155.jpg",5.426344861111112,-73.84547422222222,3368.0,"http://maps.google.com/maps?q=5.426344861111112,-73.84547422222222","https://www.openstreetmap.org/query?lat=5.426344861111112&lon=-73.84547422222222"
"https://github.com/rcfdtools/R.GISMobile/tree/main/.poi/60/IMG_20260215_123709037.jpg",5.426344861111112,-73.84547422222222,3368.0,"http://maps.google.com/maps?q=5.426344861111112,-73.84547422222222","https://www.openstreetmap.org/query?lat=5.426344861111112&lon=-73.84547422222222"
"https://github.com/rcfdtools/R.GISMobile/tree/main/.poi/60/IMG_20260215_123722470.jpg",5.426344861111112,-73.84547422222222,3368.0,"http://maps.google.com/maps?q=5.426344861111112,-73.84547422222222","https://www.openstreetmap.org/query?lat=5.426344861111112&lon=-73.84547422222222"
"https://github.com/rcfdtools/R.GISMobile/tree/main/.poi/60/IMG_20260215_123747134_HDR.jpg",5.426344861111112,-73.84547422222222,3368.0,"http://maps.google.com/maps?q=5.426344861111112,-73.84547422222222","https://www.openstreetmap.org/query?lat=5.426344861111112&lon=-73.84547422222222"
"https://github.com/rcfdtools/R.GISMobile/tree/main/.poi/60/IMG_20260215_123751468.jpg",5.426344861111112,-73.84547422222222,3368.0,"http://maps.google.com/maps?q=5.426344861111112,-73.84547422222222","https://www.openstreetmap.org/query?lat=5.426344861111112&lon=-73.84547422222222"
"https://github.com/rcfdtools/R.GISMobile/tree/main/.poi/60/IMG_20260215_123756398_HDR.jpg",5.426344861111112,-73.84547422222222,3368.0,"http://maps.google.com/maps?q=5.426344861111112,-73.84547422222222","https://www.openstreetmap.org/query?lat=5.426344861111112&lon=-73.84547422222222"
"https://github.com/rcfdtools/R.GISMobile/tree/main/.poi/60/IMG_20260215_123804911_HDR.jpg",5.426344861111112,-73.84547422222222,3368.0,"http://maps.google.com/maps?q=5.426344861111112,-73.84547422222222","https://www.openstreetmap.org/query?lat=5.426344861111112&lon=-73.84547422222222"
"https://github.com/rcfdtools/R.GISMobile/tree/main/.poi/60/IMG_20260215_123816896_HDR.jpg",5.426344861111112,-73.84547422222222,3368.0,"http://maps.google.com/maps?q=5.426344861111112,-73.84547422222222","https://www.openstreetmap.org/query?lat=5.426344861111112&lon=-73.84547422222222"
"https://github.com/rcfdtools/R.GISMobile/tree/main/.poi/60/IMG_20260215_123822448.jpg",5.426344861111112,-73.84547422222222,3368.0,"http://maps.google.com/maps?q=5.426344861111112,-73.84547422222222","https://www.openstreetmap.org/query?lat=5.426344861111112&lon=-73.84547422222222"
"https://github.com/rcfdtools/R.GISMobile/tree/main/.poi/60/IMG_20260215_123825219.jpg",5.426344861111112,-73.84547422222222,3368.0,"http://maps.google.com/maps?q=5.426344861111112,-73.84547422222222","https://www.openstreetmap.org/query?lat=5.426344861111112&lon=-73.84547422222222"
"https://github.com/rcfdtools/R.GISMobile/tree/main/.poi/60/IMG_20260215_123828091.jpg",5.426344861111112,-73.84547422222222,3368.0,"http://maps.google.com/maps?q=5.426344861111112,-73.84547422222222","https://www.openstreetmap.org/query?lat=5.426344861111112&lon=-73.84547422222222"
"https://github.com/rcfdtools/R.GISMobile/tree/main/.poi/60/IMG_20260215_123841466.jpg",5.426344861111112,-73.84547422222222,3368.0,"http://maps.google.com/maps?q=5.426344861111112,-73.84547422222222","https://www.openstreetmap.org/query?lat=5.426344861111112&lon=-73.84547422222222"
"https://github.com/rcfdtools/R.GISMobile/tree/main/.poi/60/IMG_20260215_123852455.jpg",5.426344861111112,-73.84547422222222,3368.0,"http://maps.google.com/maps?q=5.426344861111112,-73.84547422222222","https://www.openstreetmap.org/query?lat=5.426344861111112&lon=-73.84547422222222"
"https://github.com/rcfdtools/R.GISMobile/tree/main/.poi/60/IMG_20260215_124045213_HDR.jpg",5.426757805555556,-73.84484099999999,3370.0,"http://maps.google.com/maps?q=5.426757805555556,-73.84484099999999","https://www.openstreetmap.org/query?lat=5.426757805555556&lon=-73.84484099999999"
"https://github.com/rcfdtools/R.GISMobile/tree/main/.poi/60/IMG_20260215_124048716.jpg",5.426757805555556,-73.84484099999999,3370.0,"http://maps.google.com/maps?q=5.426757805555556,-73.84484099999999","https://www.openstreetmap.org/query?lat=5.426757805555556&lon=-73.84484099999999"
"https://github.com/rcfdtools/R.GISMobile/tree/main/.poi/60/IMG_20260215_124052184.jpg",5.426757805555556,-73.84484099999999,3370.0,"http://maps.google.com/maps?q=5.426757805555556,-73.84484099999999","https://www.openstreetmap.org/query?lat=5.426757805555556&lon=-73.84484099999999"
"https://github.com/rcfdtools/R.GISMobile/tree/main/.poi/60/IMG_20260215_124059083.jpg",5.426757805555556,-73.84484099999999,3370.0,"http://maps.google.com/maps?q=5.426757805555556,-73.84484099999999","https://www.openstreetmap.org/query?lat=5.426757805555556&lon=-73.84484099999999"
"https://github.com/rcfdtools/R.GISMobile/tree/main/.poi/60/IMG_20260215_124114710.jpg",5.426757805555556,-73.84484099999999,3370.0,"http://maps.google.com/maps?q=5.426757805555556,-73.84484099999999","https://www.openstreetmap.org/query?lat=5.426757805555556&lon=-73.84484099999999"
"https://github.com/rcfdtools/R.GISMobile/tree/main/.poi/60/IMG_20260215_124134011.jpg",5.426757805555556,-73.84484099999999,3370.0,"http://maps.google.com/maps?q=5.426757805555556,-73.84484099999999","https://www.openstreetmap.org/query?lat=5.426757805555556&lon=-73.84484099999999"
"https://github.com/rcfdtools/R.GISMobile/tree/main/.poi/60/IMG_20260215_124138228.jpg",5.426757805555556,-73.84484099999999,3370.0,"http://maps.google.com/maps?q=5.426757805555556,-73.84484099999999","https://www.openstreetmap.org/query?lat=5.426757805555556&lon=-73.84484099999999"
"https://github.com/rcfdtools/R.GISMobile/tree/main/.poi/60/IMG_20260215_124140564.jpg",5.426757805555556,-73.84484099999999,3370.0,"http://maps.google.com/maps?q=5.426757805555556,-73.84484099999999","https://www.openstreetmap.org/query?lat=5.426757805555556&lon=-73.84484099999999"
"https://github.com/rcfdtools/R.GISMobile/tree/main/.poi/60/IMG_20260215_124143719.jpg",5.426757805555556,-73.84484099999999,3370.0,"http://maps.google.com/maps?q=5.426757805555556,-73.84484099999999","https://www.openstreetmap.org/query?lat=5.426757805555556&lon=-73.84484099999999"
"https://github.com/rcfdtools/R.GISMobile/tree/main/.poi/60/IMG_20260215_124157793.jpg",5.426757805555556,-73.84484099999999,3370.0,"http://maps.google.com/maps?q=5.426757805555556,-73.84484099999999","https://www.openstreetmap.org/query?lat=5.426757805555556&lon=-73.84484099999999"
"https://github.com/rcfdtools/R.GISMobile/tree/main/.poi/60/IMG_20260215_124207889.jpg",5.426757805555556,-73.84484099999999,3370.0,"http://maps.google.com/maps?q=5.426757805555556,-73.84484099999999","https://www.openstreetmap.org/query?lat=5.426757805555556&lon=-73.84484099999999"
"https://github.com/rcfdtools/R.GISMobile/tree/main/.poi/60/IMG_20260215_124211756.jpg",5.426757805555556,-73.84484099999999,3370.0,"http://maps.google.com/maps?q=5.426757805555556,-73.84484099999999","https://www.openstreetmap.org/query?lat=5.426757805555556&lon=-73.84484099999999"
"https://github.com/rcfdtools/R.GISMobile/tree/main/.poi/60/IMG_20260215_124215876.jpg",5.426757805555556,-73.84484099999999,3370.0,"http://maps.google.com/maps?q=5.426757805555556,-73.84484099999999","https://www.openstreetmap.org/query?lat=5.426757805555556&lon=-73.84484099999999"
"https://github.com/rcfdtools/R.GISMobile/tree/main/.poi/60/IMG_20260215_124219676.jpg",5.426757805555556,-73.84484099999999,3370.0,"http://maps.google.com/maps?q=5.426757805555556,-73.84484099999999","https://www.openstreetmap.org/query?lat=5.426757805555556&lon=-73.84484099999999"
"https://github.com/rcfdtools/R.GISMobile/tree/main/.poi/60/IMG_20260215_124222830.jpg",5.426757805555556,-73.84484099999999,3370.0,"http://maps.google.com/maps?q=5.426757805555556,-73.84484099999999","https://www.openstreetmap.org/query?lat=5.426757805555556&lon=-73.84484099999999"
"https://github.com/rcfdtools/R.GISMobile/tree/main/.poi/60/IMG_20260215_124252672.jpg",5.426757805555556,-73.84484099999999,3370.0,"http://maps.google.com/maps?q=5.426757805555556,-73.84484099999999","https://www.openstreetmap.org/query?lat=5.426757805555556&lon=-73.84484099999999"
"https://github.com/rcfdtools/R.GISMobile/tree/main/.poi/60/IMG_20260215_124300028.jpg",5.426757805555556,-73.84484099999999,3370.0,"http://maps.google.com/maps?q=5.426757805555556,-73.84484099999999","https://www.openstreetmap.org/query?lat=5.426757805555556&lon=-73.84484099999999"
"https://github.com/rcfdtools/R.GISMobile/tree/main/.poi/60/IMG_20260215_124313076.jpg",5.426757805555556,-73.84484099999999,3370.0,"http://maps.google.com/maps?q=5.426757805555556,-73.84484099999999","https://www.openstreetmap.org/query?lat=5.426757805555556&lon=-73.84484099999999"
"https://github.com/rcfdtools/R.GISMobile/tree/main/.poi/60/IMG_20260215_124405782.jpg",5.426757805555556,-73.84484099999999,3370.0,"http://maps.google.com/maps?q=5.426757805555556,-73.84484099999999","https://www.openstreetmap.org/query?lat=5.426757805555556&lon=-73.84484099999999"
"https://github.com/rcfdtools/R.GISMobile/tree/main/.poi/60/IMG_20260215_124427548_HDR.jpg",5.426757805555556,-73.84484099999999,3370.0,"http://maps.google.com/maps?q=5.426757805555556,-73.84484099999999","https://www.openstreetmap.org/query?lat=5.426757805555556&lon=-73.84484099999999"
"https://github.com/rcfdtools/R.GISMobile/tree/main/.poi/60/IMG_20260215_124433250_HDR.jpg",5.426757805555556,-73.84484099999999,3370.0,"http://maps.google.com/maps?q=5.426757805555556,-73.84484099999999","https://www.openstreetmap.org/query?lat=5.426757805555556&lon=-73.84484099999999"
"https://github.com/rcfdtools/R.GISMobile/tree/main/.poi/60/IMG_20260215_124506567.jpg",5.426757805555556,-73.84484099999999,3370.0,"http://maps.google.com/maps?q=5.426757805555556,-73.84484099999999","https://www.openstreetmap.org/query?lat=5.426757805555556&lon=-73.84484099999999"
"https://github.com/rcfdtools/R.GISMobile/tree/main/.poi/60/IMG_20260215_124718642.jpg",5.426970000000001,-73.84484099999999,3382.0,"http://maps.google.com/maps?q=5.426970000000001,-73.84484099999999","https://www.openstreetmap.org/query?lat=5.426970000000001&lon=-73.84484099999999"
"https://github.com/rcfdtools/R.GISMobile/tree/main/.poi/60/IMG_20260215_124725228.jpg",5.426970000000001,-73.84484099999999,3382.0,"http://maps.google.com/maps?q=5.426970000000001,-73.84484099999999","https://www.openstreetmap.org/query?lat=5.426970000000001&lon=-73.84484099999999"
"https://github.com/rcfdtools/R.GISMobile/tree/main/.poi/60/IMG_20260215_125227095.jpg",5.426173194444445,-73.84577177777777,3375.0,"http://maps.google.com/maps?q=5.426173194444445,-73.84577177777777","https://www.openstreetmap.org/query?lat=5.426173194444445&lon=-73.84577177777777"
"https://github.com/rcfdtools/R.GISMobile/tree/main/.poi/60/IMG_20260215_125240693.jpg",5.426173194444445,-73.84577177777777,3375.0,"http://maps.google.com/maps?q=5.426173194444445,-73.84577177777777","https://www.openstreetmap.org/query?lat=5.426173194444445&lon=-73.84577177777777"
"https://github.com/rcfdtools/R.GISMobile/tree/main/.poi/60/IMG_20260215_125304635.jpg",5.426173194444445,-73.84577177777777,3375.0,"http://maps.google.com/maps?q=5.426173194444445,-73.84577177777777","https://www.openstreetmap.org/query?lat=5.426173194444445&lon=-73.84577177777777"
"https://github.com/rcfdtools/R.GISMobile/tree/main/.poi/60/IMG_20260215_125307885.jpg",5.426173194444445,-73.84577177777777,3375.0,"http://maps.google.com/maps?q=5.426173194444445,-73.84577177777777","https://www.openstreetmap.org/query?lat=5.426173194444445&lon=-73.84577177777777"
"https://github.com/rcfdtools/R.GISMobile/tree/main/.poi/60/IMG_20260215_125324737.jpg",5.426173194444445,-73.84577177777777,3375.0,"http://maps.google.com/maps?q=5.426173194444445,-73.84577177777777","https://www.openstreetmap.org/query?lat=5.426173194444445&lon=-73.84577177777777"
"https://github.com/rcfdtools/R.GISMobile/tree/main/.poi/60/IMG_20260215_125410019_HDR.jpg",5.426173194444445,-73.84562680555555,3376.0,"http://maps.google.com/maps?q=5.426173194444445,-73.84562680555555","https://www.openstreetmap.org/query?lat=5.426173194444445&lon=-73.84562680555555"
"https://github.com/rcfdtools/R.GISMobile/tree/main/.poi/60/IMG_20260215_125420697.jpg",5.426173194444445,-73.84562680555555,3376.0,"http://maps.google.com/maps?q=5.426173194444445,-73.84562680555555","https://www.openstreetmap.org/query?lat=5.426173194444445&lon=-73.84562680555555"
"https://github.com/rcfdtools/R.GISMobile/tree/main/.poi/60/IMG_20260215_125511856.jpg",5.426300027777778,-73.84586333333333,3376.0,"http://maps.google.com/maps?q=5.426300027777778,-73.84586333333333","https://www.openstreetmap.org/query?lat=5.426300027777778&lon=-73.84586333333333"
"https://github.com/rcfdtools/R.GISMobile/tree/main/.poi/60/IMG_20260215_125516372.jpg",5.426300027777778,-73.84586333333333,3376.0,"http://maps.google.com/maps?q=5.426300027777778,-73.84586333333333","https://www.openstreetmap.org/query?lat=5.426300027777778&lon=-73.84586333333333"
"https://github.com/rcfdtools/R.GISMobile/tree/main/.poi/60/IMG_20260215_125521955.jpg",5.426300027777778,-73.84586333333333,3376.0,"http://maps.google.com/maps?q=5.426300027777778,-73.84586333333333","https://www.openstreetmap.org/query?lat=5.426300027777778&lon=-73.84586333333333"
"https://github.com/rcfdtools/R.GISMobile/tree/main/.poi/60/IMG_20260215_125549695.jpg",5.426300027777778,-73.84586333333333,3376.0,"http://maps.google.com/maps?q=5.426300027777778,-73.84586333333333","https://www.openstreetmap.org/query?lat=5.426300027777778&lon=-73.84586333333333"
"https://github.com/rcfdtools/R.GISMobile/tree/main/.poi/60/IMG_20260215_125556820.jpg",5.426300027777778,-73.84586333333333,3376.0,"http://maps.google.com/maps?q=5.426300027777778,-73.84586333333333","https://www.openstreetmap.org/query?lat=5.426300027777778&lon=-73.84586333333333"
"https://github.com/rcfdtools/R.GISMobile/tree/main/.poi/60/IMG_20260215_125606498.jpg",5.426300027777778,-73.84586333333333,3376.0,"http://maps.google.com/maps?q=5.426300027777778,-73.84586333333333","https://www.openstreetmap.org/query?lat=5.426300027777778&lon=-73.84586333333333"
"https://github.com/rcfdtools/R.GISMobile/tree/main/.poi/60/IMG_20260215_125636814_HDR.jpg",5.426052083333333,-73.84584044444443,3376.0,"http://maps.google.com/maps?q=5.426052083333333,-73.84584044444443","https://www.openstreetmap.org/query?lat=5.426052083333333&lon=-73.84584044444443"
"https://github.com/rcfdtools/R.GISMobile/tree/main/.poi/60/IMG_20260215_125645409.jpg",5.426052083333333,-73.84584044444443,3376.0,"http://maps.google.com/maps?q=5.426052083333333,-73.84584044444443","https://www.openstreetmap.org/query?lat=5.426052083333333&lon=-73.84584044444443"
"https://github.com/rcfdtools/R.GISMobile/tree/main/.poi/60/IMG_20260215_125701707_HDR.jpg",5.426052083333333,-73.84584044444443,3376.0,"http://maps.google.com/maps?q=5.426052083333333,-73.84584044444443","https://www.openstreetmap.org/query?lat=5.426052083333333&lon=-73.84584044444443"
"https://github.com/rcfdtools/R.GISMobile/tree/main/.poi/60/IMG_20260215_125721043_HDR.jpg",5.426052083333333,-73.84584044444443,3376.0,"http://maps.google.com/maps?q=5.426052083333333,-73.84584044444443","https://www.openstreetmap.org/query?lat=5.426052083333333&lon=-73.84584044444443"
"https://github.com/rcfdtools/R.GISMobile/tree/main/.poi/60/IMG_20260215_125741969_HDR.jpg",5.426052083333333,-73.84584044444443,3376.0,"http://maps.google.com/maps?q=5.426052083333333,-73.84584044444443","https://www.openstreetmap.org/query?lat=5.426052083333333&lon=-73.84584044444443"
"https://github.com/rcfdtools/R.GISMobile/tree/main/.poi/60/IMG_20260215_125804322.jpg",5.426052083333333,-73.84584044444443,3376.0,"http://maps.google.com/maps?q=5.426052083333333,-73.84584044444443","https://www.openstreetmap.org/query?lat=5.426052083333333&lon=-73.84584044444443"
"https://github.com/rcfdtools/R.GISMobile/tree/main/.poi/60/IMG_20260215_125824501.jpg",5.426052083333333,-73.84584044444443,3376.0,"http://maps.google.com/maps?q=5.426052083333333,-73.84584044444443","https://www.openstreetmap.org/query?lat=5.426052083333333&lon=-73.84584044444443"
"https://github.com/rcfdtools/R.GISMobile/tree/main/.poi/60/IMG_20260215_125847593.jpg",5.426052083333333,-73.84584044444443,3376.0,"http://maps.google.com/maps?q=5.426052083333333,-73.84584044444443","https://www.openstreetmap.org/query?lat=5.426052083333333&lon=-73.84584044444443"
"https://github.com/rcfdtools/R.GISMobile/tree/main/.poi/60/IMG_20260215_125854246.jpg",5.426052083333333,-73.84584044444443,3376.0,"http://maps.google.com/maps?q=5.426052083333333,-73.84584044444443","https://www.openstreetmap.org/query?lat=5.426052083333333&lon=-73.84584044444443"
"https://github.com/rcfdtools/R.GISMobile/tree/main/.poi/60/IMG_20260215_130218557.jpg",5.425789833333334,-73.845726,3400.0,"http://maps.google.com/maps?q=5.425789833333334,-73.845726","https://www.openstreetmap.org/query?lat=5.425789833333334&lon=-73.845726"
"https://github.com/rcfdtools/R.GISMobile/tree/main/.poi/60/IMG_20260215_130233682.jpg",5.425789833333334,-73.845726,3400.0,"http://maps.google.com/maps?q=5.425789833333334,-73.845726","https://www.openstreetmap.org/query?lat=5.425789833333334&lon=-73.845726"
"https://github.com/rcfdtools/R.GISMobile/tree/main/.poi/60/IMG_20260215_130239611.jpg",5.425789833333334,-73.845726,3400.0,"http://maps.google.com/maps?q=5.425789833333334,-73.845726","https://www.openstreetmap.org/query?lat=5.425789833333334&lon=-73.845726"
"https://github.com/rcfdtools/R.GISMobile/tree/main/.poi/60/IMG_20260215_130723761.jpg",5.425611972222223,-73.84579466666666,3378.0,"http://maps.google.com/maps?q=5.425611972222223,-73.84579466666666","https://www.openstreetmap.org/query?lat=5.425611972222223&lon=-73.84579466666666"
"https://github.com/rcfdtools/R.GISMobile/tree/main/.poi/60/IMG_20260215_130852364_HDR.jpg",5.425644861111111,-73.84574888888888,3378.0,"http://maps.google.com/maps?q=5.425644861111111,-73.84574888888888","https://www.openstreetmap.org/query?lat=5.425644861111111&lon=-73.84574888888888"
"https://github.com/rcfdtools/R.GISMobile/tree/main/.poi/60/IMG_20260215_130921771.jpg",5.425644861111111,-73.84574888888888,3378.0,"http://maps.google.com/maps?q=5.425644861111111,-73.84574888888888","https://www.openstreetmap.org/query?lat=5.425644861111111&lon=-73.84574888888888"
"https://github.com/rcfdtools/R.GISMobile/tree/main/.poi/60/IMG_20260215_131206448_HDR.jpg",5.425561888888889,-73.84583280555555,3378.0,"http://maps.google.com/maps?q=5.425561888888889,-73.84583280555555","https://www.openstreetmap.org/query?lat=5.425561888888889&lon=-73.84583280555555"
"https://github.com/rcfdtools/R.GISMobile/tree/main/.poi/60/IMG_20260215_131215177.jpg",5.425561888888889,-73.84583280555555,3378.0,"http://maps.google.com/maps?q=5.425561888888889,-73.84583280555555","https://www.openstreetmap.org/query?lat=5.425561888888889&lon=-73.84583280555555"
"https://github.com/rcfdtools/R.GISMobile/tree/main/.poi/60/IMG_20260215_131222250_HDR.jpg",5.425561888888889,-73.84583280555555,3378.0,"http://maps.google.com/maps?q=5.425561888888889,-73.84583280555555","https://www.openstreetmap.org/query?lat=5.425561888888889&lon=-73.84583280555555"
"https://github.com/rcfdtools/R.GISMobile/tree/main/.poi/60/IMG_20260215_131227720.jpg",5.425561888888889,-73.84583280555555,3378.0,"http://maps.google.com/maps?q=5.425561888888889,-73.84583280555555","https://www.openstreetmap.org/query?lat=5.425561888888889&lon=-73.84583280555555"
"https://github.com/rcfdtools/R.GISMobile/tree/main/.poi/60/IMG_20260215_131237300_HDR.jpg",5.425561888888889,-73.84583280555555,3378.0,"http://maps.google.com/maps?q=5.425561888888889,-73.84583280555555","https://www.openstreetmap.org/query?lat=5.425561888888889&lon=-73.84583280555555"
"https://github.com/rcfdtools/R.GISMobile/tree/main/.poi/60/IMG_20260215_131310754_HDR.jpg",5.425601944444445,-73.84564969444445,3378.0,"http://maps.google.com/maps?q=5.425601944444445,-73.84564969444445","https://www.openstreetmap.org/query?lat=5.425601944444445&lon=-73.84564969444445"
"https://github.com/rcfdtools/R.GISMobile/tree/main/.poi/60/IMG_20260215_131315426_HDR.jpg",5.425601944444445,-73.84564969444445,3378.0,"http://maps.google.com/maps?q=5.425601944444445,-73.84564969444445","https://www.openstreetmap.org/query?lat=5.425601944444445&lon=-73.84564969444445"
"https://github.com/rcfdtools/R.GISMobile/tree/main/.poi/60/IMG_20260215_131321313.jpg",5.425601944444445,-73.84564969444445,3378.0,"http://maps.google.com/maps?q=5.425601944444445,-73.84564969444445","https://www.openstreetmap.org/query?lat=5.425601944444445&lon=-73.84564969444445"
"https://github.com/rcfdtools/R.GISMobile/tree/main/.poi/60/IMG_20260215_131346782.jpg",5.425601944444445,-73.84564969444445,3378.0,"http://maps.google.com/maps?q=5.425601944444445,-73.84564969444445","https://www.openstreetmap.org/query?lat=5.425601944444445&lon=-73.84564969444445"
"https://github.com/rcfdtools/R.GISMobile/tree/main/.poi/60/IMG_20260215_131355014.jpg",5.425601944444445,-73.84564969444445,3378.0,"http://maps.google.com/maps?q=5.425601944444445,-73.84564969444445","https://www.openstreetmap.org/query?lat=5.425601944444445&lon=-73.84564969444445"
"https://github.com/rcfdtools/R.GISMobile/tree/main/.poi/60/IMG_20260215_131359576.jpg",5.425601944444445,-73.84564969444445,3378.0,"http://maps.google.com/maps?q=5.425601944444445,-73.84564969444445","https://www.openstreetmap.org/query?lat=5.425601944444445&lon=-73.84564969444445"
"https://github.com/rcfdtools/R.GISMobile/tree/main/.poi/60/IMG_20260215_131412635_HDR.jpg",5.425601944444445,-73.84564969444445,3378.0,"http://maps.google.com/maps?q=5.425601944444445,-73.84564969444445","https://www.openstreetmap.org/query?lat=5.425601944444445&lon=-73.84564969444445"
"https://github.com/rcfdtools/R.GISMobile/tree/main/.poi/60/IMG_20260215_131446918.jpg",5.425601944444445,-73.84564969444445,3378.0,"http://maps.google.com/maps?q=5.425601944444445,-73.84564969444445","https://www.openstreetmap.org/query?lat=5.425601944444445&lon=-73.84564969444445"
"https://github.com/rcfdtools/R.GISMobile/tree/main/.poi/60/IMG_20260215_131456432.jpg",5.425601944444445,-73.84564969444445,3378.0,"http://maps.google.com/maps?q=5.425601944444445,-73.84564969444445","https://www.openstreetmap.org/query?lat=5.425601944444445&lon=-73.84564969444445"
"https://github.com/rcfdtools/R.GISMobile/tree/main/.poi/60/IMG_20260215_131501218.jpg",5.425601944444445,-73.84564969444445,3378.0,"http://maps.google.com/maps?q=5.425601944444445,-73.84564969444445","https://www.openstreetmap.org/query?lat=5.425601944444445&lon=-73.84564969444445"
"https://github.com/rcfdtools/R.GISMobile/tree/main/.poi/60/IMG_20260215_131743471_HDR.jpg",5.425558083333334,-73.84584808333332,3377.0,"http://maps.google.com/maps?q=5.425558083333334,-73.84584808333332","https://www.openstreetmap.org/query?lat=5.425558083333334&lon=-73.84584808333332"
"https://github.com/rcfdtools/R.GISMobile/tree/main/.poi/60/IMG_20260215_131750938.jpg",5.425558083333334,-73.84584808333332,3377.0,"http://maps.google.com/maps?q=5.425558083333334,-73.84584808333332","https://www.openstreetmap.org/query?lat=5.425558083333334&lon=-73.84584808333332"
"https://github.com/rcfdtools/R.GISMobile/tree/main/.poi/60/IMG_20260215_131753919.jpg",5.425558083333334,-73.84584808333332,3377.0,"http://maps.google.com/maps?q=5.425558083333334,-73.84584808333332","https://www.openstreetmap.org/query?lat=5.425558083333334&lon=-73.84584808333332"
"https://github.com/rcfdtools/R.GISMobile/tree/main/.poi/60/IMG_20260215_132001975.jpg",5.425686833333334,-73.84578702777777,3379.0,"http://maps.google.com/maps?q=5.425686833333334,-73.84578702777777","https://www.openstreetmap.org/query?lat=5.425686833333334&lon=-73.84578702777777"
"https://github.com/rcfdtools/R.GISMobile/tree/main/.poi/60/IMG_20260215_132543051.jpg",5.425686833333334,-73.84578702777777,3379.0,"http://maps.google.com/maps?q=5.425686833333334,-73.84578702777777","https://www.openstreetmap.org/query?lat=5.425686833333334&lon=-73.84578702777777"
"https://github.com/rcfdtools/R.GISMobile/tree/main/.poi/60/IMG_20260215_132746560.jpg",5.425611972222223,-73.84581755555556,3357.0,"http://maps.google.com/maps?q=5.425611972222223,-73.84581755555556","https://www.openstreetmap.org/query?lat=5.425611972222223&lon=-73.84581755555556"
"https://github.com/rcfdtools/R.GISMobile/tree/main/.poi/60/IMG_20260215_132749974.jpg",5.425611972222223,-73.84581755555556,3357.0,"http://maps.google.com/maps?q=5.425611972222223,-73.84581755555556","https://www.openstreetmap.org/query?lat=5.425611972222223&lon=-73.84581755555556"
"https://github.com/rcfdtools/R.GISMobile/tree/main/.poi/60/IMG_20260215_132800510.jpg",5.425611972222223,-73.84581755555556,3357.0,"http://maps.google.com/maps?q=5.425611972222223,-73.84581755555556","https://www.openstreetmap.org/query?lat=5.425611972222223&lon=-73.84581755555556"
"https://github.com/rcfdtools/R.GISMobile/tree/main/.poi/60/IMG_20260215_132802419.jpg",5.425611972222223,-73.84581755555556,3357.0,"http://maps.google.com/maps?q=5.425611972222223,-73.84581755555556","https://www.openstreetmap.org/query?lat=5.425611972222223&lon=-73.84581755555556"
"https://github.com/rcfdtools/R.GISMobile/tree/main/.poi/60/IMG_20260215_132805332.jpg",5.425611972222223,-73.84581755555556,3357.0,"http://maps.google.com/maps?q=5.425611972222223,-73.84581755555556","https://www.openstreetmap.org/query?lat=5.425611972222223&lon=-73.84581755555556"
"https://github.com/rcfdtools/R.GISMobile/tree/main/.poi/60/IMG_20260215_132808232.jpg",5.425611972222223,-73.84581755555556,3357.0,"http://maps.google.com/maps?q=5.425611972222223,-73.84581755555556","https://www.openstreetmap.org/query?lat=5.425611972222223&lon=-73.84581755555556"
"https://github.com/rcfdtools/R.GISMobile/tree/main/.poi/60/IMG_20260215_132812261.jpg",5.425611972222223,-73.84581755555556,3357.0,"http://maps.google.com/maps?q=5.425611972222223,-73.84581755555556","https://www.openstreetmap.org/query?lat=5.425611972222223&lon=-73.84581755555556"
"https://github.com/rcfdtools/R.GISMobile/tree/main/.poi/60/IMG_20260215_132816888.jpg",5.425611972222223,-73.84581755555556,3357.0,"http://maps.google.com/maps?q=5.425611972222223,-73.84581755555556","https://www.openstreetmap.org/query?lat=5.425611972222223&lon=-73.84581755555556"
"https://github.com/rcfdtools/R.GISMobile/tree/main/.poi/60/IMG_20260215_132821893.jpg",5.425611972222223,-73.84581755555556,3357.0,"http://maps.google.com/maps?q=5.425611972222223,-73.84581755555556","https://www.openstreetmap.org/query?lat=5.425611972222223&lon=-73.84581755555556"
"https://github.com/rcfdtools/R.GISMobile/tree/main/.poi/60/IMG_20260215_132842986.jpg",5.425749777777778,-73.84587094444444,3357.0,"http://maps.google.com/maps?q=5.425749777777778,-73.84587094444444","https://www.openstreetmap.org/query?lat=5.425749777777778&lon=-73.84587094444444"
"https://github.com/rcfdtools/R.GISMobile/tree/main/.poi/60/IMG_20260215_132844351.jpg",5.425749777777778,-73.84587094444444,3357.0,"http://maps.google.com/maps?q=5.425749777777778,-73.84587094444444","https://www.openstreetmap.org/query?lat=5.425749777777778&lon=-73.84587094444444"
"https://github.com/rcfdtools/R.GISMobile/tree/main/.poi/60/IMG_20260215_132847175.jpg",5.425749777777778,-73.84587094444444,3357.0,"http://maps.google.com/maps?q=5.425749777777778,-73.84587094444444","https://www.openstreetmap.org/query?lat=5.425749777777778&lon=-73.84587094444444"
"https://github.com/rcfdtools/R.GISMobile/tree/main/.poi/60/IMG_20260215_132848706.jpg",5.425749777777778,-73.84587094444444,3357.0,"http://maps.google.com/maps?q=5.425749777777778,-73.84587094444444","https://www.openstreetmap.org/query?lat=5.425749777777778&lon=-73.84587094444444"
"https://github.com/rcfdtools/R.GISMobile/tree/main/.poi/60/IMG_20260215_132903691.jpg",5.425749777777778,-73.84587094444444,3357.0,"http://maps.google.com/maps?q=5.425749777777778,-73.84587094444444","https://www.openstreetmap.org/query?lat=5.425749777777778&lon=-73.84587094444444"
"https://github.com/rcfdtools/R.GISMobile/tree/main/.poi/60/IMG_20260215_132906293.jpg",5.425749777777778,-73.84587094444444,3357.0,"http://maps.google.com/maps?q=5.425749777777778,-73.84587094444444","https://www.openstreetmap.org/query?lat=5.425749777777778&lon=-73.84587094444444"
"https://github.com/rcfdtools/R.GISMobile/tree/main/.poi/60/IMG_20260215_132908070.jpg",5.425749777777778,-73.84587094444444,3357.0,"http://maps.google.com/maps?q=5.425749777777778,-73.84587094444444","https://www.openstreetmap.org/query?lat=5.425749777777778&lon=-73.84587094444444"
"https://github.com/rcfdtools/R.GISMobile/tree/main/.poi/60/IMG_20260215_132914642_BURST000_COVER.jpg",5.425749777777778,-73.84587094444444,3357.0,"http://maps.google.com/maps?q=5.425749777777778,-73.84587094444444","https://www.openstreetmap.org/query?lat=5.425749777777778&lon=-73.84587094444444"
"https://github.com/rcfdtools/R.GISMobile/tree/main/.poi/60/IMG_20260215_132914642_BURST001_COMP.jpg",5.425749777777778,-73.84587094444444,3357.0,"http://maps.google.com/maps?q=5.425749777777778,-73.84587094444444","https://www.openstreetmap.org/query?lat=5.425749777777778&lon=-73.84587094444444"
"https://github.com/rcfdtools/R.GISMobile/tree/main/.poi/60/IMG_20260215_132935842_HDR.jpg",5.425749777777778,-73.84587094444444,3357.0,"http://maps.google.com/maps?q=5.425749777777778,-73.84587094444444","https://www.openstreetmap.org/query?lat=5.425749777777778&lon=-73.84587094444444"
"https://github.com/rcfdtools/R.GISMobile/tree/main/.poi/60/IMG_20260215_132942163.jpg",5.425749777777778,-73.84587094444444,3357.0,"http://maps.google.com/maps?q=5.425749777777778,-73.84587094444444","https://www.openstreetmap.org/query?lat=5.425749777777778&lon=-73.84587094444444"
"https://github.com/rcfdtools/R.GISMobile/tree/main/.poi/60/IMG_20260215_132953822.jpg",5.425749777777778,-73.84587094444444,3357.0,"http://maps.google.com/maps?q=5.425749777777778,-73.84587094444444","https://www.openstreetmap.org/query?lat=5.425749777777778&lon=-73.84587094444444"
"https://github.com/rcfdtools/R.GISMobile/tree/main/.poi/60/IMG_20260215_132959831_HDR.jpg",5.425749777777778,-73.84587094444444,3357.0,"http://maps.google.com/maps?q=5.425749777777778,-73.84587094444444","https://www.openstreetmap.org/query?lat=5.425749777777778&lon=-73.84587094444444"
"https://github.com/rcfdtools/R.GISMobile/tree/main/.poi/60/IMG_20260215_133002317.jpg",5.425749777777778,-73.84587094444444,3357.0,"http://maps.google.com/maps?q=5.425749777777778,-73.84587094444444","https://www.openstreetmap.org/query?lat=5.425749777777778&lon=-73.84587094444444"
"https://github.com/rcfdtools/R.GISMobile/tree/main/.poi/60/IMG_20260215_133021740.jpg",5.425749777777778,-73.84587094444444,3357.0,"http://maps.google.com/maps?q=5.425749777777778,-73.84587094444444","https://www.openstreetmap.org/query?lat=5.425749777777778&lon=-73.84587094444444"
"https://github.com/rcfdtools/R.GISMobile/tree/main/.poi/60/IMG_20260215_133024086.jpg",5.425749777777778,-73.84587094444444,3357.0,"http://maps.google.com/maps?q=5.425749777777778,-73.84587094444444","https://www.openstreetmap.org/query?lat=5.425749777777778&lon=-73.84587094444444"
"https://github.com/rcfdtools/R.GISMobile/tree/main/.poi/60/IMG_20260215_133055602.jpg",5.425749777777778,-73.84587094444444,3357.0,"http://maps.google.com/maps?q=5.425749777777778,-73.84587094444444","https://www.openstreetmap.org/query?lat=5.425749777777778&lon=-73.84587094444444"
"https://github.com/rcfdtools/R.GISMobile/tree/main/.poi/60/IMG_20260215_133100393_BURST000_COVER.jpg",5.425749777777778,-73.84587094444444,3357.0,"http://maps.google.com/maps?q=5.425749777777778,-73.84587094444444","https://www.openstreetmap.org/query?lat=5.425749777777778&lon=-73.84587094444444"
"https://github.com/rcfdtools/R.GISMobile/tree/main/.poi/60/IMG_20260215_133100393_BURST001_COMP.jpg",5.425749777777778,-73.84587094444444,3357.0,"http://maps.google.com/maps?q=5.425749777777778,-73.84587094444444","https://www.openstreetmap.org/query?lat=5.425749777777778&lon=-73.84587094444444"
"https://github.com/rcfdtools/R.GISMobile/tree/main/.poi/60/IMG_20260215_133104562.jpg",5.425749777777778,-73.84587094444444,3357.0,"http://maps.google.com/maps?q=5.425749777777778,-73.84587094444444","https://www.openstreetmap.org/query?lat=5.425749777777778&lon=-73.84587094444444"
"https://github.com/rcfdtools/R.GISMobile/tree/main/.poi/60/IMG_20260215_133110264.jpg",5.425749777777778,-73.84587094444444,3357.0,"http://maps.google.com/maps?q=5.425749777777778,-73.84587094444444","https://www.openstreetmap.org/query?lat=5.425749777777778&lon=-73.84587094444444"
"https://github.com/rcfdtools/R.GISMobile/tree/main/.poi/60/IMG_20260215_133112747.jpg",5.425749777777778,-73.84587094444444,3357.0,"http://maps.google.com/maps?q=5.425749777777778,-73.84587094444444","https://www.openstreetmap.org/query?lat=5.425749777777778&lon=-73.84587094444444"
"https://github.com/rcfdtools/R.GISMobile/tree/main/.poi/60/IMG_20260215_133339336_HDR.jpg",5.425717805555556,-73.84571836111111,3376.0,"http://maps.google.com/maps?q=5.425717805555556,-73.84571836111111","https://www.openstreetmap.org/query?lat=5.425717805555556&lon=-73.84571836111111"
"https://github.com/rcfdtools/R.GISMobile/tree/main/.poi/60/IMG_20260215_133345860.jpg",5.425717805555556,-73.84571836111111,3376.0,"http://maps.google.com/maps?q=5.425717805555556,-73.84571836111111","https://www.openstreetmap.org/query?lat=5.425717805555556&lon=-73.84571836111111"
"https://github.com/rcfdtools/R.GISMobile/tree/main/.poi/60/IMG_20260215_133817118.jpg",5.425457000000001,-73.84594725,3382.0,"http://maps.google.com/maps?q=5.425457000000001,-73.84594725","https://www.openstreetmap.org/query?lat=5.425457000000001&lon=-73.84594725"
"https://github.com/rcfdtools/R.GISMobile/tree/main/.poi/60/IMG_20260215_133820539.jpg",5.425457000000001,-73.84594725,3382.0,"http://maps.google.com/maps?q=5.425457000000001,-73.84594725","https://www.openstreetmap.org/query?lat=5.425457000000001&lon=-73.84594725"
"https://github.com/rcfdtools/R.GISMobile/tree/main/.poi/60/IMG_20260215_133859745.jpg",5.425487027777778,-73.84597013888889,3382.0,"http://maps.google.com/maps?q=5.425487027777778,-73.84597013888889","https://www.openstreetmap.org/query?lat=5.425487027777778&lon=-73.84597013888889"
"https://github.com/rcfdtools/R.GISMobile/tree/main/.poi/60/IMG_20260215_133904692.jpg",5.425487027777778,-73.84597013888889,3382.0,"http://maps.google.com/maps?q=5.425487027777778,-73.84597013888889","https://www.openstreetmap.org/query?lat=5.425487027777778&lon=-73.84597013888889"
"https://github.com/rcfdtools/R.GISMobile/tree/main/.poi/60/IMG_20260215_133956167.jpg",5.425487027777778,-73.84597013888889,3382.0,"http://maps.google.com/maps?q=5.425487027777778,-73.84597013888889","https://www.openstreetmap.org/query?lat=5.425487027777778&lon=-73.84597013888889"
"https://github.com/rcfdtools/R.GISMobile/tree/main/.poi/60/IMG_20260215_134052918_HDR.jpg",5.425471777777778,-73.84605405555556,3382.0,"http://maps.google.com/maps?q=5.425471777777778,-73.84605405555556","https://www.openstreetmap.org/query?lat=5.425471777777778&lon=-73.84605405555556"
"https://github.com/rcfdtools/R.GISMobile/tree/main/.poi/60/IMG_20260215_134121757_HDR.jpg",5.425432194444444,-73.8461151111111,3382.0,"http://maps.google.com/maps?q=5.425432194444444,-73.8461151111111","https://www.openstreetmap.org/query?lat=5.425432194444444&lon=-73.8461151111111"
"https://github.com/rcfdtools/R.GISMobile/tree/main/.poi/60/IMG_20260215_134142931.jpg",5.425432194444444,-73.8461151111111,3382.0,"http://maps.google.com/maps?q=5.425432194444444,-73.8461151111111","https://www.openstreetmap.org/query?lat=5.425432194444444&lon=-73.8461151111111"
"https://github.com/rcfdtools/R.GISMobile/tree/main/.poi/60/IMG_20260215_134224306.jpg",5.425251944444445,-73.84638213888888,3382.0,"http://maps.google.com/maps?q=5.425251944444445,-73.84638213888888","https://www.openstreetmap.org/query?lat=5.425251944444445&lon=-73.84638213888888"
"https://github.com/rcfdtools/R.GISMobile/tree/main/.poi/60/IMG_20260215_134235264.jpg",5.425251944444445,-73.84638213888888,3382.0,"http://maps.google.com/maps?q=5.425251944444445,-73.84638213888888","https://www.openstreetmap.org/query?lat=5.425251944444445&lon=-73.84638213888888"
"https://github.com/rcfdtools/R.GISMobile/tree/main/.poi/60/IMG_20260215_134243893_HDR.jpg",5.425251944444445,-73.84638213888888,3382.0,"http://maps.google.com/maps?q=5.425251944444445,-73.84638213888888","https://www.openstreetmap.org/query?lat=5.425251944444445&lon=-73.84638213888888"
"https://github.com/rcfdtools/R.GISMobile/tree/main/.poi/60/IMG_20260215_134303301.jpg",5.425251944444445,-73.84638213888888,3382.0,"http://maps.google.com/maps?q=5.425251944444445,-73.84638213888888","https://www.openstreetmap.org/query?lat=5.425251944444445&lon=-73.84638213888888"
"https://github.com/rcfdtools/R.GISMobile/tree/main/.poi/60/IMG_20260215_134306416.jpg",5.425251944444445,-73.84638213888888,3382.0,"http://maps.google.com/maps?q=5.425251944444445,-73.84638213888888","https://www.openstreetmap.org/query?lat=5.425251944444445&lon=-73.84638213888888"
"https://github.com/rcfdtools/R.GISMobile/tree/main/.poi/60/IMG_20260215_134333295_HDR.jpg",5.424832805555556,-73.84657286111111,3382.0,"http://maps.google.com/maps?q=5.424832805555556,-73.84657286111111","https://www.openstreetmap.org/query?lat=5.424832805555556&lon=-73.84657286111111"
"https://github.com/rcfdtools/R.GISMobile/tree/main/.poi/60/IMG_20260215_134337376_HDR.jpg",5.424832805555556,-73.84657286111111,3382.0,"http://maps.google.com/maps?q=5.424832805555556,-73.84657286111111","https://www.openstreetmap.org/query?lat=5.424832805555556&lon=-73.84657286111111"
"https://github.com/rcfdtools/R.GISMobile/tree/main/.poi/60/IMG_20260215_134343237.jpg",5.424832805555556,-73.84657286111111,3382.0,"http://maps.google.com/maps?q=5.424832805555556,-73.84657286111111","https://www.openstreetmap.org/query?lat=5.424832805555556&lon=-73.84657286111111"
"https://github.com/rcfdtools/R.GISMobile/tree/main/.poi/60/IMG_20260215_134357568_HDR.jpg",5.424832805555556,-73.84657286111111,3382.0,"http://maps.google.com/maps?q=5.424832805555556,-73.84657286111111","https://www.openstreetmap.org/query?lat=5.424832805555556&lon=-73.84657286111111"
"https://github.com/rcfdtools/R.GISMobile/tree/main/.poi/60/IMG_20260215_134418301_HDR.jpg",5.424832805555556,-73.84657286111111,3382.0,"http://maps.google.com/maps?q=5.424832805555556,-73.84657286111111","https://www.openstreetmap.org/query?lat=5.424832805555556&lon=-73.84657286111111"
"https://github.com/rcfdtools/R.GISMobile/tree/main/.poi/60/IMG_20260215_134435629.jpg",5.424832805555556,-73.84657286111111,3382.0,"http://maps.google.com/maps?q=5.424832805555556,-73.84657286111111","https://www.openstreetmap.org/query?lat=5.424832805555556&lon=-73.84657286111111"
"https://github.com/rcfdtools/R.GISMobile/tree/main/.poi/60/IMG_20260215_134439559.jpg",5.424832805555556,-73.84657286111111,3382.0,"http://maps.google.com/maps?q=5.424832805555556,-73.84657286111111","https://www.openstreetmap.org/query?lat=5.424832805555556&lon=-73.84657286111111"
"https://github.com/rcfdtools/R.GISMobile/tree/main/.poi/60/IMG_20260215_134504790.jpg",5.424832805555556,-73.84657286111111,3382.0,"http://maps.google.com/maps?q=5.424832805555556,-73.84657286111111","https://www.openstreetmap.org/query?lat=5.424832805555556&lon=-73.84657286111111"
"https://github.com/rcfdtools/R.GISMobile/tree/main/.poi/60/IMG_20260215_134518461.jpg",5.424832805555556,-73.84657286111111,3382.0,"http://maps.google.com/maps?q=5.424832805555556,-73.84657286111111","https://www.openstreetmap.org/query?lat=5.424832805555556&lon=-73.84657286111111"
"https://github.com/rcfdtools/R.GISMobile/tree/main/.poi/60/IMG_20260215_134528279_HDR.jpg",5.424353111111111,-73.84632872222221,3394.0,"http://maps.google.com/maps?q=5.424353111111111,-73.84632872222221","https://www.openstreetmap.org/query?lat=5.424353111111111&lon=-73.84632872222221"
"https://github.com/rcfdtools/R.GISMobile/tree/main/.poi/60/IMG_20260215_134716522.jpg",5.423636888888889,-73.84636686111111,3394.0,"http://maps.google.com/maps?q=5.423636888888889,-73.84636686111111","https://www.openstreetmap.org/query?lat=5.423636888888889&lon=-73.84636686111111"
"https://github.com/rcfdtools/R.GISMobile/tree/main/.poi/60/IMG_20260215_134718688.jpg",5.423636888888889,-73.84636686111111,3394.0,"http://maps.google.com/maps?q=5.423636888888889,-73.84636686111111","https://www.openstreetmap.org/query?lat=5.423636888888889&lon=-73.84636686111111"
"https://github.com/rcfdtools/R.GISMobile/tree/main/.poi/60/IMG_20260215_134727032.jpg",5.42363975,-73.84635924999999,3394.0,"http://maps.google.com/maps?q=5.42363975,-73.84635924999999","https://www.openstreetmap.org/query?lat=5.42363975&lon=-73.84635924999999"
"https://github.com/rcfdtools/R.GISMobile/tree/main/.poi/60/IMG_20260215_134729312.jpg",5.42363975,-73.84635924999999,3394.0,"http://maps.google.com/maps?q=5.42363975,-73.84635924999999","https://www.openstreetmap.org/query?lat=5.42363975&lon=-73.84635924999999"
"https://github.com/rcfdtools/R.GISMobile/tree/main/.poi/60/IMG_20260215_134822255.jpg",5.423295,-73.84612272222222,3394.0,"http://maps.google.com/maps?q=5.423295,-73.84612272222222","https://www.openstreetmap.org/query?lat=5.423295&lon=-73.84612272222222"
"https://github.com/rcfdtools/R.GISMobile/tree/main/.poi/60/IMG_20260215_134826922.jpg",5.423295,-73.84612272222222,3394.0,"http://maps.google.com/maps?q=5.423295,-73.84612272222222","https://www.openstreetmap.org/query?lat=5.423295&lon=-73.84612272222222"
"https://github.com/rcfdtools/R.GISMobile/tree/main/.poi/60/IMG_20260215_134832227.jpg",5.423295,-73.84612272222222,3394.0,"http://maps.google.com/maps?q=5.423295,-73.84612272222222","https://www.openstreetmap.org/query?lat=5.423295&lon=-73.84612272222222"
"https://github.com/rcfdtools/R.GISMobile/tree/main/.poi/60/IMG_20260215_135004498.jpg",5.423182944444445,-73.84603116666666,3399.0,"http://maps.google.com/maps?q=5.423182944444445,-73.84603116666666","https://www.openstreetmap.org/query?lat=5.423182944444445&lon=-73.84603116666666"
"https://github.com/rcfdtools/R.GISMobile/tree/main/.poi/60/IMG_20260215_135009226.jpg",5.423182944444445,-73.84603116666666,3399.0,"http://maps.google.com/maps?q=5.423182944444445,-73.84603116666666","https://www.openstreetmap.org/query?lat=5.423182944444445&lon=-73.84603116666666"
"https://github.com/rcfdtools/R.GISMobile/tree/main/.poi/60/IMG_20260215_135017271.jpg",5.423182944444445,-73.84603116666666,3399.0,"http://maps.google.com/maps?q=5.423182944444445,-73.84603116666666","https://www.openstreetmap.org/query?lat=5.423182944444445&lon=-73.84603116666666"
"https://github.com/rcfdtools/R.GISMobile/tree/main/.poi/60/IMG_20260215_135054944.jpg",5.423272111111111,-73.84601591666666,3399.0,"http://maps.google.com/maps?q=5.423272111111111,-73.84601591666666","https://www.openstreetmap.org/query?lat=5.423272111111111&lon=-73.84601591666666"
"https://github.com/rcfdtools/R.GISMobile/tree/main/.poi/60/IMG_20260215_135059883.jpg",5.423272111111111,-73.84601591666666,3399.0,"http://maps.google.com/maps?q=5.423272111111111,-73.84601591666666","https://www.openstreetmap.org/query?lat=5.423272111111111&lon=-73.84601591666666"
"https://github.com/rcfdtools/R.GISMobile/tree/main/.poi/60/IMG_20260215_135125111.jpg",5.423272111111111,-73.84601591666666,3399.0,"http://maps.google.com/maps?q=5.423272111111111,-73.84601591666666","https://www.openstreetmap.org/query?lat=5.423272111111111&lon=-73.84601591666666"
"https://github.com/rcfdtools/R.GISMobile/tree/main/.poi/60/IMG_20260215_135129486.jpg",5.423272111111111,-73.84601591666666,3399.0,"http://maps.google.com/maps?q=5.423272111111111,-73.84601591666666","https://www.openstreetmap.org/query?lat=5.423272111111111&lon=-73.84601591666666"
"https://github.com/rcfdtools/R.GISMobile/tree/main/.poi/60/IMG_20260215_135138090.jpg",5.423272111111111,-73.84601591666666,3399.0,"http://maps.google.com/maps?q=5.423272111111111,-73.84601591666666","https://www.openstreetmap.org/query?lat=5.423272111111111&lon=-73.84601591666666"
"https://github.com/rcfdtools/R.GISMobile/tree/main/.poi/60/IMG_20260215_135328274_HDR.jpg",5.423333166666667,-73.84603880555555,3410.0,"http://maps.google.com/maps?q=5.423333166666667,-73.84603880555555","https://www.openstreetmap.org/query?lat=5.423333166666667&lon=-73.84603880555555"
"https://github.com/rcfdtools/R.GISMobile/tree/main/.poi/60/IMG_20260215_135336844.jpg",5.423333166666667,-73.84603880555555,3410.0,"http://maps.google.com/maps?q=5.423333166666667,-73.84603880555555","https://www.openstreetmap.org/query?lat=5.423333166666667&lon=-73.84603880555555"
"https://github.com/rcfdtools/R.GISMobile/tree/main/.poi/60/IMG_20260215_135434954.jpg",5.423309777777778,-73.84602355555555,3410.0,"http://maps.google.com/maps?q=5.423309777777778,-73.84602355555555","https://www.openstreetmap.org/query?lat=5.423309777777778&lon=-73.84602355555555"
"https://github.com/rcfdtools/R.GISMobile/tree/main/.poi/60/IMG_20260215_135439087.jpg",5.423309777777778,-73.84602355555555,3410.0,"http://maps.google.com/maps?q=5.423309777777778,-73.84602355555555","https://www.openstreetmap.org/query?lat=5.423309777777778&lon=-73.84602355555555"
"https://github.com/rcfdtools/R.GISMobile/tree/main/.poi/60/IMG_20260215_135611588.jpg",5.423293111111112,-73.84609222222221,3410.0,"http://maps.google.com/maps?q=5.423293111111112,-73.84609222222221","https://www.openstreetmap.org/query?lat=5.423293111111112&lon=-73.84609222222221"
"https://github.com/rcfdtools/R.GISMobile/tree/main/.poi/60/IMG_20260215_135906104_HDR.jpg",5.423908222222223,-73.84635924999999,3405.0,"http://maps.google.com/maps?q=5.423908222222223,-73.84635924999999","https://www.openstreetmap.org/query?lat=5.423908222222223&lon=-73.84635924999999"
"https://github.com/rcfdtools/R.GISMobile/tree/main/.poi/60/IMG_20260215_135908140.jpg",5.423908222222223,-73.84635924999999,3405.0,"http://maps.google.com/maps?q=5.423908222222223,-73.84635924999999","https://www.openstreetmap.org/query?lat=5.423908222222223&lon=-73.84635924999999"
"https://github.com/rcfdtools/R.GISMobile/tree/main/.poi/60/IMG_20260215_140328784.jpg",5.426053027777778,-73.84588622222222,3398.0,"http://maps.google.com/maps?q=5.426053027777778,-73.84588622222222","https://www.openstreetmap.org/query?lat=5.426053027777778&lon=-73.84588622222222"
"https://github.com/rcfdtools/R.GISMobile/tree/main/.poi/60/IMG_20260215_140416112_HDR.jpg",5.425869916666667,-73.84587094444444,3398.0,"http://maps.google.com/maps?q=5.425869916666667,-73.84587094444444","https://www.openstreetmap.org/query?lat=5.425869916666667&lon=-73.84587094444444"
"https://github.com/rcfdtools/R.GISMobile/tree/main/.poi/60/IMG_20260215_140441010.jpg",5.425869916666667,-73.84587094444444,3398.0,"http://maps.google.com/maps?q=5.425869916666667,-73.84587094444444","https://www.openstreetmap.org/query?lat=5.425869916666667&lon=-73.84587094444444"
"https://github.com/rcfdtools/R.GISMobile/tree/main/.poi/60/IMG_20260215_140456386.jpg",5.425869916666667,-73.84587094444444,3398.0,"http://maps.google.com/maps?q=5.425869916666667,-73.84587094444444","https://www.openstreetmap.org/query?lat=5.425869916666667&lon=-73.84587094444444"
"https://github.com/rcfdtools/R.GISMobile/tree/main/.poi/60/IMG_20260215_140517748_HDR.jpg",5.426344861111112,-73.84600066666667,3398.0,"http://maps.google.com/maps?q=5.426344861111112,-73.84600066666667","https://www.openstreetmap.org/query?lat=5.426344861111112&lon=-73.84600066666667"
"https://github.com/rcfdtools/R.GISMobile/tree/main/.poi/60/IMG_20260215_145053556_HDR.jpg",5.452772138888889,-73.81427,2594.0,"http://maps.google.com/maps?q=5.452772138888889,-73.81427","https://www.openstreetmap.org/query?lat=5.452772138888889&lon=-73.81427"
"https://github.com/rcfdtools/R.GISMobile/tree/main/.poi/60/IMG_20260215_145059580_HDR.jpg",5.452772138888889,-73.81427,2594.0,"http://maps.google.com/maps?q=5.452772138888889,-73.81427","https://www.openstreetmap.org/query?lat=5.452772138888889&lon=-73.81427"
"https://github.com/rcfdtools/R.GISMobile/tree/main/.poi/60/IMG_20260215_145102646_HDR.jpg",5.452772138888889,-73.81427,2594.0,"http://maps.google.com/maps?q=5.452772138888889,-73.81427","https://www.openstreetmap.org/query?lat=5.452772138888889&lon=-73.81427"
"https://github.com/rcfdtools/R.GISMobile/tree/main/.poi/60/IMG_20260215_145115896_BURST000_COVER.jpg",5.452772138888889,-73.81427,2594.0,"http://maps.google.com/maps?q=5.452772138888889,-73.81427","https://www.openstreetmap.org/query?lat=5.452772138888889&lon=-73.81427"
"https://github.com/rcfdtools/R.GISMobile/tree/main/.poi/60/IMG_20260215_145115896_BURST001_COMP.jpg",5.452772138888889,-73.81427,2594.0,"http://maps.google.com/maps?q=5.452772138888889,-73.81427","https://www.openstreetmap.org/query?lat=5.452772138888889&lon=-73.81427"
"https://github.com/rcfdtools/R.GISMobile/tree/main/.poi/60/IMG_20260215_145144726.jpg",5.452772138888889,-73.81427,2594.0,"http://maps.google.com/maps?q=5.452772138888889,-73.81427","https://www.openstreetmap.org/query?lat=5.452772138888889&lon=-73.81427"
"https://github.com/rcfdtools/R.GISMobile/tree/main/.poi/60/IMG_20260215_145151619_HDR.jpg",5.452772138888889,-73.81427,2594.0,"http://maps.google.com/maps?q=5.452772138888889,-73.81427","https://www.openstreetmap.org/query?lat=5.452772138888889&lon=-73.81427"
"https://github.com/rcfdtools/R.GISMobile/tree/main/.poi/60/IMG_20260215_145154229.jpg",5.452772138888889,-73.81427,2594.0,"http://maps.google.com/maps?q=5.452772138888889,-73.81427","https://www.openstreetmap.org/query?lat=5.452772138888889&lon=-73.81427"
"https://github.com/rcfdtools/R.GISMobile/tree/main/.poi/60/IMG_20260215_145156765.jpg",5.452772138888889,-73.81427,2594.0,"http://maps.google.com/maps?q=5.452772138888889,-73.81427","https://www.openstreetmap.org/query?lat=5.452772138888889&lon=-73.81427"
"https://github.com/rcfdtools/R.GISMobile/tree/main/.poi/60/IMG_20260215_162406676.jpg",5.404253000000001,-73.76605222222223,2568.0,"http://maps.google.com/maps?q=5.404253000000001,-73.76605222222223","https://www.openstreetmap.org/query?lat=5.404253000000001&lon=-73.76605222222223"
"https://github.com/rcfdtools/R.GISMobile/tree/main/.poi/60/IMG_20260215_162444331.jpg",5.404253000000001,-73.76605222222223,2568.0,"http://maps.google.com/maps?q=5.404253000000001,-73.76605222222223","https://www.openstreetmap.org/query?lat=5.404253000000001&lon=-73.76605222222223"
"https://github.com/rcfdtools/R.GISMobile/tree/main/.poi/60/IMG_20260215_165548169.jpg",5.296965111111111,-73.8153305,2596.0,"http://maps.google.com/maps?q=5.296965111111111,-73.8153305","https://www.openstreetmap.org/query?lat=5.296965111111111&lon=-73.8153305"
"https://github.com/rcfdtools/R.GISMobile/tree/main/.poi/61/IMG_20260301_095712049.jpg",5.123499861111111,-74.44959258333334,638.0,"http://maps.google.com/maps?q=5.123499861111111,-74.44959258333334","https://www.openstreetmap.org/query?lat=5.123499861111111&lon=-74.44959258333334"
"https://github.com/rcfdtools/R.GISMobile/tree/main/.poi/61/IMG_20260301_095715031_HDR.jpg",5.123499861111111,-74.44959258333334,638.0,"http://maps.google.com/maps?q=5.123499861111111,-74.44959258333334","https://www.openstreetmap.org/query?lat=5.123499861111111&lon=-74.44959258333334"
"https://github.com/rcfdtools/R.GISMobile/tree/main/.poi/61/IMG_20260301_095730773.jpg",5.123499861111111,-74.44959258333334,638.0,"http://maps.google.com/maps?q=5.123499861111111,-74.44959258333334","https://www.openstreetmap.org/query?lat=5.123499861111111&lon=-74.44959258333334"
"https://github.com/rcfdtools/R.GISMobile/tree/main/.poi/61/IMG_20260301_095737391_HDR.jpg",5.123499861111111,-74.44959258333334,638.0,"http://maps.google.com/maps?q=5.123499861111111,-74.44959258333334","https://www.openstreetmap.org/query?lat=5.123499861111111&lon=-74.44959258333334"
"https://github.com/rcfdtools/R.GISMobile/tree/main/.poi/61/IMG_20260301_095745001_HDR.jpg",5.123499861111111,-74.44959258333334,638.0,"http://maps.google.com/maps?q=5.123499861111111,-74.44959258333334","https://www.openstreetmap.org/query?lat=5.123499861111111&lon=-74.44959258333334"
"https://github.com/rcfdtools/R.GISMobile/tree/main/.poi/61/IMG_20260301_095818412.jpg",5.123499861111111,-74.44959258333334,638.0,"http://maps.google.com/maps?q=5.123499861111111,-74.44959258333334","https://www.openstreetmap.org/query?lat=5.123499861111111&lon=-74.44959258333334"
"https://github.com/rcfdtools/R.GISMobile/tree/main/.poi/61/IMG_20260301_103224768_HDR.jpg",5.1237129999999995,-74.45022580555556,653.0,"http://maps.google.com/maps?q=5.1237129999999995,-74.45022580555556","https://www.openstreetmap.org/query?lat=5.1237129999999995&lon=-74.45022580555556"
"https://github.com/rcfdtools/R.GISMobile/tree/main/.poi/61/IMG_20260301_103227871_HDR.jpg",5.1237129999999995,-74.45022580555556,653.0,"http://maps.google.com/maps?q=5.1237129999999995,-74.45022580555556","https://www.openstreetmap.org/query?lat=5.1237129999999995&lon=-74.45022580555556"
"https://github.com/rcfdtools/R.GISMobile/tree/main/.poi/61/IMG_20260301_103231272_HDR.jpg",5.1237129999999995,-74.45022580555556,653.0,"http://maps.google.com/maps?q=5.1237129999999995,-74.45022580555556","https://www.openstreetmap.org/query?lat=5.1237129999999995&lon=-74.45022580555556"
"https://github.com/rcfdtools/R.GISMobile/tree/main/.poi/61/IMG_20260301_103234355.jpg",5.1237129999999995,-74.45022580555556,653.0,"http://maps.google.com/maps?q=5.1237129999999995,-74.45022580555556","https://www.openstreetmap.org/query?lat=5.1237129999999995&lon=-74.45022580555556"
"https://github.com/rcfdtools/R.GISMobile/tree/main/.poi/61/IMG_20260301_103259057.jpg",5.1237129999999995,-74.45022580555556,653.0,"http://maps.google.com/maps?q=5.1237129999999995,-74.45022580555556","https://www.openstreetmap.org/query?lat=5.1237129999999995&lon=-74.45022580555556"
"https://github.com/rcfdtools/R.GISMobile/tree/main/.poi/61/IMG_20260301_103306823.jpg",5.1237129999999995,-74.45022580555556,653.0,"http://maps.google.com/maps?q=5.1237129999999995,-74.45022580555556","https://www.openstreetmap.org/query?lat=5.1237129999999995&lon=-74.45022580555556"
"https://github.com/rcfdtools/R.GISMobile/tree/main/.poi/61/IMG_20260301_103417186.jpg",5.124186972222222,-74.45051572222222,654.0,"http://maps.google.com/maps?q=5.124186972222222,-74.45051572222222","https://www.openstreetmap.org/query?lat=5.124186972222222&lon=-74.45051572222222"
"https://github.com/rcfdtools/R.GISMobile/tree/main/.poi/61/IMG_20260301_103615807_HDR.jpg",5.123911833333333,-74.45025633333334,672.0,"http://maps.google.com/maps?q=5.123911833333333,-74.45025633333334","https://www.openstreetmap.org/query?lat=5.123911833333333&lon=-74.45025633333334"
"https://github.com/rcfdtools/R.GISMobile/tree/main/.poi/61/IMG_20260301_103849285_HDR.jpg",5.123219944444444,-74.45050047222223,671.0,"http://maps.google.com/maps?q=5.123219944444444,-74.45050047222223","https://www.openstreetmap.org/query?lat=5.123219944444444&lon=-74.45050047222223"
"https://github.com/rcfdtools/R.GISMobile/tree/main/.poi/61/IMG_20260301_103902536.jpg",5.123219944444444,-74.45050047222223,671.0,"http://maps.google.com/maps?q=5.123219944444444,-74.45050047222223","https://www.openstreetmap.org/query?lat=5.123219944444444&lon=-74.45050047222223"
"https://github.com/rcfdtools/R.GISMobile/tree/main/.poi/61/IMG_20260301_104244556_HDR.jpg",5.122107027777777,-74.45130155555556,682.0,"http://maps.google.com/maps?q=5.122107027777777,-74.45130155555556","https://www.openstreetmap.org/query?lat=5.122107027777777&lon=-74.45130155555556"
"https://github.com/rcfdtools/R.GISMobile/tree/main/.poi/61/IMG_20260301_104302993_HDR.jpg",5.122107027777777,-74.45130155555556,682.0,"http://maps.google.com/maps?q=5.122107027777777,-74.45130155555556","https://www.openstreetmap.org/query?lat=5.122107027777777&lon=-74.45130155555556"
"https://github.com/rcfdtools/R.GISMobile/tree/main/.poi/61/IMG_20260301_104311377_HDR.jpg",5.122107027777777,-74.45130155555556,682.0,"http://maps.google.com/maps?q=5.122107027777777,-74.45130155555556","https://www.openstreetmap.org/query?lat=5.122107027777777&lon=-74.45130155555556"
"https://github.com/rcfdtools/R.GISMobile/tree/main/.poi/61/IMG_20260301_110805847_HDR.jpg",5.122076972222222,-74.45068358333333,653.0,"http://maps.google.com/maps?q=5.122076972222222,-74.45068358333333","https://www.openstreetmap.org/query?lat=5.122076972222222&lon=-74.45068358333333"
"https://github.com/rcfdtools/R.GISMobile/tree/main/.poi/61/IMG_20260301_110814929_HDR.jpg",5.122076972222222,-74.45068358333333,653.0,"http://maps.google.com/maps?q=5.122076972222222,-74.45068358333333","https://www.openstreetmap.org/query?lat=5.122076972222222&lon=-74.45068358333333"
"https://github.com/rcfdtools/R.GISMobile/tree/main/.poi/61/IMG_20260301_110822045_HDR.jpg",5.122076972222222,-74.45068358333333,653.0,"http://maps.google.com/maps?q=5.122076972222222,-74.45068358333333","https://www.openstreetmap.org/query?lat=5.122076972222222&lon=-74.45068358333333"
"https://github.com/rcfdtools/R.GISMobile/tree/main/.poi/61/IMG_20260301_112240828.jpg",5.122076972222222,-74.45068358333333,653.0,"http://maps.google.com/maps?q=5.122076972222222,-74.45068358333333","https://www.openstreetmap.org/query?lat=5.122076972222222&lon=-74.45068358333333"
"https://github.com/rcfdtools/R.GISMobile/tree/main/.poi/61/IMG_20260301_112336963_HDR.jpg",5.120041833333333,-74.44835661111111,676.0,"http://maps.google.com/maps?q=5.120041833333333,-74.44835661111111","https://www.openstreetmap.org/query?lat=5.120041833333333&lon=-74.44835661111111"
"https://github.com/rcfdtools/R.GISMobile/tree/main/.poi/61/IMG_20260301_112405274_HDR.jpg",5.120041833333333,-74.44835661111111,676.0,"http://maps.google.com/maps?q=5.120041833333333,-74.44835661111111","https://www.openstreetmap.org/query?lat=5.120041833333333&lon=-74.44835661111111"
"https://github.com/rcfdtools/R.GISMobile/tree/main/.poi/61/IMG_20260301_112511280_HDR.jpg",5.120041833333333,-74.44835661111111,676.0,"http://maps.google.com/maps?q=5.120041833333333,-74.44835661111111","https://www.openstreetmap.org/query?lat=5.120041833333333&lon=-74.44835661111111"
"https://github.com/rcfdtools/R.GISMobile/tree/main/.poi/61/IMG_20260301_112520105_HDR.jpg",5.120041833333333,-74.44835661111111,676.0,"http://maps.google.com/maps?q=5.120041833333333,-74.44835661111111","https://www.openstreetmap.org/query?lat=5.120041833333333&lon=-74.44835661111111"
"https://github.com/rcfdtools/R.GISMobile/tree/main/.poi/61/IMG_20260301_113015075_HDR.jpg",5.107850055555555,-74.45000455555555,681.0,"http://maps.google.com/maps?q=5.107850055555555,-74.45000455555555","https://www.openstreetmap.org/query?lat=5.107850055555555&lon=-74.45000455555555"
"https://github.com/rcfdtools/R.GISMobile/tree/main/.poi/61/IMG_20260301_113018941_HDR.jpg",5.107850055555555,-74.45000455555555,681.0,"http://maps.google.com/maps?q=5.107850055555555,-74.45000455555555","https://www.openstreetmap.org/query?lat=5.107850055555555&lon=-74.45000455555555"
"https://github.com/rcfdtools/R.GISMobile/tree/main/.poi/61/IMG_20260301_113022579_HDR.jpg",5.107850055555555,-74.45000455555555,681.0,"http://maps.google.com/maps?q=5.107850055555555,-74.45000455555555","https://www.openstreetmap.org/query?lat=5.107850055555555&lon=-74.45000455555555"
"https://github.com/rcfdtools/R.GISMobile/tree/main/.poi/61/IMG_20260301_113033424_HDR.jpg",5.107850055555555,-74.45000455555555,681.0,"http://maps.google.com/maps?q=5.107850055555555,-74.45000455555555","https://www.openstreetmap.org/query?lat=5.107850055555555&lon=-74.45000455555555"
"https://github.com/rcfdtools/R.GISMobile/tree/main/.poi/61/IMG_20260301_113037479_HDR.jpg",5.107850055555555,-74.45000455555555,681.0,"http://maps.google.com/maps?q=5.107850055555555,-74.45000455555555","https://www.openstreetmap.org/query?lat=5.107850055555555&lon=-74.45000455555555"
"https://github.com/rcfdtools/R.GISMobile/tree/main/.poi/61/IMG_20260301_113041871_HDR.jpg",5.107850055555555,-74.45000455555555,681.0,"http://maps.google.com/maps?q=5.107850055555555,-74.45000455555555","https://www.openstreetmap.org/query?lat=5.107850055555555&lon=-74.45000455555555"
"https://github.com/rcfdtools/R.GISMobile/tree/main/.poi/61/IMG_20260301_113118471_HDR.jpg",5.107850055555555,-74.45000455555555,681.0,"http://maps.google.com/maps?q=5.107850055555555,-74.45000455555555","https://www.openstreetmap.org/query?lat=5.107850055555555&lon=-74.45000455555555"
"https://github.com/rcfdtools/R.GISMobile/tree/main/.poi/61/IMG_20260301_113124174_HDR.jpg",5.107850055555555,-74.45000455555555,681.0,"http://maps.google.com/maps?q=5.107850055555555,-74.45000455555555","https://www.openstreetmap.org/query?lat=5.107850055555555&lon=-74.45000455555555"
"https://github.com/rcfdtools/R.GISMobile/tree/main/.poi/61/IMG_20260301_113251664_HDR.jpg",5.107765194444444,-74.44976041666668,686.0,"http://maps.google.com/maps?q=5.107765194444444,-74.44976041666668","https://www.openstreetmap.org/query?lat=5.107765194444444&lon=-74.44976041666668"
"https://github.com/rcfdtools/R.GISMobile/tree/main/.poi/61/IMG_20260301_113257959_HDR.jpg",5.107765194444444,-74.44976041666668,686.0,"http://maps.google.com/maps?q=5.107765194444444,-74.44976041666668","https://www.openstreetmap.org/query?lat=5.107765194444444&lon=-74.44976041666668"
"https://github.com/rcfdtools/R.GISMobile/tree/main/.poi/61/IMG_20260301_113308172_HDR.jpg",5.107765194444444,-74.44976041666668,686.0,"http://maps.google.com/maps?q=5.107765194444444,-74.44976041666668","https://www.openstreetmap.org/query?lat=5.107765194444444&lon=-74.44976041666668"
"https://github.com/rcfdtools/R.GISMobile/tree/main/.poi/61/IMG_20260301_113311986.jpg",5.107765194444444,-74.44976041666668,686.0,"http://maps.google.com/maps?q=5.107765194444444,-74.44976041666668","https://www.openstreetmap.org/query?lat=5.107765194444444&lon=-74.44976041666668"
"https://github.com/rcfdtools/R.GISMobile/tree/main/.poi/61/IMG_20260301_113329660_HDR.jpg",5.107765194444444,-74.44976041666668,686.0,"http://maps.google.com/maps?q=5.107765194444444,-74.44976041666668","https://www.openstreetmap.org/query?lat=5.107765194444444&lon=-74.44976041666668"
"https://github.com/rcfdtools/R.GISMobile/tree/main/.poi/61/IMG_20260301_115746936_HDR.jpg",5.122872805555555,-74.45101927777777,633.0,"http://maps.google.com/maps?q=5.122872805555555,-74.45101927777777","https://www.openstreetmap.org/query?lat=5.122872805555555&lon=-74.45101927777777"
"https://github.com/rcfdtools/R.GISMobile/tree/main/.poi/61/IMG_20260301_115756851_HDR.jpg",5.122872805555555,-74.45101927777777,633.0,"http://maps.google.com/maps?q=5.122872805555555,-74.45101927777777","https://www.openstreetmap.org/query?lat=5.122872805555555&lon=-74.45101927777777"
"https://github.com/rcfdtools/R.GISMobile/tree/main/.poi/61/IMG_20260301_115821813.jpg",5.122872805555555,-74.45101927777777,683.0,"http://maps.google.com/maps?q=5.122872805555555,-74.45101927777777","https://www.openstreetmap.org/query?lat=5.122872805555555&lon=-74.45101927777777"
"https://github.com/rcfdtools/R.GISMobile/tree/main/.poi/61/IMG_20260301_134627048.jpg",4.99269675,-74.33219144444445,1210.0,"http://maps.google.com/maps?q=4.99269675,-74.33219144444445","https://www.openstreetmap.org/query?lat=4.99269675&lon=-74.33219144444445"
"https://github.com/rcfdtools/R.GISMobile/tree/main/.poi/61/IMG_20260301_134631116.jpg",4.99269675,-74.33219144444445,1210.0,"http://maps.google.com/maps?q=4.99269675,-74.33219144444445","https://www.openstreetmap.org/query?lat=4.99269675&lon=-74.33219144444445"
"https://github.com/rcfdtools/R.GISMobile/tree/main/.poi/61/IMG_20260301_150830212.jpg",4.937962083333334,-74.11002347222221,2869.0,"http://maps.google.com/maps?q=4.937962083333334,-74.11002347222221","https://www.openstreetmap.org/query?lat=4.937962083333334&lon=-74.11002347222221"
"https://github.com/rcfdtools/R.GISMobile/tree/main/.poi/61/IMG_20260301_150834333.jpg",4.937962083333334,-74.11002347222221,2869.0,"http://maps.google.com/maps?q=4.937962083333334,-74.11002347222221","https://www.openstreetmap.org/query?lat=4.937962083333334&lon=-74.11002347222221"
"https://github.com/rcfdtools/R.GISMobile/tree/main/.poi/61/IMG_20260301_150857294.jpg",4.937962083333334,-74.11002347222221,2869.0,"http://maps.google.com/maps?q=4.937962083333334,-74.11002347222221","https://www.openstreetmap.org/query?lat=4.937962083333334&lon=-74.11002347222221"
"https://github.com/rcfdtools/R.GISMobile/tree/main/.poi/61/IMG_20260301_150936946.jpg",4.937962083333334,-74.11002347222221,2869.0,"http://maps.google.com/maps?q=4.937962083333334,-74.11002347222221","https://www.openstreetmap.org/query?lat=4.937962083333334&lon=-74.11002347222221"
"https://github.com/rcfdtools/R.GISMobile/tree/main/.poi/61/IMG_20260301_150939738.jpg",4.937962083333334,-74.11002347222221,2869.0,"http://maps.google.com/maps?q=4.937962083333334,-74.11002347222221","https://www.openstreetmap.org/query?lat=4.937962083333334&lon=-74.11002347222221"
"https://github.com/rcfdtools/R.GISMobile/tree/main/.poi/62/IMG_20260315_082408603_HDR.jpg",5.177257055555556,-74.19221494444444,1339.0,"http://maps.google.com/maps?q=5.177257055555556,-74.19221494444444","https://www.openstreetmap.org/query?lat=5.177257055555556&lon=-74.19221494444444"
"https://github.com/rcfdtools/R.GISMobile/tree/main/.poi/62/IMG_20260315_082411916_HDR.jpg",5.177257055555556,-74.19221494444444,1339.0,"http://maps.google.com/maps?q=5.177257055555556,-74.19221494444444","https://www.openstreetmap.org/query?lat=5.177257055555556&lon=-74.19221494444444"
"https://github.com/rcfdtools/R.GISMobile/tree/main/.poi/62/IMG_20260315_082417663_HDR.jpg",5.177257055555556,-74.19221494444444,1339.0,"http://maps.google.com/maps?q=5.177257055555556,-74.19221494444444","https://www.openstreetmap.org/query?lat=5.177257055555556&lon=-74.19221494444444"
"https://github.com/rcfdtools/R.GISMobile/tree/main/.poi/62/IMG_20260315_082420861.jpg",5.177257055555556,-74.19221494444444,1339.0,"http://maps.google.com/maps?q=5.177257055555556,-74.19221494444444","https://www.openstreetmap.org/query?lat=5.177257055555556&lon=-74.19221494444444"
"https://github.com/rcfdtools/R.GISMobile/tree/main/.poi/62/IMG_20260315_082424645.jpg",5.177257055555556,-74.19221494444444,1339.0,"http://maps.google.com/maps?q=5.177257055555556,-74.19221494444444","https://www.openstreetmap.org/query?lat=5.177257055555556&lon=-74.19221494444444"
"https://github.com/rcfdtools/R.GISMobile/tree/main/.poi/62/IMG_20260315_082730964_HDR.jpg",5.184796805555556,-74.19832611111111,1306.0,"http://maps.google.com/maps?q=5.184796805555556,-74.19832611111111","https://www.openstreetmap.org/query?lat=5.184796805555556&lon=-74.19832611111111"
"https://github.com/rcfdtools/R.GISMobile/tree/main/.poi/62/IMG_20260315_082748852_HDR.jpg",5.184796805555556,-74.19832611111111,1306.0,"http://maps.google.com/maps?q=5.184796805555556,-74.19832611111111","https://www.openstreetmap.org/query?lat=5.184796805555556&lon=-74.19832611111111"
"https://github.com/rcfdtools/R.GISMobile/tree/main/.poi/62/IMG_20260315_085902378.jpg",5.2296118611111115,-74.27925872222222,1044.0,"http://maps.google.com/maps?q=5.2296118611111115,-74.27925872222222","https://www.openstreetmap.org/query?lat=5.2296118611111115&lon=-74.27925872222222"
"https://github.com/rcfdtools/R.GISMobile/tree/main/.poi/62/IMG_20260315_085907539_HDR.jpg",5.2296118611111115,-74.27925872222222,1044.0,"http://maps.google.com/maps?q=5.2296118611111115,-74.27925872222222","https://www.openstreetmap.org/query?lat=5.2296118611111115&lon=-74.27925872222222"
"https://github.com/rcfdtools/R.GISMobile/tree/main/.poi/62/IMG_20260315_085910934.jpg",5.2296118611111115,-74.27925872222222,1044.0,"http://maps.google.com/maps?q=5.2296118611111115,-74.27925872222222","https://www.openstreetmap.org/query?lat=5.2296118611111115&lon=-74.27925872222222"
"https://github.com/rcfdtools/R.GISMobile/tree/main/.poi/62/IMG_20260315_085921155.jpg",5.2296118611111115,-74.27925872222222,1044.0,"http://maps.google.com/maps?q=5.2296118611111115,-74.27925872222222","https://www.openstreetmap.org/query?lat=5.2296118611111115&lon=-74.27925872222222"
"https://github.com/rcfdtools/R.GISMobile/tree/main/.poi/62/IMG_20260315_092416985_HDR.jpg",5.239573,-74.29395291666667,1021.0,"http://maps.google.com/maps?q=5.239573,-74.29395291666667","https://www.openstreetmap.org/query?lat=5.239573&lon=-74.29395291666667"
"https://github.com/rcfdtools/R.GISMobile/tree/main/.poi/62/IMG_20260315_092421549_HDR.jpg",5.239573,-74.29395291666667,1021.0,"http://maps.google.com/maps?q=5.239573,-74.29395291666667","https://www.openstreetmap.org/query?lat=5.239573&lon=-74.29395291666667"
"https://github.com/rcfdtools/R.GISMobile/tree/main/.poi/62/IMG_20260315_092524600_HDR.jpg",5.239630222222222,-74.29384611111111,1021.0,"http://maps.google.com/maps?q=5.239630222222222,-74.29384611111111","https://www.openstreetmap.org/query?lat=5.239630222222222&lon=-74.29384611111111"
"https://github.com/rcfdtools/R.GISMobile/tree/main/.poi/62/IMG_20260315_092751880_HDR.jpg",5.239902,-74.29411313888889,1021.0,"http://maps.google.com/maps?q=5.239902,-74.29411313888889","https://www.openstreetmap.org/query?lat=5.239902&lon=-74.29411313888889"
"https://github.com/rcfdtools/R.GISMobile/tree/main/.poi/62/IMG_20260315_095656774_HDR.jpg",5.239809972222222,-74.29364775,1023.0,"http://maps.google.com/maps?q=5.239809972222222,-74.29364775","https://www.openstreetmap.org/query?lat=5.239809972222222&lon=-74.29364775"
"https://github.com/rcfdtools/R.GISMobile/tree/main/.poi/62/IMG_20260315_095702196.jpg",5.239809972222222,-74.29364775,1023.0,"http://maps.google.com/maps?q=5.239809972222222,-74.29364775","https://www.openstreetmap.org/query?lat=5.239809972222222&lon=-74.29364775"
"https://github.com/rcfdtools/R.GISMobile/tree/main/.poi/62/IMG_20260315_100518219_HDR.jpg",5.240567194444444,-74.29377744444444,1051.0,"http://maps.google.com/maps?q=5.240567194444444,-74.29377744444444","https://www.openstreetmap.org/query?lat=5.240567194444444&lon=-74.29377744444444"
"https://github.com/rcfdtools/R.GISMobile/tree/main/.poi/62/IMG_20260315_100530096_HDR.jpg",5.240567194444444,-74.29377744444444,1051.0,"http://maps.google.com/maps?q=5.240567194444444,-74.29377744444444","https://www.openstreetmap.org/query?lat=5.240567194444444&lon=-74.29377744444444"
"https://github.com/rcfdtools/R.GISMobile/tree/main/.poi/62/IMG_20260315_100633597.jpg",5.240567194444444,-74.29377744444444,1035.0,"http://maps.google.com/maps?q=5.240567194444444,-74.29377744444444","https://www.openstreetmap.org/query?lat=5.240567194444444&lon=-74.29377744444444"
"https://github.com/rcfdtools/R.GISMobile/tree/main/.poi/62/IMG_20260315_100724892.jpg",5.240777944444445,-74.29407499999999,1051.0,"http://maps.google.com/maps?q=5.240777944444445,-74.29407499999999","https://www.openstreetmap.org/query?lat=5.240777944444445&lon=-74.29407499999999"
"https://github.com/rcfdtools/R.GISMobile/tree/main/.poi/62/IMG_20260315_100729690.jpg",5.240777944444445,-74.29407499999999,1051.0,"http://maps.google.com/maps?q=5.240777944444445,-74.29407499999999","https://www.openstreetmap.org/query?lat=5.240777944444445&lon=-74.29407499999999"
"https://github.com/rcfdtools/R.GISMobile/tree/main/.poi/62/IMG_20260315_100749528.jpg",5.240777944444445,-74.29407499999999,1051.0,"http://maps.google.com/maps?q=5.240777944444445,-74.29407499999999","https://www.openstreetmap.org/query?lat=5.240777944444445&lon=-74.29407499999999"
"https://github.com/rcfdtools/R.GISMobile/tree/main/.poi/62/IMG_20260315_100752877.jpg",5.240777944444445,-74.29407499999999,1051.0,"http://maps.google.com/maps?q=5.240777944444445,-74.29407499999999","https://www.openstreetmap.org/query?lat=5.240777944444445&lon=-74.29407499999999"
"https://github.com/rcfdtools/R.GISMobile/tree/main/.poi/62/IMG_20260315_100755555.jpg",5.240777944444445,-74.29407499999999,1051.0,"http://maps.google.com/maps?q=5.240777944444445,-74.29407499999999","https://www.openstreetmap.org/query?lat=5.240777944444445&lon=-74.29407499999999"
"https://github.com/rcfdtools/R.GISMobile/tree/main/.poi/62/IMG_20260315_100918955_HDR.jpg",5.240777944444445,-74.29407499999999,1051.0,"http://maps.google.com/maps?q=5.240777944444445,-74.29407499999999","https://www.openstreetmap.org/query?lat=5.240777944444445&lon=-74.29407499999999"
"https://github.com/rcfdtools/R.GISMobile/tree/main/.poi/62/IMG_20260315_100922582.jpg",5.241069777777778,-74.29374694444444,1043.0,"http://maps.google.com/maps?q=5.241069777777778,-74.29374694444444","https://www.openstreetmap.org/query?lat=5.241069777777778&lon=-74.29374694444444"
"https://github.com/rcfdtools/R.GISMobile/tree/main/.poi/62/IMG_20260315_101320851_HDR.jpg",5.240825166666666,-74.29381561111111,1043.0,"http://maps.google.com/maps?q=5.240825166666666,-74.29381561111111","https://www.openstreetmap.org/query?lat=5.240825166666666&lon=-74.29381561111111"
"https://github.com/rcfdtools/R.GISMobile/tree/main/.poi/62/IMG_20260315_101521416_HDR.jpg",5.239884833333333,-74.29386138888889,1030.0,"http://maps.google.com/maps?q=5.239884833333333,-74.29386138888889","https://www.openstreetmap.org/query?lat=5.239884833333333&lon=-74.29386138888889"
"https://github.com/rcfdtools/R.GISMobile/tree/main/.poi/62/IMG_20260315_101529629_HDR.jpg",5.239884833333333,-74.29386138888889,1030.0,"http://maps.google.com/maps?q=5.239884833333333,-74.29386138888889","https://www.openstreetmap.org/query?lat=5.239884833333333&lon=-74.29386138888889"
"https://github.com/rcfdtools/R.GISMobile/tree/main/.poi/62/IMG_20260315_102813412_HDR.jpg",5.2393479166666665,-74.29392241666666,1040.0,"http://maps.google.com/maps?q=5.2393479166666665,-74.29392241666666","https://www.openstreetmap.org/query?lat=5.2393479166666665&lon=-74.29392241666666"
"https://github.com/rcfdtools/R.GISMobile/tree/main/.poi/62/IMG_20260315_105051823.jpg",5.248744944444445,-74.29023741666667,1365.0,"http://maps.google.com/maps?q=5.248744944444445,-74.29023741666667","https://www.openstreetmap.org/query?lat=5.248744944444445&lon=-74.29023741666667"
"https://github.com/rcfdtools/R.GISMobile/tree/main/.poi/62/IMG_20260315_105123335_HDR.jpg",5.248744944444445,-74.29023741666667,1365.0,"http://maps.google.com/maps?q=5.248744944444445,-74.29023741666667","https://www.openstreetmap.org/query?lat=5.248744944444445&lon=-74.29023741666667"
"https://github.com/rcfdtools/R.GISMobile/tree/main/.poi/62/IMG_20260315_105134165.jpg",5.248744944444445,-74.29023741666667,1365.0,"http://maps.google.com/maps?q=5.248744944444445,-74.29023741666667","https://www.openstreetmap.org/query?lat=5.248744944444445&lon=-74.29023741666667"
"https://github.com/rcfdtools/R.GISMobile/tree/main/.poi/62/IMG_20260315_105209847.jpg",5.248744944444445,-74.29023741666667,1365.0,"http://maps.google.com/maps?q=5.248744944444445,-74.29023741666667","https://www.openstreetmap.org/query?lat=5.248744944444445&lon=-74.29023741666667"
"https://github.com/rcfdtools/R.GISMobile/tree/main/.poi/62/IMG_20260315_105234266.jpg",5.248744944444445,-74.29023741666667,1365.0,"http://maps.google.com/maps?q=5.248744944444445,-74.29023741666667","https://www.openstreetmap.org/query?lat=5.248744944444445&lon=-74.29023741666667"
"https://github.com/rcfdtools/R.GISMobile/tree/main/.poi/62/IMG_20260315_105247967.jpg",5.248744944444445,-74.29023741666667,1365.0,"http://maps.google.com/maps?q=5.248744944444445,-74.29023741666667","https://www.openstreetmap.org/query?lat=5.248744944444445&lon=-74.29023741666667"
"https://github.com/rcfdtools/R.GISMobile/tree/main/.poi/62/IMG_20260315_105315046.jpg",5.248994805555555,-74.29019163888888,1363.0,"http://maps.google.com/maps?q=5.248994805555555,-74.29019163888888","https://www.openstreetmap.org/query?lat=5.248994805555555&lon=-74.29019163888888"
"https://github.com/rcfdtools/R.GISMobile/tree/main/.poi/62/IMG_20260315_105352951_HDR.jpg",5.248967166666667,-74.29024505555556,1364.0,"http://maps.google.com/maps?q=5.248967166666667,-74.29024505555556","https://www.openstreetmap.org/query?lat=5.248967166666667&lon=-74.29024505555556"
"https://github.com/rcfdtools/R.GISMobile/tree/main/.poi/62/IMG_20260315_105448073.jpg",5.249067777777777,-74.29024505555556,1354.0,"http://maps.google.com/maps?q=5.249067777777777,-74.29024505555556","https://www.openstreetmap.org/query?lat=5.249067777777777&lon=-74.29024505555556"
"https://github.com/rcfdtools/R.GISMobile/tree/main/.poi/62/IMG_20260315_105543066.jpg",5.248968111111111,-74.29021452777778,1358.0,"http://maps.google.com/maps?q=5.248968111111111,-74.29021452777778","https://www.openstreetmap.org/query?lat=5.248968111111111&lon=-74.29021452777778"
"https://github.com/rcfdtools/R.GISMobile/tree/main/.poi/62/IMG_20260315_105605390_HDR.jpg",5.248968111111111,-74.29021452777778,1358.0,"http://maps.google.com/maps?q=5.248968111111111,-74.29021452777778","https://www.openstreetmap.org/query?lat=5.248968111111111&lon=-74.29021452777778"
"https://github.com/rcfdtools/R.GISMobile/tree/main/.poi/62/IMG_20260315_105700224_HDR.jpg",5.2487668888888885,-74.2899856388889,1362.0,"http://maps.google.com/maps?q=5.2487668888888885,-74.2899856388889","https://www.openstreetmap.org/query?lat=5.2487668888888885&lon=-74.2899856388889"
"https://github.com/rcfdtools/R.GISMobile/tree/main/.poi/62/IMG_20260315_113748655.jpg",5.241392111111111,-74.31108855555556,1030.0,"http://maps.google.com/maps?q=5.241392111111111,-74.31108855555556","https://www.openstreetmap.org/query?lat=5.241392111111111&lon=-74.31108855555556"
"https://github.com/rcfdtools/R.GISMobile/tree/main/.poi/62/IMG_20260315_113809348.jpg",5.2413477777777775,-74.31109616666666,1030.0,"http://maps.google.com/maps?q=5.2413477777777775,-74.31109616666666","https://www.openstreetmap.org/query?lat=5.2413477777777775&lon=-74.31109616666666"
"https://github.com/rcfdtools/R.GISMobile/tree/main/.poi/62/IMG_20260315_113822276.jpg",5.2413477777777775,-74.31109616666666,1030.0,"http://maps.google.com/maps?q=5.2413477777777775,-74.31109616666666","https://www.openstreetmap.org/query?lat=5.2413477777777775&lon=-74.31109616666666"
"https://github.com/rcfdtools/R.GISMobile/tree/main/.poi/62/IMG_20260315_113838046_HDR.jpg",5.2413477777777775,-74.31109616666666,1030.0,"http://maps.google.com/maps?q=5.2413477777777775,-74.31109616666666","https://www.openstreetmap.org/query?lat=5.2413477777777775&lon=-74.31109616666666"
"https://github.com/rcfdtools/R.GISMobile/tree/main/.poi/62/IMG_20260315_114026573.jpg",5.2414178611111115,-74.31080625,1028.0,"http://maps.google.com/maps?q=5.2414178611111115,-74.31080625","https://www.openstreetmap.org/query?lat=5.2414178611111115&lon=-74.31080625"
"https://github.com/rcfdtools/R.GISMobile/tree/main/.poi/62/IMG_20260315_114047123.jpg",5.2414178611111115,-74.31080625,1028.0,"http://maps.google.com/maps?q=5.2414178611111115,-74.31080625","https://www.openstreetmap.org/query?lat=5.2414178611111115&lon=-74.31080625"
"https://github.com/rcfdtools/R.GISMobile/tree/main/.poi/62/IMG_20260315_114109102_HDR.jpg",5.2414178611111115,-74.31080625,1028.0,"http://maps.google.com/maps?q=5.2414178611111115,-74.31080625","https://www.openstreetmap.org/query?lat=5.2414178611111115&lon=-74.31080625"
"https://github.com/rcfdtools/R.GISMobile/tree/main/.poi/62/IMG_20260315_140052160_HDR.jpg",5.2400197777777775,-74.29423522222223,1017.0,"http://maps.google.com/maps?q=5.2400197777777775,-74.29423522222223","https://www.openstreetmap.org/query?lat=5.2400197777777775&lon=-74.29423522222223"
"https://github.com/rcfdtools/R.GISMobile/tree/main/.poi/7/PXL_20230503_184309223.MP.jpg",4.532883333333333,-73.74623055555556,3127.2,"http://maps.google.com/maps?q=4.532883333333333,-73.74623055555556","https://www.openstreetmap.org/query?lat=4.532883333333333&lon=-73.74623055555556"
"https://github.com/rcfdtools/R.GISMobile/tree/main/.poi/7/PXL_20230503_184325201.jpg",4.532883333333333,-73.74623055555556,3127.2,"http://maps.google.com/maps?q=4.532883333333333,-73.74623055555556","https://www.openstreetmap.org/query?lat=4.532883333333333&lon=-73.74623055555556"
"https://github.com/rcfdtools/R.GISMobile/tree/main/.poi/7/PXL_20230503_184338132.jpg",4.532883333333333,-73.74623055555556,3127.2,"http://maps.google.com/maps?q=4.532883333333333,-73.74623055555556","https://www.openstreetmap.org/query?lat=4.532883333333333&lon=-73.74623055555556"
"https://github.com/rcfdtools/R.GISMobile/tree/main/.poi/7/PXL_20230503_184357380.jpg",4.532883333333333,-73.74623055555556,3127.2,"http://maps.google.com/maps?q=4.532883333333333,-73.74623055555556","https://www.openstreetmap.org/query?lat=4.532883333333333&lon=-73.74623055555556"
"https://github.com/rcfdtools/R.GISMobile/tree/main/.poi/7/PXL_20230503_184402697.jpg",4.532883333333333,-73.74623055555556,3127.2,"http://maps.google.com/maps?q=4.532883333333333,-73.74623055555556","https://www.openstreetmap.org/query?lat=4.532883333333333&lon=-73.74623055555556"
"https://github.com/rcfdtools/R.GISMobile/tree/main/.poi/7/PXL_20230503_185629860.jpg",4.536822222222222,-73.72716944444444,3082.67,"http://maps.google.com/maps?q=4.536822222222222,-73.72716944444444","https://www.openstreetmap.org/query?lat=4.536822222222222&lon=-73.72716944444444"
"https://github.com/rcfdtools/R.GISMobile/tree/main/.poi/7/PXL_20230503_185652342.jpg",4.536961111111111,-73.72752777777778,3082.67,"http://maps.google.com/maps?q=4.536961111111111,-73.72752777777778","https://www.openstreetmap.org/query?lat=4.536961111111111&lon=-73.72752777777778"
"https://github.com/rcfdtools/R.GISMobile/tree/main/.poi/7/PXL_20230503_185701012.jpg",4.536961111111111,-73.72752777777778,3082.67,"http://maps.google.com/maps?q=4.536961111111111,-73.72752777777778","https://www.openstreetmap.org/query?lat=4.536961111111111&lon=-73.72752777777778"
"https://github.com/rcfdtools/R.GISMobile/tree/main/.poi/7/PXL_20230503_185704921.jpg",4.536961111111111,-73.72752777777778,3082.67,"http://maps.google.com/maps?q=4.536961111111111,-73.72752777777778","https://www.openstreetmap.org/query?lat=4.536961111111111&lon=-73.72752777777778"
"https://github.com/rcfdtools/R.GISMobile/tree/main/.poi/7/PXL_20230503_185847285.jpg",4.536961111111111,-73.72752777777778,3082.67,"http://maps.google.com/maps?q=4.536961111111111,-73.72752777777778","https://www.openstreetmap.org/query?lat=4.536961111111111&lon=-73.72752777777778"
"https://github.com/rcfdtools/R.GISMobile/tree/main/.poi/7/PXL_20230503_185849518.jpg",4.536961111111111,-73.72752777777778,3082.67,"http://maps.google.com/maps?q=4.536961111111111,-73.72752777777778","https://www.openstreetmap.org/query?lat=4.536961111111111&lon=-73.72752777777778"
"https://github.com/rcfdtools/R.GISMobile/tree/main/.poi/7/PXL_20230503_190024766.jpg",4.537927777777778,-73.72825833333333,3074.0,"http://maps.google.com/maps?q=4.537927777777778,-73.72825833333333","https://www.openstreetmap.org/query?lat=4.537927777777778&lon=-73.72825833333333"
"https://github.com/rcfdtools/R.GISMobile/tree/main/.poi/7/PXL_20230503_190026647.jpg",4.537927777777778,-73.72825833333333,3074.0,"http://maps.google.com/maps?q=4.537927777777778,-73.72825833333333","https://www.openstreetmap.org/query?lat=4.537927777777778&lon=-73.72825833333333"
"https://github.com/rcfdtools/R.GISMobile/tree/main/.poi/7/PXL_20230503_190031280.jpg",4.537927777777778,-73.72825833333333,3074.0,"http://maps.google.com/maps?q=4.537927777777778,-73.72825833333333","https://www.openstreetmap.org/query?lat=4.537927777777778&lon=-73.72825833333333"
"https://github.com/rcfdtools/R.GISMobile/tree/main/.poi/7/PXL_20230503_190041399.jpg",4.537927777777778,-73.72825833333333,3074.0,"http://maps.google.com/maps?q=4.537927777777778,-73.72825833333333","https://www.openstreetmap.org/query?lat=4.537927777777778&lon=-73.72825833333333"
"https://github.com/rcfdtools/R.GISMobile/tree/main/.poi/7/PXL_20230503_190046534.jpg",4.537927777777778,-73.72825833333333,3074.0,"http://maps.google.com/maps?q=4.537927777777778,-73.72825833333333","https://www.openstreetmap.org/query?lat=4.537927777777778&lon=-73.72825833333333"
"https://github.com/rcfdtools/R.GISMobile/tree/main/.poi/7/PXL_20230503_190049713.jpg",4.537927777777778,-73.72825833333333,3074.0,"http://maps.google.com/maps?q=4.537927777777778,-73.72825833333333","https://www.openstreetmap.org/query?lat=4.537927777777778&lon=-73.72825833333333"
"https://github.com/rcfdtools/R.GISMobile/tree/main/.poi/7/PXL_20230503_190052111.jpg",4.537927777777778,-73.72825833333333,3074.0,"http://maps.google.com/maps?q=4.537927777777778,-73.72825833333333","https://www.openstreetmap.org/query?lat=4.537927777777778&lon=-73.72825833333333"
"https://github.com/rcfdtools/R.GISMobile/tree/main/.poi/7/PXL_20230503_190409373.jpg",4.537886111111111,-73.72831111111111,3076.09,"http://maps.google.com/maps?q=4.537886111111111,-73.72831111111111","https://www.openstreetmap.org/query?lat=4.537886111111111&lon=-73.72831111111111"
"https://github.com/rcfdtools/R.GISMobile/tree/main/.poi/7/PXL_20230503_190416001.jpg",4.538080555555555,-73.72840277777777,3071.96,"http://maps.google.com/maps?q=4.538080555555555,-73.72840277777777","https://www.openstreetmap.org/query?lat=4.538080555555555&lon=-73.72840277777777"
"https://github.com/rcfdtools/R.GISMobile/tree/main/.poi/7/PXL_20230503_190425338.jpg",4.538080555555555,-73.72840277777777,3071.96,"http://maps.google.com/maps?q=4.538080555555555,-73.72840277777777","https://www.openstreetmap.org/query?lat=4.538080555555555&lon=-73.72840277777777"
"https://github.com/rcfdtools/R.GISMobile/tree/main/.poi/7/PXL_20230503_190635486.jpg",4.538080555555555,-73.72840277777777,3071.96,"http://maps.google.com/maps?q=4.538080555555555,-73.72840277777777","https://www.openstreetmap.org/query?lat=4.538080555555555&lon=-73.72840277777777"
"https://github.com/rcfdtools/R.GISMobile/tree/main/.poi/7/PXL_20230503_190658257.jpg",4.537613888888889,-73.72939166666667,3081.84,"http://maps.google.com/maps?q=4.537613888888889,-73.72939166666667","https://www.openstreetmap.org/query?lat=4.537613888888889&lon=-73.72939166666667"
"https://github.com/rcfdtools/R.GISMobile/tree/main/.poi/7/PXL_20230503_191225766.jpg",4.537811111111111,-73.72921388888889,3081.68,"http://maps.google.com/maps?q=4.537811111111111,-73.72921388888889","https://www.openstreetmap.org/query?lat=4.537811111111111&lon=-73.72921388888889"
"https://github.com/rcfdtools/R.GISMobile/tree/main/.poi/7/PXL_20230503_192623236.jpg",4.537811111111111,-73.72921388888889,3081.68,"http://maps.google.com/maps?q=4.537811111111111,-73.72921388888889","https://www.openstreetmap.org/query?lat=4.537811111111111&lon=-73.72921388888889"
"https://github.com/rcfdtools/R.GISMobile/tree/main/.poi/8/2013-07-03_15.37.12.jpg",9.5593278,-73.4585915,71.31,"http://maps.google.com/maps?q=9.5593278,-73.4585915","https://www.openstreetmap.org/query?lat=9.5593278&lon=-73.4585915"
"https://github.com/rcfdtools/R.GISMobile/tree/main/.poi/8/2013-07-03_15.37.24.jpg",9.5593278,-73.4585915,71.31,"http://maps.google.com/maps?q=9.5593278,-73.4585915","https://www.openstreetmap.org/query?lat=9.5593278&lon=-73.4585915"
"https://github.com/rcfdtools/R.GISMobile/tree/main/.poi/8/2013-07-03_15.37.32.jpg",9.5593278,-73.4585915,71.31,"http://maps.google.com/maps?q=9.5593278,-73.4585915","https://www.openstreetmap.org/query?lat=9.5593278&lon=-73.4585915"
"https://github.com/rcfdtools/R.GISMobile/tree/main/.poi/8/2013-07-03_15.37.54.jpg",9.5593278,-73.4585915,71.31,"http://maps.google.com/maps?q=9.5593278,-73.4585915","https://www.openstreetmap.org/query?lat=9.5593278&lon=-73.4585915"
"https://github.com/rcfdtools/R.GISMobile/tree/main/.poi/8/2013-07-03_15.37.57.jpg",9.5593278,-73.4585915,71.31,"http://maps.google.com/maps?q=9.5593278,-73.4585915","https://www.openstreetmap.org/query?lat=9.5593278&lon=-73.4585915"
"https://github.com/rcfdtools/R.GISMobile/tree/main/.poi/8/2013-07-03_15.38.01.jpg",9.5593278,-73.4585915,71.31,"http://maps.google.com/maps?q=9.5593278,-73.4585915","https://www.openstreetmap.org/query?lat=9.5593278&lon=-73.4585915"
"https://github.com/rcfdtools/R.GISMobile/tree/main/.poi/8/2013-07-03_15.38.05.jpg",9.5593278,-73.4585915,71.31,"http://maps.google.com/maps?q=9.5593278,-73.4585915","https://www.openstreetmap.org/query?lat=9.5593278&lon=-73.4585915"
"https://github.com/rcfdtools/R.GISMobile/tree/main/.poi/8/2013-07-03_15.38.29.jpg",9.5593278,-73.4585915,71.31,"http://maps.google.com/maps?q=9.5593278,-73.4585915","https://www.openstreetmap.org/query?lat=9.5593278&lon=-73.4585915"
"https://github.com/rcfdtools/R.GISMobile/tree/main/.poi/8/2013-07-03_15.38.33.jpg",9.5593278,-73.4585915,71.31,"http://maps.google.com/maps?q=9.5593278,-73.4585915","https://www.openstreetmap.org/query?lat=9.5593278&lon=-73.4585915"
"https://github.com/rcfdtools/R.GISMobile/tree/main/.poi/8/2013-07-03_15.38.55.jpg",9.5593278,-73.4585915,71.31,"http://maps.google.com/maps?q=9.5593278,-73.4585915","https://www.openstreetmap.org/query?lat=9.5593278&lon=-73.4585915"
"https://github.com/rcfdtools/R.GISMobile/tree/main/.poi/8/2013-07-03_15.39.42.jpg",9.5593278,-73.4585915,71.31,"http://maps.google.com/maps?q=9.5593278,-73.4585915","https://www.openstreetmap.org/query?lat=9.5593278&lon=-73.4585915"
"https://github.com/rcfdtools/R.GISMobile/tree/main/.poi/8/2013-07-03_15.39.48.jpg",9.5593278,-73.4585915,71.31,"http://maps.google.com/maps?q=9.5593278,-73.4585915","https://www.openstreetmap.org/query?lat=9.5593278&lon=-73.4585915"
"https://github.com/rcfdtools/R.GISMobile/tree/main/.poi/8/2013-07-03__15.37.15.jpg",9.5593278,-73.4585915,71.31,"http://maps.google.com/maps?q=9.5593278,-73.4585915","https://www.openstreetmap.org/query?lat=9.5593278&lon=-73.4585915"
"https://github.com/rcfdtools/R.GISMobile/tree/main/.poi/8/2013-07-03__15.38.10.jpg",9.5593278,-73.4585915,71.31,"http://maps.google.com/maps?q=9.5593278,-73.4585915","https://www.openstreetmap.org/query?lat=9.5593278&lon=-73.4585915"
"https://github.com/rcfdtools/R.GISMobile/tree/main/.poi/8/2013-07-03__15.38.18.jpg",9.5593278,-73.4585915,71.31,"http://maps.google.com/maps?q=9.5593278,-73.4585915","https://www.openstreetmap.org/query?lat=9.5593278&lon=-73.4585915"
"https://github.com/rcfdtools/R.GISMobile/tree/main/.poi/8/2013-07-03__15.38.55.jpg",9.5593278,-73.4585915,71.31,"http://maps.google.com/maps?q=9.5593278,-73.4585915","https://www.openstreetmap.org/query?lat=9.5593278&lon=-73.4585915"
"https://github.com/rcfdtools/R.GISMobile/tree/main/.poi/8/2013-07-03__15.39.42.jpg",9.5593278,-73.4585915,71.31,"http://maps.google.com/maps?q=9.5593278,-73.4585915","https://www.openstreetmap.org/query?lat=9.5593278&lon=-73.4585915"
"https://github.com/rcfdtools/R.GISMobile/tree/main/.poi/8/2013-07-03__15.49.46.jpg",9.5532847,-73.4642336,70.18,"http://maps.google.com/maps?q=9.5532847,-73.4642336","https://www.openstreetmap.org/query?lat=9.5532847&lon=-73.4642336"
"https://github.com/rcfdtools/R.GISMobile/tree/main/.poi/8/2013-07-03__15.52.55.jpg",9.5473956,-73.4651775,62.78,"http://maps.google.com/maps?q=9.5473956,-73.4651775","https://www.openstreetmap.org/query?lat=9.5473956&lon=-73.4651775"
"https://github.com/rcfdtools/R.GISMobile/tree/main/.poi/8/2013-07-03__15.52.58.jpg",9.5473956,-73.4651775,62.78,"http://maps.google.com/maps?q=9.5473956,-73.4651775","https://www.openstreetmap.org/query?lat=9.5473956&lon=-73.4651775"
"https://github.com/rcfdtools/R.GISMobile/tree/main/.poi/8/2013-07-03__15.53.02.jpg",9.5473956,-73.4651775,62.78,"http://maps.google.com/maps?q=9.5473956,-73.4651775","https://www.openstreetmap.org/query?lat=9.5473956&lon=-73.4651775"
"https://github.com/rcfdtools/R.GISMobile/tree/main/.poi/8/2013-07-03__15.53.09.jpg",9.5473956,-73.4651775,62.78,"http://maps.google.com/maps?q=9.5473956,-73.4651775","https://www.openstreetmap.org/query?lat=9.5473956&lon=-73.4651775"
"https://github.com/rcfdtools/R.GISMobile/tree/main/.poi/8/2013-07-03__15.53.19.jpg",9.5473956,-73.4651775,62.78,"http://maps.google.com/maps?q=9.5473956,-73.4651775","https://www.openstreetmap.org/query?lat=9.5473956&lon=-73.4651775"
"https://github.com/rcfdtools/R.GISMobile/tree/main/.poi/8/2013-07-03__15.53.54.jpg",9.5473956,-73.4651775,62.78,"http://maps.google.com/maps?q=9.5473956,-73.4651775","https://www.openstreetmap.org/query?lat=9.5473956&lon=-73.4651775"
"https://github.com/rcfdtools/R.GISMobile/tree/main/.poi/8/2013-07-03__15.53.56.jpg",9.5473956,-73.4651775,62.78,"http://maps.google.com/maps?q=9.5473956,-73.4651775","https://www.openstreetmap.org/query?lat=9.5473956&lon=-73.4651775"
"https://github.com/rcfdtools/R.GISMobile/tree/main/.poi/8/2013-07-03__15.53.59.jpg",9.5473956,-73.4651775,62.78,"http://maps.google.com/maps?q=9.5473956,-73.4651775","https://www.openstreetmap.org/query?lat=9.5473956&lon=-73.4651775"
"https://github.com/rcfdtools/R.GISMobile/tree/main/.poi/8/2013-07-03__15.54.03.jpg",9.5473956,-73.4651775,62.78,"http://maps.google.com/maps?q=9.5473956,-73.4651775","https://www.openstreetmap.org/query?lat=9.5473956&lon=-73.4651775"
"https://github.com/rcfdtools/R.GISMobile/tree/main/.poi/8/2013-07-03__15.56.38.jpg",9.5430555,-73.4646806,68.02,"http://maps.google.com/maps?q=9.5430555,-73.4646806","https://www.openstreetmap.org/query?lat=9.5430555&lon=-73.4646806"
"https://github.com/rcfdtools/R.GISMobile/tree/main/.poi/8/2013-07-03__15.56.57.jpg",9.5430555,-73.4646806,68.02,"http://maps.google.com/maps?q=9.5430555,-73.4646806","https://www.openstreetmap.org/query?lat=9.5430555&lon=-73.4646806"
"https://github.com/rcfdtools/R.GISMobile/tree/main/.poi/8/2013-07-03__15.57.06.jpg",9.5430555,-73.4646806,68.02,"http://maps.google.com/maps?q=9.5430555,-73.4646806","https://www.openstreetmap.org/query?lat=9.5430555&lon=-73.4646806"
"https://github.com/rcfdtools/R.GISMobile/tree/main/.poi/9/2013-07-03_15.48.23.jpg",9.5532847,-73.4642336,70.18,"http://maps.google.com/maps?q=9.5532847,-73.4642336","https://www.openstreetmap.org/query?lat=9.5532847&lon=-73.4642336"
"https://github.com/rcfdtools/R.GISMobile/tree/main/.poi/9/2013-07-03_15.48.54.jpg",9.5532847,-73.4642336,70.18,"http://maps.google.com/maps?q=9.5532847,-73.4642336","https://www.openstreetmap.org/query?lat=9.5532847&lon=-73.4642336"
"https://github.com/rcfdtools/R.GISMobile/tree/main/.poi/9/2013-07-03_15.48.57.jpg",9.5532847,-73.4642336,70.18,"http://maps.google.com/maps?q=9.5532847,-73.4642336","https://www.openstreetmap.org/query?lat=9.5532847&lon=-73.4642336"
"https://github.com/rcfdtools/R.GISMobile/tree/main/.poi/9/2013-07-03_15.49.00.jpg",9.5532847,-73.4642336,70.18,"http://maps.google.com/maps?q=9.5532847,-73.4642336","https://www.openstreetmap.org/query?lat=9.5532847&lon=-73.4642336"
"https://github.com/rcfdtools/R.GISMobile/tree/main/.poi/9/2013-07-03_15.49.16.jpg",9.5532847,-73.4642336,70.18,"http://maps.google.com/maps?q=9.5532847,-73.4642336","https://www.openstreetmap.org/query?lat=9.5532847&lon=-73.4642336"
"https://github.com/rcfdtools/R.GISMobile/tree/main/.poi/9/2013-07-03_15.49.20.jpg",9.5532847,-73.4642336,70.18,"http://maps.google.com/maps?q=9.5532847,-73.4642336","https://www.openstreetmap.org/query?lat=9.5532847&lon=-73.4642336"
"https://github.com/rcfdtools/R.GISMobile/tree/main/.poi/9/2013-07-03_15.49.25.jpg",9.5532847,-73.4642336,70.18,"http://maps.google.com/maps?q=9.5532847,-73.4642336","https://www.openstreetmap.org/query?lat=9.5532847&lon=-73.4642336"
"https://github.com/rcfdtools/R.GISMobile/tree/main/.poi/9/2013-07-03_15.49.33.jpg",9.5532847,-73.4642336,70.18,"http://maps.google.com/maps?q=9.5532847,-73.4642336","https://www.openstreetmap.org/query?lat=9.5532847&lon=-73.4642336"
"https://github.com/rcfdtools/R.GISMobile/tree/main/.poi/9/2013-07-03__14.51.29.jpg",9.5357478,-73.4476367,140.72,"http://maps.google.com/maps?q=9.5357478,-73.4476367","https://www.openstreetmap.org/query?lat=9.5357478&lon=-73.4476367"
"https://github.com/rcfdtools/R.GISMobile/tree/main/.poi/9/2013-07-03__14.51.34.jpg",9.5365286,-73.4455898,149.1,"http://maps.google.com/maps?q=9.5365286,-73.4455898","https://www.openstreetmap.org/query?lat=9.5365286&lon=-73.4455898"
"https://github.com/rcfdtools/R.GISMobile/tree/main/.poi/9/2013-07-03__14.51.39.jpg",9.537349,-73.4451024,148.85,"http://maps.google.com/maps?q=9.537349,-73.4451024","https://www.openstreetmap.org/query?lat=9.537349&lon=-73.4451024"
"https://github.com/rcfdtools/R.GISMobile/tree/main/.poi/9/2013-07-03__14.51.44.jpg",9.5382448,-73.4453717,145.59,"http://maps.google.com/maps?q=9.5382448,-73.4453717","https://www.openstreetmap.org/query?lat=9.5382448&lon=-73.4453717"
"https://github.com/rcfdtools/R.GISMobile/tree/main/.poi/9/2013-07-03__15.47.44.jpg",9.5532847,-73.4642336,70.18,"http://maps.google.com/maps?q=9.5532847,-73.4642336","https://www.openstreetmap.org/query?lat=9.5532847&lon=-73.4642336"
"https://github.com/rcfdtools/R.GISMobile/tree/main/.poi/9/2013-07-03__15.47.52.jpg",9.5532847,-73.4642336,70.18,"http://maps.google.com/maps?q=9.5532847,-73.4642336","https://www.openstreetmap.org/query?lat=9.5532847&lon=-73.4642336"
"https://github.com/rcfdtools/R.GISMobile/tree/main/.poi/9/2013-07-03__15.48.01.jpg",9.5532847,-73.4642336,70.18,"http://maps.google.com/maps?q=9.5532847,-73.4642336","https://www.openstreetmap.org/query?lat=9.5532847&lon=-73.4642336"
"https://github.com/rcfdtools/R.GISMobile/tree/main/.poi/9/2013-07-03__15.48.09.jpg",9.5532847,-73.4642336,70.18,"http://maps.google.com/maps?q=9.5532847,-73.4642336","https://www.openstreetmap.org/query?lat=9.5532847&lon=-73.4642336"
"https://github.com/rcfdtools/R.GISMobile/tree/main/.poi/9/2013-07-03__15.48.23.jpg",9.5532847,-73.4642336,70.18,"http://maps.google.com/maps?q=9.5532847,-73.4642336","https://www.openstreetmap.org/query?lat=9.5532847&lon=-73.4642336"
"https://github.com/rcfdtools/R.GISMobile/tree/main/.poi/9/2013-07-03__15.48.41.jpg",9.5532847,-73.4642336,70.18,"http://maps.google.com/maps?q=9.5532847,-73.4642336","https://www.openstreetmap.org/query?lat=9.5532847&lon=-73.4642336"
"https://github.com/rcfdtools/R.GISMobile/tree/main/.poi/9/2013-07-03__15.48.54.jpg",9.5532847,-73.4642336,70.18,"http://maps.google.com/maps?q=9.5532847,-73.4642336","https://www.openstreetmap.org/query?lat=9.5532847&lon=-73.4642336"
"https://github.com/rcfdtools/R.GISMobile/tree/main/.poi/9/2013-07-03__15.48.57.jpg",9.5532847,-73.4642336,70.18,"http://maps.google.com/maps?q=9.5532847,-73.4642336","https://www.openstreetmap.org/query?lat=9.5532847&lon=-73.4642336"
"https://github.com/rcfdtools/R.GISMobile/tree/main/.poi/9/2013-07-03__15.49.00.jpg",9.5532847,-73.4642336,70.18,"http://maps.google.com/maps?q=9.5532847,-73.4642336","https://www.openstreetmap.org/query?lat=9.5532847&lon=-73.4642336"
"https://github.com/rcfdtools/R.GISMobile/tree/main/.poi/9/2013-07-03__15.49.16.jpg",9.5532847,-73.4642336,70.18,"http://maps.google.com/maps?q=9.5532847,-73.4642336","https://www.openstreetmap.org/query?lat=9.5532847&lon=-73.4642336"
"https://github.com/rcfdtools/R.GISMobile/tree/main/.poi/9/2013-07-03__15.49.20.jpg",9.5532847,-73.4642336,70.18,"http://maps.google.com/maps?q=9.5532847,-73.4642336","https://www.openstreetmap.org/query?lat=9.5532847&lon=-73.4642336"
"https://github.com/rcfdtools/R.GISMobile/tree/main/.poi/9/2013-07-03__15.49.25.jpg",9.5532847,-73.4642336,70.18,"http://maps.google.com/maps?q=9.5532847,-73.4642336","https://www.openstreetmap.org/query?lat=9.5532847&lon=-73.4642336"
"https://github.com/rcfdtools/R.GISMobile/tree/main/.poi/9/2013-07-03__15.49.33.jpg",9.5532847,-73.4642336,70.18,"http://maps.google.com/maps?q=9.5532847,-73.4642336","https://www.openstreetmap.org/query?lat=9.5532847&lon=-73.4642336"
