CountyID,FilePath,Filename,SizeMB
00000,\shp,00000_OSM_Road_202608.zip,1.68
00000,\shp,00000_Rural_Lot_202001.zip,0.05
00000,\shp,00000_Urban_Lot_202001.zip,0.01
00000,\shp,00000_Urban_Nomenclature_Road_202606.zip,0.08
00000,\shp,00000_Urban_Perimeter_202606.zip,0.0
01000,\shp,01000_Urban_Block_202606.zip,0.0
01000,\shp,01000_Urban_Lot_202606.zip,0.0
01000,\shp,01000_Urban_Nomenclature_202606.zip,0.0
02433,\shp,02433_Rural_Lot_202001.zip,0.0
05001,\shp,05001_Building_202608.rar,96.21
05001,\shp,05001_Building_202608.zip,0.0
05001,\shp,05001_Lot_202608.zip,85.64
05001,\shp,05001_OSM_Road_202608.zip,4.85
05002,\shp,05002_District_202608.zip,0.67
05002,\shp,05002_Limit_202608.zip,0.41
05002,\shp,05002_OSM_Road_202608.zip,0.36
05002,\shp,05002_Rural_Lot_202608.zip,11.33
05002,\shp,05002_Rural_Vereda_202608.zip,1.73
05002,\shp,05002_Urban_Lot_202608.zip,0.6
05002,\shp,05002_Urban_Neighborhood_202608.zip,0.0
05004,\shp,05004_District_202608.zip,0.06
05004,\shp,05004_Limit_202608.zip,0.04
05004,\shp,05004_OSM_Road_202608.zip,0.05
05004,\shp,05004_Rural_Lot_202608.zip,0.91
05004,\shp,05004_Rural_Vereda_202608.zip,0.15
05004,\shp,05004_Urban_Lot_202608.zip,0.05
05004,\shp,05004_Urban_Neighborhood_202608.zip,0.01
05021,\shp,05021_District_202608.zip,0.13
05021,\shp,05021_Limit_202608.zip,0.12
05021,\shp,05021_OSM_Road_202608.zip,0.05
05021,\shp,05021_Rural_Lot_202608.zip,2.82
05021,\shp,05021_Rural_Vereda_202608.zip,0.37
05021,\shp,05021_Urban_Lot_202608.zip,0.17
05021,\shp,05021_Urban_Neighborhood_202608.zip,0.01
05030,\shp,05030_District_202608.zip,0.41
05030,\shp,05030_Limit_202608.zip,0.08
05030,\shp,05030_OSM_Road_202608.zip,0.19
05030,\shp,05030_Rural_Lot_202608.zip,4.45
05030,\shp,05030_Rural_Vereda_202608.zip,0.46
05030,\shp,05030_Urban_Lot_202608.zip,2.07
05030,\shp,05030_Urban_Neighborhood_202608.zip,0.07
05031,\shp,05031_District_202608.zip,0.86
05031,\shp,05031_Limit_202608.zip,0.67
05031,\shp,05031_OSM_Road_202608.zip,0.32
05031,\shp,05031_Rural_Lot_202608.zip,17.45
05031,\shp,05031_Rural_Vereda_202608.zip,3.18
05031,\shp,05031_Urban_Lot_202608.zip,0.83
05031,\shp,05031_Urban_Neighborhood_202608.zip,0.08
05034,\shp,05034_District_202608.zip,0.39
05034,\shp,05034_Limit_202608.zip,0.1
05034,\shp,05034_OSM_Road_202608.zip,0.37
05034,\shp,05034_Rural_Lot_202608.zip,8.03
05034,\shp,05034_Rural_Vereda_202608.zip,1.35
05034,\shp,05034_Urban_Lot_202608.zip,0.82
05034,\shp,05034_Urban_Neighborhood_202608.zip,0.07
05036,\shp,05036_District_202608.zip,0.06
05036,\shp,05036_Limit_202608.zip,0.06
05036,\shp,05036_OSM_Road_202608.zip,0.07
05036,\shp,05036_Rural_Lot_202608.zip,0.63
05036,\shp,05036_Rural_Vereda_202608.zip,0.12
05036,\shp,05036_Urban_Lot_202608.zip,0.2
05036,\shp,05036_Urban_Neighborhood_202608.zip,0.02
05038,\shp,05038_District_202608.zip,0.07
05038,\shp,05038_Limit_202608.zip,0.05
05038,\shp,05038_OSM_Road_202608.zip,0.18
05038,\shp,05038_Rural_Lot_202608.zip,1.76
05038,\shp,05038_Rural_Vereda_202608.zip,0.23
05038,\shp,05038_Urban_Lot_202608.zip,0.12
05038,\shp,05038_Urban_Neighborhood_202608.zip,0.01
05040,\shp,05040_District_202608.zip,0.26
05040,\shp,05040_Limit_202608.zip,0.17
05040,\shp,05040_OSM_Road_202608.zip,0.19
05040,\shp,05040_Rural_Lot_202608.zip,4.63
05040,\shp,05040_Rural_Vereda_202608.zip,1.18
05040,\shp,05040_Urban_Lot_202608.zip,0.39
05040,\shp,05040_Urban_Neighborhood_202608.zip,0.04
05042,\shp,05042_District_202608.zip,0.18
05042,\shp,05042_Limit_202608.zip,0.16
05042,\shp,05042_OSM_Road_202608.zip,0.26
05042,\shp,05042_Rural_Lot_202608.zip,15.96
05042,\shp,05042_Rural_Vereda_202608.zip,1.69
05042,\shp,05042_Urban_Lot_202608.zip,1.85
05042,\shp,05042_Urban_Neighborhood_202608.zip,0.02
05044,\shp,05044_District_202608.zip,0.12
05044,\shp,05044_Limit_202608.zip,0.07
05044,\shp,05044_OSM_Road_202608.zip,0.1
05044,\shp,05044_Rural_Lot_202608.zip,1.99
05044,\shp,05044_Rural_Vereda_202608.zip,0.31
05044,\shp,05044_Urban_Lot_202608.zip,0.08
05044,\shp,05044_Urban_Neighborhood_202608.zip,0.02
05045,\shp,05045_District_202608.zip,0.46
05045,\shp,05045_Limit_202608.zip,0.2
05045,\shp,05045_OSM_Road_202608.zip,0.25
05045,\shp,05045_Rural_Lot_202608.zip,7.1
05045,\shp,05045_Rural_Vereda_202608.zip,0.94
05045,\shp,05045_Urban_Lot_202608.zip,4.64
05045,\shp,05045_Urban_Neighborhood_202608.zip,0.11
05051,\shp,05051_District_202608.zip,0.29
05051,\shp,05051_Limit_202608.zip,0.16
05051,\shp,05051_OSM_Road_202608.zip,0.16
05051,\shp,05051_Rural_Lot_202608.zip,3.73
05051,\shp,05051_Rural_Vereda_202608.zip,0.51
05051,\shp,05051_Urban_Lot_202608.zip,0.55
05051,\shp,05051_Urban_Neighborhood_202608.zip,0.02
05055,\shp,05055_District_202608.zip,0.04
05055,\shp,05055_Limit_202608.zip,0.04
05055,\shp,05055_OSM_Road_202608.zip,0.08
05055,\shp,05055_Rural_Lot_202608.zip,1.34
05055,\shp,05055_Rural_Vereda_202608.zip,0.19
05055,\shp,05055_Urban_Lot_202608.zip,0.18
05055,\shp,05055_Urban_Neighborhood_202608.zip,0.01
05059,\shp,05059_District_202608.zip,0.23
05059,\shp,05059_Limit_202608.zip,0.12
05059,\shp,05059_OSM_Road_202608.zip,0.04
05059,\shp,05059_Rural_Lot_202608.zip,1.83
05059,\shp,05059_Rural_Vereda_202608.zip,0.31
05059,\shp,05059_Urban_Lot_202608.zip,0.3
05059,\shp,05059_Urban_Neighborhood_202608.zip,0.02
05079,\shp,05079_OSM_Road_202608.zip,0.58
05079,\shp,05079_Rural_Building_202608.zip,2.52
05079,\shp,05079_Rural_Lot_202608.zip,7.05
05079,\shp,05079_Urban_Building_202608.zip,1.26
05079,\shp,05079_Urban_Lot_202608.zip,0.57
05086,\shp,05086_District_202608.zip,0.13
05086,\shp,05086_Limit_202608.zip,0.13
05086,\shp,05086_OSM_Road_202608.zip,0.14
05086,\shp,05086_Rural_Lot_202608.zip,2.89
05086,\shp,05086_Rural_Vereda_202608.zip,0.33
05086,\shp,05086_Urban_Lot_202608.zip,0.1
05086,\shp,05086_Urban_Neighborhood_202608.zip,0.02
05088,\shp,05088_OSM_Road_202608.zip,0.77
05088,\shp,05088_Rural_Building_202608.zip,1.62
05088,\shp,05088_Rural_Lot_202608.zip,2.78
05088,\shp,05088_Urban_Building_202608.zip,22.35
05088,\shp,05088_Urban_Lot_202608.zip,9.62
05091,\shp,05091_District_202608.zip,0.11
05091,\shp,05091_Limit_202608.zip,0.09
05091,\shp,05091_OSM_Road_202608.zip,0.14
05091,\shp,05091_Rural_Lot_202608.zip,3.18
05091,\shp,05091_Rural_Vereda_202608.zip,0.44
05091,\shp,05091_Urban_Lot_202608.zip,0.19
05091,\shp,05091_Urban_Neighborhood_202608.zip,0.01
05093,\shp,05093_District_202608.zip,0.01
05093,\shp,05093_Limit_202608.zip,0.07
05093,\shp,05093_OSM_Road_202608.zip,0.18
05093,\shp,05093_Rural_Lot_202608.zip,2.58
05093,\shp,05093_Rural_Vereda_202608.zip,0.4
05093,\shp,05093_Urban_Lot_202608.zip,0.22
05093,\shp,05093_Urban_Neighborhood_202608.zip,0.03
05101,\shp,05101_District_202608.zip,0.41
05101,\shp,05101_Limit_202608.zip,0.2
05101,\shp,05101_OSM_Road_202608.zip,0.22
05101,\shp,05101_Rural_Lot_202608.zip,15.5
05101,\shp,05101_Rural_Vereda_202608.zip,1.2
05101,\shp,05101_Urban_Lot_202608.zip,0.93
05101,\shp,05101_Urban_Neighborhood_202608.zip,0.05
05107,\shp,05107_District_202608.zip,0.06
05107,\shp,05107_Limit_202608.zip,0.04
05107,\shp,05107_OSM_Road_202608.zip,0.15
05107,\shp,05107_Rural_Lot_202608.zip,1.09
05107,\shp,05107_Rural_Vereda_202608.zip,0.16
05107,\shp,05107_Urban_Lot_202608.zip,0.11
05107,\shp,05107_Urban_Neighborhood_202608.zip,0.01
05113,\shp,05113_District_202608.zip,0.45
05113,\shp,05113_Limit_202608.zip,0.09
05113,\shp,05113_OSM_Road_202608.zip,0.08
05113,\shp,05113_Rural_Lot_202608.zip,4.42
05113,\shp,05113_Rural_Vereda_202608.zip,1.01
05113,\shp,05113_Urban_Lot_202608.zip,0.09
05113,\shp,05113_Urban_Neighborhood_202608.zip,0.45
05120,\shp,05120_District_202608.zip,0.81
05120,\shp,05120_Limit_202608.zip,0.43
05120,\shp,05120_OSM_Road_202608.zip,0.52
05120,\shp,05120_Rural_Lot_202608.zip,11.51
05120,\shp,05120_Rural_Vereda_202608.zip,1.63
05120,\shp,05120_Urban_Lot_202608.zip,0.93
05120,\shp,05120_Urban_Neighborhood_202608.zip,0.04
05125,\shp,05125_District_202608.zip,0.02
05125,\shp,05125_Limit_202608.zip,0.02
05125,\shp,05125_OSM_Road_202608.zip,0.07
05125,\shp,05125_Rural_Lot_202608.zip,0.78
05125,\shp,05125_Rural_Vereda_202608.zip,0.08
05125,\shp,05125_Urban_Lot_202608.zip,0.08
05125,\shp,05125_Urban_Neighborhood_202608.zip,0.01
05129,\shp,05129_District_202608.zip,0.17
05129,\shp,05129_Limit_202608.zip,0.04
05129,\shp,05129_OSM_Road_202608.zip,0.4
05129,\shp,05129_Rural_Lot_202608.zip,2.27
05129,\shp,05129_Rural_Vereda_202608.zip,0.33
05129,\shp,05129_Urban_Lot_202608.zip,1.81
05129,\shp,05129_Urban_Neighborhood_202608.zip,0.09
05134,\shp,05134_District_202608.zip,0.05
05134,\shp,05134_Limit_202608.zip,0.06
05134,\shp,05134_OSM_Road_202608.zip,0.11
05134,\shp,05134_Rural_Lot_202608.zip,1.85
05134,\shp,05134_Rural_Vereda_202608.zip,0.31
05134,\shp,05134_Urban_Lot_202608.zip,0.08
05134,\shp,05134_Urban_Neighborhood_202608.zip,0.01
05138,\shp,05138_District_202608.zip,0.08
05138,\shp,05138_Limit_202608.zip,0.05
05138,\shp,05138_OSM_Road_202608.zip,0.16
05138,\shp,05138_Rural_Lot_202608.zip,3.74
05138,\shp,05138_Rural_Vereda_202608.zip,0.6
05138,\shp,05138_Urban_Lot_202608.zip,0.34
05138,\shp,05138_Urban_Neighborhood_202608.zip,0.02
05142,\shp,05142_District_202608.zip,0.21
05142,\shp,05142_Limit_202608.zip,0.26
05142,\shp,05142_OSM_Road_202608.zip,0.08
05142,\shp,05142_Rural_Lot_202608.zip,1.31
05142,\shp,05142_Rural_Vereda_202608.zip,0.45
05142,\shp,05142_Urban_Lot_202608.zip,0.12
05142,\shp,05142_Urban_Neighborhood_202608.zip,0.01
05145,\shp,05145_District_202608.zip,0.06
05145,\shp,05145_Limit_202608.zip,0.04
05145,\shp,05145_OSM_Road_202608.zip,0.07
05145,\shp,05145_Rural_Lot_202608.zip,1.08
05145,\shp,05145_Rural_Vereda_202608.zip,0.12
05145,\shp,05145_Urban_Lot_202608.zip,0.13
05145,\shp,05145_Urban_Neighborhood_202608.zip,0.01
05147,\shp,05147_District_202608.zip,0.35
05147,\shp,05147_Limit_202608.zip,0.25
05147,\shp,05147_OSM_Road_202608.zip,0.13
05147,\shp,05147_Rural_Lot_202608.zip,3.76
05147,\shp,05147_Rural_Vereda_202608.zip,0.56
05147,\shp,05147_Urban_Lot_202608.zip,2.56
05147,\shp,05147_Urban_Neighborhood_202608.zip,0.05
05148,\shp,05148_Limit_202608.zip,0.25
05148,\shp,05148_OSM_Road_202608.zip,0.46
05148,\shp,05148_Rural_Lot_202608.zip,7.03
05148,\shp,05148_Rural_Vereda_202608.zip,0.83
05148,\shp,05148_Urban_Lot_202608.zip,2.39
05148,\shp,05148_Urban_Neighborhood_202608.zip,0.08
05150,\shp,05150_District_202608.zip,0.05
05150,\shp,05150_Limit_202608.zip,0.03
05150,\shp,05150_OSM_Road_202608.zip,0.05
05150,\shp,05150_Rural_Lot_202608.zip,1.34
05150,\shp,05150_Rural_Vereda_202608.zip,0.12
05150,\shp,05150_Urban_Lot_202608.zip,0.35
05150,\shp,05150_Urban_Neighborhood_202608.zip,0.02
05154,\shp,05154_District_202608.zip,0.43
05154,\shp,05154_Limit_202608.zip,0.21
05154,\shp,05154_OSM_Road_202608.zip,0.35
05154,\shp,05154_Rural_Lot_202608.zip,3.87
05154,\shp,05154_Rural_Vereda_202608.zip,0.59
05154,\shp,05154_Urban_Lot_202608.zip,6.0
05154,\shp,05154_Urban_Neighborhood_202608.zip,0.11
05172,\shp,05172_District_202608.zip,0.53
05172,\shp,05172_Limit_202608.zip,0.42
05172,\shp,05172_OSM_Road_202608.zip,0.12
05172,\shp,05172_Rural_Lot_202608.zip,5.7
05172,\shp,05172_Rural_Vereda_202608.zip,1.11
05172,\shp,05172_Urban_Lot_202608.zip,2.88
05172,\shp,05172_Urban_Neighborhood_202608.zip,0.07
05190,\shp,05190_District_202608.zip,0.34
05190,\shp,05190_Limit_202608.zip,0.2
05190,\shp,05190_OSM_Road_202608.zip,0.05
05190,\shp,05190_Rural_Lot_202608.zip,2.18
05190,\shp,05190_Rural_Vereda_202608.zip,0.51
05190,\shp,05190_Urban_Lot_202608.zip,0.78
05190,\shp,05190_Urban_Neighborhood_202608.zip,0.07
05197,\shp,05197_District_202608.zip,0.25
05197,\shp,05197_Limit_202608.zip,0.23
05197,\shp,05197_OSM_Road_202608.zip,0.2
05197,\shp,05197_Rural_Lot_202608.zip,12.17
05197,\shp,05197_Rural_Vereda_202608.zip,4.3
05197,\shp,05197_Urban_Lot_202608.zip,0.54
05197,\shp,05197_Urban_Neighborhood_202608.zip,0.02
05206,\shp,05206_District_202608.zip,0.08
05206,\shp,05206_Limit_202608.zip,0.07
05206,\shp,05206_OSM_Road_202608.zip,0.11
05206,\shp,05206_Rural_Lot_202608.zip,1.69
05206,\shp,05206_Rural_Vereda_202608.zip,0.2
05206,\shp,05206_Urban_Lot_202608.zip,0.26
05206,\shp,05206_Urban_Neighborhood_202608.zip,0.01
05209,\shp,05209_District_202608.zip,0.12
05209,\shp,05209_Limit_202608.zip,0.13
05209,\shp,05209_OSM_Road_202608.zip,0.28
05209,\shp,05209_Rural_Lot_202608.zip,2.2
05209,\shp,05209_Rural_Vereda_202608.zip,0.33
05209,\shp,05209_Urban_Lot_202608.zip,0.96
05209,\shp,05209_Urban_Neighborhood_202608.zip,0.05
05212,\shp,05212_OSM_Road_202608.zip,0.33
05212,\shp,05212_Rural_Building_202608.zip,1.65
05212,\shp,05212_Rural_Lot_202608.zip,2.78
05212,\shp,05212_Urban_Building_202608.zip,2.75
05212,\shp,05212_Urban_Lot_202608.zip,1.27
05234,\shp,05234_District_202608.zip,0.34
05234,\shp,05234_Limit_202608.zip,0.22
05234,\shp,05234_OSM_Road_202608.zip,0.18
05234,\shp,05234_Rural_Lot_202608.zip,5.72
05234,\shp,05234_Rural_Vereda_202608.zip,1.28
05234,\shp,05234_Urban_Lot_202608.zip,0.57
05234,\shp,05234_Urban_Neighborhood_202608.zip,0.05
05237,\shp,05237_District_202608.zip,0.32
05237,\shp,05237_Limit_202608.zip,0.23
05237,\shp,05237_OSM_Road_202608.zip,0.32
05237,\shp,05237_Rural_Lot_202608.zip,5.96
05237,\shp,05237_Rural_Vereda_202608.zip,0.65
05237,\shp,05237_Urban_Lot_202608.zip,0.69
05237,\shp,05237_Urban_Neighborhood_202608.zip,0.03
05240,\shp,05240_District_202608.zip,0.14
05240,\shp,05240_Limit_202608.zip,0.07
05240,\shp,05240_OSM_Road_202608.zip,0.15
05240,\shp,05240_Rural_Lot_202608.zip,2.08
05240,\shp,05240_Rural_Vereda_202608.zip,0.35
05240,\shp,05240_Urban_Lot_202608.zip,0.15
05240,\shp,05240_Urban_Neighborhood_202608.zip,0.01
05250,\shp,05250_District_202608.zip,0.25
05250,\shp,05250_Limit_202608.zip,0.14
05250,\shp,05250_OSM_Road_202608.zip,0.18
05250,\shp,05250_Rural_Lot_202608.zip,2.92
05250,\shp,05250_Rural_Vereda_202608.zip,0.68
05250,\shp,05250_Urban_Lot_202608.zip,1.06
05250,\shp,05250_Urban_Neighborhood_202608.zip,0.06
05264,\shp,05264_District_202608.zip,0.4
05264,\shp,05264_Limit_202608.zip,0.37
05264,\shp,05264_OSM_Road_202608.zip,0.2
05264,\shp,05264_Rural_Lot_202608.zip,9.39
05264,\shp,05264_Rural_Vereda_202608.zip,1.16
05264,\shp,05264_Urban_Lot_202608.zip,0.51
05264,\shp,05264_Urban_Neighborhood_202608.zip,0.02
05266,\shp,05266_OSM_Road_202608.zip,0.69
05266,\shp,05266_Rural_Building_202608.zip,1.88
05266,\shp,05266_Rural_Lot_202608.zip,1.75
05266,\shp,05266_Urban_Building_202608.zip,11.46
05266,\shp,05266_Urban_Lot_202608.zip,4.73
05282,\shp,05282_District_202608.zip,0.26
05282,\shp,05282_Limit_202608.zip,0.2
05282,\shp,05282_OSM_Road_202608.zip,0.28
05282,\shp,05282_Rural_Lot_202608.zip,4.73
05282,\shp,05282_Rural_Vereda_202608.zip,0.75
05282,\shp,05282_Urban_Lot_202608.zip,0.37
05282,\shp,05282_Urban_Neighborhood_202608.zip,0.03
05284,\shp,05284_District_202608.zip,0.41
05284,\shp,05284_Limit_202608.zip,0.42
05284,\shp,05284_OSM_Road_202608.zip,0.18
05284,\shp,05284_Rural_Lot_202608.zip,3.39
05284,\shp,05284_Rural_Vereda_202608.zip,0.76
05284,\shp,05284_Urban_Lot_202608.zip,0.6
05284,\shp,05284_Urban_Neighborhood_202608.zip,0.05
05306,\shp,05306_District_202608.zip,0.05
05306,\shp,05306_Limit_202608.zip,0.03
05306,\shp,05306_OSM_Road_202608.zip,0.06
05306,\shp,05306_Rural_Lot_202608.zip,0.64
05306,\shp,05306_Rural_Vereda_202608.zip,0.07
05306,\shp,05306_Urban_Lot_202608.zip,0.09
05306,\shp,05306_Urban_Neighborhood_202608.zip,0.01
05308,\shp,05308_OSM_Road_202608.zip,0.37
05308,\shp,05308_Rural_Building_202608.zip,2.65
05308,\shp,05308_Rural_Lot_202608.zip,3.27
05308,\shp,05308_Urban_Building_202608.zip,2.2
05308,\shp,05308_Urban_Lot_202608.zip,0.88
05310,\shp,05310_District_202608.zip,0.26
05310,\shp,05310_Limit_202608.zip,0.19
05310,\shp,05310_OSM_Road_202608.zip,0.12
05310,\shp,05310_Rural_Lot_202608.zip,4.36
05310,\shp,05310_Rural_Vereda_202608.zip,0.82
05310,\shp,05310_Urban_Lot_202608.zip,0.27
05310,\shp,05310_Urban_Neighborhood_202608.zip,0.03
05313,\shp,05313_District_202608.zip,0.13
05313,\shp,05313_Limit_202608.zip,0.09
05313,\shp,05313_OSM_Road_202608.zip,0.14
05313,\shp,05313_Rural_Lot_202608.zip,6.12
05313,\shp,05313_Rural_Vereda_202608.zip,0.69
05313,\shp,05313_Urban_Lot_202608.zip,0.26
05313,\shp,05313_Urban_Neighborhood_202608.zip,0.02
05315,\shp,05315_District_202608.zip,0.25
05315,\shp,05315_Limit_202608.zip,0.26
05315,\shp,05315_OSM_Road_202608.zip,0.08
05315,\shp,05315_Rural_Lot_202608.zip,2.03
05315,\shp,05315_Rural_Vereda_202608.zip,0.5
05315,\shp,05315_Urban_Lot_202608.zip,0.1
05315,\shp,05315_Urban_Neighborhood_202608.zip,0.13
05318,\shp,05318_District_202608.zip,0.25
05318,\shp,05318_Limit_202608.zip,0.17
05318,\shp,05318_OSM_Road_202608.zip,0.67
05318,\shp,05318_Rural_Lot_202608.zip,15.4
05318,\shp,05318_Rural_Vereda_202608.zip,0.98
05318,\shp,05318_Urban_Lot_202608.zip,1.4
05318,\shp,05318_Urban_Neighborhood_202608.zip,0.11
05321,\shp,05321_District_202608.zip,0.24
05321,\shp,05321_Limit_202608.zip,0.08
05321,\shp,05321_OSM_Road_202608.zip,0.11
05321,\shp,05321_Rural_Lot_202608.zip,4.0
05321,\shp,05321_Rural_Vereda_202608.zip,0.34
05321,\shp,05321_Urban_Lot_202608.zip,0.67
05321,\shp,05321_Urban_Neighborhood_202608.zip,0.08
05347,\shp,05347_District_202608.zip,0.08
05347,\shp,05347_Limit_202608.zip,0.15
05347,\shp,05347_OSM_Road_202608.zip,0.07
05347,\shp,05347_Rural_Lot_202608.zip,0.98
05347,\shp,05347_Rural_Vereda_202608.zip,0.16
05347,\shp,05347_Urban_Lot_202608.zip,0.12
05347,\shp,05347_Urban_Neighborhood_202608.zip,0.01
05353,\shp,05353_District_202608.zip,0.02
05353,\shp,05353_Limit_202608.zip,0.02
05353,\shp,05353_OSM_Road_202608.zip,0.06
05353,\shp,05353_Rural_Lot_202608.zip,0.47
05353,\shp,05353_Rural_Vereda_202608.zip,0.05
05353,\shp,05353_Urban_Lot_202608.zip,0.13
05353,\shp,05353_Urban_Neighborhood_202608.zip,0.0
05360,\shp,05360_District_202608.zip,0.08
05360,\shp,05360_Limit_202608.zip,0.1
05360,\shp,05360_OSM_Road_202608.zip,0.34
05360,\shp,05360_Rural_Lot_202608.zip,0.15
05360,\shp,05360_Rural_Vereda_202608.zip,0.06
05360,\shp,05360_Urban_Lot_202608.zip,6.73
05360,\shp,05360_Urban_Neighborhood_202608.zip,0.24
05361,\shp,05361_District_202608.zip,0.16
05361,\shp,05361_Limit_202608.zip,0.1
05361,\shp,05361_OSM_Road_202608.zip,0.24
05361,\shp,05361_Rural_Lot_202608.zip,3.48
05361,\shp,05361_Rural_Vereda_202608.zip,0.64
05361,\shp,05361_Urban_Lot_202608.zip,0.44
05361,\shp,05361_Urban_Neighborhood_202608.zip,0.02
05364,\shp,05364_District_202608.zip,0.18
05364,\shp,05364_Limit_202608.zip,0.17
05364,\shp,05364_OSM_Road_202608.zip,0.2
05364,\shp,05364_Rural_Lot_202608.zip,3.74
05364,\shp,05364_Rural_Vereda_202608.zip,0.34
05364,\shp,05364_Urban_Lot_202608.zip,0.51
05364,\shp,05364_Urban_Neighborhood_202608.zip,0.01
05368,\shp,05368_District_202608.zip,0.25
05368,\shp,05368_Limit_202608.zip,0.19
05368,\shp,05368_OSM_Road_202608.zip,0.2
05368,\shp,05368_Rural_Lot_202608.zip,3.89
05368,\shp,05368_Rural_Vereda_202608.zip,0.69
05368,\shp,05368_Urban_Lot_202608.zip,0.72
05368,\shp,05368_Urban_Neighborhood_202608.zip,0.04
05376,\shp,05376_District_202608.zip,0.23
05376,\shp,05376_Limit_202608.zip,0.14
05376,\shp,05376_OSM_Road_202608.zip,0.33
05376,\shp,05376_Rural_Lot_202608.zip,6.06
05376,\shp,05376_Rural_Vereda_202608.zip,0.52
05376,\shp,05376_Urban_Lot_202608.zip,4.92
05376,\shp,05376_Urban_Neighborhood_202608.zip,0.13
05380,\shp,05380_OSM_Road_202608.zip,0.23
05380,\shp,05380_Rural_Building_202608.zip,0.69
05380,\shp,05380_Rural_Lot_202608.zip,1.18
05380,\shp,05380_Urban_Building_202608.zip,3.25
05380,\shp,05380_Urban_Lot_202608.zip,1.57
05390,\shp,05390_District_202608.zip,0.23
05390,\shp,05390_Limit_202608.zip,0.07
05390,\shp,05390_OSM_Road_202608.zip,0.06
05390,\shp,05390_Rural_Lot_202608.zip,0.58
05390,\shp,05390_Rural_Vereda_202608.zip,0.1
05390,\shp,05390_Urban_Lot_202608.zip,0.5
05390,\shp,05390_Urban_Neighborhood_202608.zip,0.05
05400,\shp,05400_District_202608.zip,0.32
05400,\shp,05400_Limit_202608.zip,0.22
05400,\shp,05400_OSM_Road_202608.zip,0.29
05400,\shp,05400_Rural_Lot_202608.zip,7.05
05400,\shp,05400_Rural_Vereda_202608.zip,0.73
05400,\shp,05400_Urban_Lot_202608.zip,1.01
05400,\shp,05400_Urban_Neighborhood_202608.zip,0.04
05411,\shp,05411_District_202608.zip,0.25
05411,\shp,05411_Limit_202608.zip,0.15
05411,\shp,05411_OSM_Road_202608.zip,0.12
05411,\shp,05411_Rural_Lot_202608.zip,3.0
05411,\shp,05411_Rural_Vereda_202608.zip,0.6
05411,\shp,05411_Urban_Lot_202608.zip,0.25
05411,\shp,05411_Urban_Neighborhood_202608.zip,0.02
05425,\shp,05425_District_202608.zip,0.17
05425,\shp,05425_Limit_202608.zip,0.15
05425,\shp,05425_OSM_Road_202608.zip,0.2
05425,\shp,05425_Rural_Lot_202608.zip,2.64
05425,\shp,05425_Rural_Vereda_202608.zip,0.34
05425,\shp,05425_Urban_Lot_202608.zip,0.15
05425,\shp,05425_Urban_Neighborhood_202608.zip,0.03
05440,\shp,05440_OSM_Road_202608.zip,0.56
05467,\shp,05467_District_202608.zip,0.11
05467,\shp,05467_Limit_202608.zip,0.05
05467,\shp,05467_OSM_Road_202608.zip,0.1
05467,\shp,05467_Rural_Lot_202608.zip,2.69
05467,\shp,05467_Rural_Vereda_202608.zip,0.38
05467,\shp,05467_Urban_Lot_202608.zip,0.12
05467,\shp,05467_Urban_Neighborhood_202608.zip,0.01
05475,\shp,05475_District_202608.zip,0.06
05475,\shp,05475_Limit_202608.zip,0.05
05475,\shp,05475_OSM_Road_202608.zip,0.01
05475,\shp,05475_Rural_Lot_202608.zip,0.09
05475,\shp,05475_Rural_Vereda_202608.zip,0.08
05475,\shp,05475_Urban_Lot_202608.zip,0.05
05475,\shp,05475_Urban_Neighborhood_202608.zip,0.01
05480,\shp,05480_District_202608.zip,0.28
05480,\shp,05480_Limit_202608.zip,0.09
05480,\shp,05480_OSM_Road_202608.zip,0.06
05480,\shp,05480_Rural_Lot_202608.zip,1.52
05480,\shp,05480_Rural_Vereda_202608.zip,0.51
05480,\shp,05480_Urban_Lot_202608.zip,0.18
05480,\shp,05480_Urban_Neighborhood_202608.zip,0.01
05483,\shp,05483_District_202608.zip,0.24
05483,\shp,05483_Limit_202608.zip,0.36
05483,\shp,05483_OSM_Road_202608.zip,0.09
05483,\shp,05483_Rural_Lot_202608.zip,5.61
05483,\shp,05483_Rural_Vereda_202608.zip,1.06
05483,\shp,05483_Urban_Lot_202608.zip,0.18
05483,\shp,05483_Urban_Neighborhood_202608.zip,0.01
05490,\shp,05490_District_202608.zip,0.39
05490,\shp,05490_Limit_202608.zip,0.29
05490,\shp,05490_OSM_Road_202608.zip,0.98
05490,\shp,05490_Rural_Lot_202608.zip,11.84
05490,\shp,05490_Rural_Vereda_202608.zip,1.72
05490,\shp,05490_Urban_Lot_202608.zip,1.44
05490,\shp,05490_Urban_Neighborhood_202608.zip,0.07
05495,\shp,05495_District_202608.zip,0.13
05495,\shp,05495_Limit_202608.zip,0.09
05495,\shp,05495_OSM_Road_202608.zip,0.17
05495,\shp,05495_Rural_Lot_202608.zip,1.51
05495,\shp,05495_Rural_Vereda_202608.zip,0.27
05495,\shp,05495_Urban_Lot_202608.zip,0.31
05495,\shp,05495_Urban_Neighborhood_202608.zip,0.02
05501,\shp,05501_District_202608.zip,0.24
05501,\shp,05501_Limit_202608.zip,0.12
05501,\shp,05501_OSM_Road_202608.zip,0.08
05501,\shp,05501_Rural_Lot_202608.zip,2.58
05501,\shp,05501_Rural_Vereda_202608.zip,0.38
05501,\shp,05501_Urban_Lot_202608.zip,0.13
05501,\shp,05501_Urban_Neighborhood_202608.zip,0.01
05541,\shp,05541_District_202608.zip,0.15
05541,\shp,05541_Limit_202608.zip,0.15
05541,\shp,05541_OSM_Road_202608.zip,0.25
05541,\shp,05541_Rural_Lot_202608.zip,10.07
05541,\shp,05541_Rural_Vereda_202608.zip,0.75
05541,\shp,05541_Urban_Lot_202608.zip,0.39
05541,\shp,05541_Urban_Neighborhood_202608.zip,0.06
05543,\shp,05543_District_202608.zip,0.06
05543,\shp,05543_Limit_202608.zip,0.03
05543,\shp,05543_OSM_Road_202608.zip,0.08
05543,\shp,05543_Rural_Lot_202608.zip,1.53
05543,\shp,05543_Rural_Vereda_202608.zip,0.12
05543,\shp,05543_Urban_Lot_202608.zip,0.14
05543,\shp,05543_Urban_Neighborhood_202608.zip,0.01
05576,\shp,05576_District_202608.zip,0.05
05576,\shp,05576_Limit_202608.zip,0.05
05576,\shp,05576_OSM_Road_202608.zip,0.07
05576,\shp,05576_Rural_Lot_202608.zip,0.76
05576,\shp,05576_Rural_Vereda_202608.zip,0.11
05576,\shp,05576_Urban_Lot_202608.zip,0.28
05576,\shp,05576_Urban_Neighborhood_202608.zip,0.02
05579,\shp,05579_District_202608.zip,1.28
05579,\shp,05579_Limit_202608.zip,0.3
05579,\shp,05579_OSM_Road_202608.zip,0.27
05579,\shp,05579_Rural_Lot_202608.zip,5.07
05579,\shp,05579_Rural_Vereda_202608.zip,1.44
05579,\shp,05579_Urban_Lot_202608.zip,2.44
05579,\shp,05579_Urban_Neighborhood_202608.zip,0.18
05585,\shp,05585_District_202608.zip,0.14
05585,\shp,05585_Limit_202608.zip,0.03
05585,\shp,05585_OSM_Road_202608.zip,0.13
05585,\shp,05585_Rural_Lot_202608.zip,1.7
05585,\shp,05585_Rural_Vereda_202608.zip,0.32
05585,\shp,05585_Urban_Lot_202608.zip,0.46
05585,\shp,05585_Urban_Neighborhood_202608.zip,0.02
05591,\shp,05591_District_202608.zip,0.37
05591,\shp,05591_Limit_202608.zip,0.15
05591,\shp,05591_OSM_Road_202608.zip,0.16
05591,\shp,05591_Rural_Lot_202608.zip,2.54
05591,\shp,05591_Rural_Vereda_202608.zip,0.45
05591,\shp,05591_Urban_Lot_202608.zip,0.79
05591,\shp,05591_Urban_Neighborhood_202608.zip,0.03
05604,\shp,05604_District_202608.zip,0.46
05604,\shp,05604_Limit_202608.zip,0.28
05604,\shp,05604_OSM_Road_202608.zip,0.32
05604,\shp,05604_Rural_Lot_202608.zip,13.99
05604,\shp,05604_Rural_Vereda_202608.zip,1.8
05604,\shp,05604_Urban_Lot_202608.zip,0.84
05604,\shp,05604_Urban_Neighborhood_202608.zip,0.09
05607,\shp,05607_OSM_Road_202608.zip,0.73
05607,\shp,05607_Rural_Building_202401.zip,1.51
05607,\shp,05607_Rural_Building_Unit_202401.zip,0.05
05607,\shp,05607_Rural_Lot_202401.zip,8.04
05607,\shp,05607_Urban_Block_202401.zip,0.18
05607,\shp,05607_Urban_Building_202401.zip,1.09
05607,\shp,05607_Urban_Building_Unit_202401.zip,0.22
05607,\shp,05607_Urban_Lot_202401.zip,0.66
05615,\shp,05615_OSM_Road_202608.zip,1.1
05628,\shp,05628_District_202608.zip,0.05
05628,\shp,05628_Limit_202608.zip,0.04
05628,\shp,05628_OSM_Road_202608.zip,0.07
05628,\shp,05628_Rural_Lot_202608.zip,2.8
05628,\shp,05628_Rural_Vereda_202608.zip,0.37
05628,\shp,05628_Urban_Lot_202608.zip,0.24
05628,\shp,05628_Urban_Neighborhood_202608.zip,0.01
05631,\shp,05631_OSM_Road_202608.zip,0.19
05631,\shp,05631_Rural_Building_202608.zip,0.8
05631,\shp,05631_Rural_Lot_202608.zip,0.65
05631,\shp,05631_Urban_Building_202608.zip,3.02
05631,\shp,05631_Urban_Lot_202608.zip,1.18
05642,\shp,05642_District_202608.zip,0.15
05642,\shp,05642_Limit_202608.zip,0.09
05642,\shp,05642_OSM_Road_202608.zip,1.33
05642,\shp,05642_Rural_Lot_202608.zip,2.61
05642,\shp,05642_Rural_Vereda_202608.zip,0.33
05642,\shp,05642_Urban_Lot_202608.zip,0.44
05642,\shp,05642_Urban_Neighborhood_202608.zip,0.04
05647,\shp,05647_District_202608.zip,0.11
05647,\shp,05647_Limit_202608.zip,0.09
05647,\shp,05647_OSM_Road_202608.zip,0.11
05647,\shp,05647_Rural_Lot_202608.zip,3.23
05647,\shp,05647_Rural_Vereda_202608.zip,0.62
05647,\shp,05647_Urban_Lot_202608.zip,0.13
05647,\shp,05647_Urban_Neighborhood_202608.zip,0.02
05649,\shp,05649_District_202608.zip,0.45
05649,\shp,05649_Limit_202608.zip,0.35
05649,\shp,05649_OSM_Road_202608.zip,0.23
05649,\shp,05649_Rural_Lot_202608.zip,12.61
05649,\shp,05649_Rural_Vereda_202608.zip,1.84
05649,\shp,05649_Urban_Lot_202608.zip,1.0
05649,\shp,05649_Urban_Neighborhood_202608.zip,0.04
05652,\shp,05652_District_202608.zip,0.07
05652,\shp,05652_Limit_202608.zip,0.06
05652,\shp,05652_OSM_Road_202608.zip,0.08
05652,\shp,05652_Rural_Lot_202608.zip,1.32
05652,\shp,05652_Rural_Vereda_202608.zip,0.21
05652,\shp,05652_Urban_Lot_202608.zip,0.18
05652,\shp,05652_Urban_Neighborhood_202608.zip,0.01
05656,\shp,05656_District_202608.zip,0.2
05656,\shp,05656_Limit_202608.zip,0.09
05656,\shp,05656_OSM_Road_202608.zip,0.25
05656,\shp,05656_Rural_Lot_202608.zip,4.48
05656,\shp,05656_Rural_Vereda_202608.zip,0.72
05656,\shp,05656_Urban_Lot_202608.zip,0.51
05656,\shp,05656_Urban_Neighborhood_202608.zip,0.03
05658,\shp,05658_District_202608.zip,0.03
05658,\shp,05658_Limit_202608.zip,0.03
05658,\shp,05658_OSM_Road_202608.zip,0.06
05658,\shp,05658_Rural_Lot_202608.zip,0.37
05658,\shp,05658_Rural_Vereda_202608.zip,0.06
05658,\shp,05658_Urban_Lot_202608.zip,0.1
05658,\shp,05658_Urban_Neighborhood_202608.zip,0.0
05659,\shp,05659_District_202608.zip,0.25
05659,\shp,05659_Limit_202608.zip,0.12
05659,\shp,05659_OSM_Road_202608.zip,0.1
05659,\shp,05659_Rural_Lot_202608.zip,3.63
05659,\shp,05659_Rural_Vereda_202608.zip,0.65
05659,\shp,05659_Urban_Lot_202608.zip,0.63
05659,\shp,05659_Urban_Neighborhood_202608.zip,0.04
05660,\shp,05660_District_202608.zip,0.18
05660,\shp,05660_Limit_202608.zip,0.14
05660,\shp,05660_OSM_Road_202608.zip,0.16
05660,\shp,05660_Rural_Lot_202608.zip,7.38
05660,\shp,05660_Rural_Vereda_202608.zip,0.92
05660,\shp,05660_Urban_Lot_202608.zip,0.4
05660,\shp,05660_Urban_Neighborhood_202608.zip,0.03
05664,\shp,05664_District_202608.zip,0.21
05664,\shp,05664_Limit_202608.zip,0.18
05664,\shp,05664_OSM_Road_202608.zip,0.33
05664,\shp,05664_Rural_Lot_202608.zip,10.02
05664,\shp,05664_Rural_Vereda_202608.zip,0.89
05664,\shp,05664_Urban_Lot_202608.zip,0.57
05664,\shp,05664_Urban_Neighborhood_202608.zip,0.02
05665,\shp,05665_District_202608.zip,0.19
05665,\shp,05665_Limit_202608.zip,0.08
05665,\shp,05665_OSM_Road_202608.zip,0.21
05665,\shp,05665_Rural_Lot_202608.zip,2.68
05665,\shp,05665_Rural_Vereda_202608.zip,0.41
05665,\shp,05665_Urban_Lot_202608.zip,0.75
05665,\shp,05665_Urban_Neighborhood_202608.zip,0.04
05667,\shp,05667_District_202608.zip,0.18
05667,\shp,05667_Limit_202608.zip,0.13
05667,\shp,05667_OSM_Road_202608.zip,0.16
05667,\shp,05667_Rural_Lot_202608.zip,5.54
05667,\shp,05667_Rural_Vereda_202608.zip,0.74
05667,\shp,05667_Urban_Lot_202608.zip,0.72
05667,\shp,05667_Urban_Neighborhood_202608.zip,0.02
05670,\shp,05670_District_202608.zip,0.12
05670,\shp,05670_Limit_202608.zip,0.04
05670,\shp,05670_OSM_Road_202608.zip,0.23
05670,\shp,05670_Rural_Lot_202608.zip,2.45
05670,\shp,05670_Rural_Vereda_202608.zip,0.38
05670,\shp,05670_Urban_Lot_202608.zip,0.46
05670,\shp,05670_Urban_Neighborhood_202608.zip,0.02
05674,\shp,05674_OSM_Road_202608.zip,0.37
05679,\shp,05679_District_202608.zip,0.18
05679,\shp,05679_Limit_202608.zip,0.09
05679,\shp,05679_OSM_Road_202608.zip,0.26
05679,\shp,05679_Rural_Lot_202608.zip,5.49
05679,\shp,05679_Rural_Vereda_202608.zip,0.81
05679,\shp,05679_Urban_Lot_202608.zip,0.8
05679,\shp,05679_Urban_Neighborhood_202608.zip,0.04
05686,\shp,05686_District_202608.zip,1.11
05686,\shp,05686_Limit_202608.zip,0.34
05686,\shp,05686_OSM_Road_202608.zip,1.12
05686,\shp,05686_Rural_Lot_202608.zip,18.76
05686,\shp,05686_Rural_Vereda_202608.zip,2.75
05686,\shp,05686_Urban_Lot_202608.zip,1.46
05686,\shp,05686_Urban_Neighborhood_202608.zip,0.12
05690,\shp,05690_District_202608.zip,0.14
05690,\shp,05690_Limit_202608.zip,0.09
05690,\shp,05690_OSM_Road_202608.zip,0.22
05690,\shp,05690_Rural_Lot_202608.zip,3.03
05690,\shp,05690_Rural_Vereda_202608.zip,0.36
05690,\shp,05690_Urban_Lot_202608.zip,0.3
05690,\shp,05690_Urban_Neighborhood_202608.zip,0.07
05697,\shp,05697_District_202608.zip,0.26
05697,\shp,05697_Limit_202608.zip,0.19
05697,\shp,05697_OSM_Road_202608.zip,0.22
05697,\shp,05697_Rural_Lot_202608.zip,6.89
05697,\shp,05697_Rural_Vereda_202608.zip,0.64
05697,\shp,05697_Urban_Lot_202608.zip,1.56
05697,\shp,05697_Urban_Neighborhood_202608.zip,0.04
05698,\shp,05698_Limit_202608.zip,0.05
05736,\shp,05736_District_202608.zip,0.3
05736,\shp,05736_Limit_202608.zip,0.2
05736,\shp,05736_OSM_Road_202608.zip,0.19
05736,\shp,05736_Rural_Lot_202608.zip,4.22
05736,\shp,05736_Rural_Vereda_202608.zip,0.93
05736,\shp,05736_Urban_Lot_202608.zip,1.33
05736,\shp,05736_Urban_Neighborhood_202608.zip,0.07
05756,\shp,05756_District_202608.zip,0.89
05756,\shp,05756_Limit_202608.zip,0.52
05756,\shp,05756_OSM_Road_202608.zip,0.45
05756,\shp,05756_Rural_Lot_202608.zip,19.59
05756,\shp,05756_Rural_Vereda_202608.zip,2.94
05756,\shp,05756_Urban_Lot_202608.zip,1.72
05756,\shp,05756_Urban_Neighborhood_202608.zip,0.07
05761,\shp,05761_District_202608.zip,0.75
05761,\shp,05761_Limit_202608.zip,0.27
05761,\shp,05761_OSM_Road_202608.zip,0.23
05761,\shp,05761_Rural_Lot_202608.zip,9.59
05761,\shp,05761_Rural_Vereda_202608.zip,1.34
05761,\shp,05761_Urban_Lot_202608.zip,1.25
05761,\shp,05761_Urban_Neighborhood_202608.zip,0.05
05789,\shp,05789_District_202608.zip,0.11
05789,\shp,05789_Limit_202608.zip,0.07
05789,\shp,05789_OSM_Road_202608.zip,0.1
05789,\shp,05789_Rural_Lot_202608.zip,4.06
05789,\shp,05789_Rural_Vereda_202608.zip,0.71
05789,\shp,05789_Urban_Lot_202608.zip,0.4
05789,\shp,05789_Urban_Neighborhood_202608.zip,0.03
05790,\shp,05790_District_202608.zip,0.37
05790,\shp,05790_Limit_202608.zip,0.15
05790,\shp,05790_OSM_Road_202608.zip,0.22
05790,\shp,05790_Rural_Lot_202608.zip,2.66
05790,\shp,05790_Rural_Vereda_202608.zip,0.69
05790,\shp,05790_Urban_Lot_202608.zip,1.14
05790,\shp,05790_Urban_Neighborhood_202608.zip,0.04
05792,\shp,05792_District_202608.zip,0.11
05792,\shp,05792_Limit_202608.zip,0.08
05792,\shp,05792_OSM_Road_202608.zip,0.11
05792,\shp,05792_Rural_Lot_202608.zip,1.62
05792,\shp,05792_Rural_Vereda_202608.zip,0.29
05792,\shp,05792_Urban_Lot_202608.zip,0.14
05792,\shp,05792_Urban_Neighborhood_202608.zip,0.01
05809,\shp,05809_District_202608.zip,0.02
05809,\shp,05809_Limit_202608.zip,0.11
05809,\shp,05809_OSM_Road_202608.zip,0.14
05809,\shp,05809_Rural_Lot_202608.zip,2.25
05809,\shp,05809_Rural_Vereda_202608.zip,0.43
05809,\shp,05809_Urban_Lot_202608.zip,0.2
05809,\shp,05809_Urban_Neighborhood_202608.zip,0.02
05819,\shp,05819_District_202608.zip,0.02
05819,\shp,05819_Limit_202608.zip,0.04
05819,\shp,05819_OSM_Road_202608.zip,0.04
05819,\shp,05819_Rural_Lot_202608.zip,1.36
05819,\shp,05819_Rural_Vereda_202608.zip,0.16
05819,\shp,05819_Urban_Lot_202608.zip,0.11
05819,\shp,05819_Urban_Neighborhood_202608.zip,0.01
05837,\shp,05837_District_202608.zip,0.67
05837,\shp,05837_Limit_202608.zip,0.29
05837,\shp,05837_OSM_Road_202608.zip,1.65
05837,\shp,05837_Rural_Lot_202608.zip,5.09
05837,\shp,05837_Rural_Vereda_202608.zip,1.26
05837,\shp,05837_Urban_Lot_202608.zip,2.57
05837,\shp,05837_Urban_Neighborhood_202608.zip,0.05
05842,\shp,05842_District_202608.zip,0.08
05842,\shp,05842_Limit_202608.zip,0.05
05842,\shp,05842_OSM_Road_202608.zip,0.12
05842,\shp,05842_Rural_Lot_202608.zip,0.73
05842,\shp,05842_Rural_Vereda_202608.zip,0.15
05842,\shp,05842_Urban_Lot_202608.zip,0.09
05842,\shp,05842_Urban_Neighborhood_202608.zip,0.02
05847,\shp,05847_District_202608.zip,0.24
05847,\shp,05847_Limit_202608.zip,0.08
05847,\shp,05847_OSM_Road_202608.zip,0.3
05847,\shp,05847_Rural_Lot_202608.zip,9.3
05847,\shp,05847_Rural_Vereda_202608.zip,0.83
05847,\shp,05847_Urban_Lot_202608.zip,1.09
05847,\shp,05847_Urban_Neighborhood_202608.zip,0.04
05854,\shp,05854_District_202608.zip,0.09
05854,\shp,05854_Limit_202608.zip,0.12
05854,\shp,05854_OSM_Road_202608.zip,0.23
05854,\shp,05854_Rural_Lot_202608.zip,1.7
05854,\shp,05854_Rural_Vereda_202608.zip,0.37
05854,\shp,05854_Urban_Lot_202608.zip,0.21
05854,\shp,05854_Urban_Neighborhood_202608.zip,0.01
05856,\shp,05856_District_202608.zip,0.1
05856,\shp,05856_Limit_202608.zip,0.1
05856,\shp,05856_OSM_Road_202608.zip,0.08
05856,\shp,05856_Rural_Lot_202608.zip,1.48
05856,\shp,05856_Rural_Vereda_202608.zip,0.28
05856,\shp,05856_Urban_Lot_202608.zip,0.13
05856,\shp,05856_Urban_Neighborhood_202608.zip,0.01
05858,\shp,05858_District_202608.zip,0.75
05858,\shp,05858_Limit_202608.zip,0.68
05858,\shp,05858_OSM_Road_202608.zip,0.13
05858,\shp,05858_Rural_Lot_202608.zip,4.41
05858,\shp,05858_Rural_Vereda_202608.zip,1.15
05858,\shp,05858_Urban_Lot_202608.zip,0.39
05858,\shp,05858_Urban_Neighborhood_202608.zip,0.03
05861,\shp,05861_District_202608.zip,0.41
05861,\shp,05861_Limit_202608.zip,0.09
05861,\shp,05861_OSM_Road_202608.zip,0.16
05861,\shp,05861_Rural_Lot_202608.zip,3.31
05861,\shp,05861_Rural_Vereda_202608.zip,0.45
05861,\shp,05861_Urban_Lot_202608.zip,0.98
05861,\shp,05861_Urban_Neighborhood_202608.zip,0.11
05873,\shp,05873_District_202608.zip,0.06
05873,\shp,05873_Limit_202608.zip,0.05
05873,\shp,05873_OSM_Road_202608.zip,0.02
05873,\shp,05873_Rural_Lot_202608.zip,0.13
05873,\shp,05873_Rural_Vereda_202608.zip,0.05
05873,\shp,05873_Urban_Lot_202608.zip,0.17
05873,\shp,05873_Urban_Neighborhood_202608.zip,0.0
05885,\shp,05885_District_202608.zip,0.4
05885,\shp,05885_Limit_202608.zip,0.23
05885,\shp,05885_OSM_Road_202608.zip,0.13
05885,\shp,05885_Rural_Lot_202608.zip,3.97
05885,\shp,05885_Rural_Vereda_202608.zip,0.79
05885,\shp,05885_Urban_Lot_202608.zip,0.17
05885,\shp,05885_Urban_Neighborhood_202608.zip,0.01
05887,\shp,05887_District_202608.zip,0.75
05887,\shp,05887_Limit_202608.zip,0.22
05887,\shp,05887_OSM_Road_202608.zip,0.4
05887,\shp,05887_Rural_Lot_202608.zip,12.91
05887,\shp,05887_Rural_Vereda_202608.zip,1.98
05887,\shp,05887_Urban_Lot_202608.zip,1.78
05887,\shp,05887_Urban_Neighborhood_202608.zip,0.12
05890,\shp,05890_District_202608.zip,0.2
05890,\shp,05890_Limit_202608.zip,0.13
05890,\shp,05890_OSM_Road_202608.zip,0.32
05890,\shp,05890_Rural_Lot_202608.zip,3.51
05890,\shp,05890_Rural_Vereda_202608.zip,0.6
05890,\shp,05890_Urban_Lot_202608.zip,0.26
05890,\shp,05890_Urban_Neighborhood_202608.zip,0.01
05893,\shp,05893_District_202608.zip,0.11
05893,\shp,05893_Limit_202608.zip,0.05
05893,\shp,05893_OSM_Road_202608.zip,0.23
05893,\shp,05893_Rural_Lot_202608.zip,6.56
05893,\shp,05893_Rural_Vereda_202608.zip,0.69
05893,\shp,05893_Urban_Lot_202608.zip,0.55
05893,\shp,05893_Urban_Neighborhood_202608.zip,0.02
05895,\shp,05895_District_202608.zip,0.3
05895,\shp,05895_Limit_202608.zip,0.39
05895,\shp,05895_OSM_Road_202608.zip,0.19
05895,\shp,05895_Rural_Lot_202608.zip,2.58
05895,\shp,05895_Rural_Vereda_202608.zip,0.95
05895,\shp,05895_Urban_Lot_202608.zip,0.6
05895,\shp,05895_Urban_Neighborhood_202608.zip,0.02
08001,\shp,08001_Block_202608.zip,7.55
08001,\shp,08001_Building_202608.zip,48.35
08001,\shp,08001_Lot_202608.part1.rar,99.0
08001,\shp,08001_Lot_202608.part2.rar,2.75
08001,\shp,08001_Nomenclature_202608.zip,49.91
08001,\shp,08001_Nomenclature_road_202608.zip,1.43
08001,\shp,08001_OSM_Road_202608.zip,1.65
08078,\shp,08078_OSM_Road_202608.zip,0.24
08078,\shp,08078_R1_202607.zip,0.18
08078,\shp,08078_R2_202607.zip,0.25
08078,\shp,08078_Rural_Building_202606.zip,0.63
08078,\shp,08078_Rural_Lot_202606.zip,0.99
08078,\shp,08078_Rural_Nomenclature_202606.zip,0.26
08078,\shp,08078_Rural_Sector_202606.zip,0.08
08078,\shp,08078_Rural_Vereda_202606.zip,0.1
08078,\shp,08078_Urban_Block_202606.zip,0.49
08078,\shp,08078_Urban_Building_202606.zip,1.53
08078,\shp,08078_Urban_Lot_202606.zip,1.78
08078,\shp,08078_Urban_Nomenclature_202606.zip,0.61
08078,\shp,08078_Urban_Sector_202606.zip,0.02
08137,\shp,08137_OSM_Road_202608.zip,0.05
08137,\shp,08137_R1_202607.zip,0.11
08137,\shp,08137_R2_202607.zip,0.11
08137,\shp,08137_Rural_Building_202606.zip,0.06
08137,\shp,08137_Rural_Lot_202606.zip,0.23
08137,\shp,08137_Rural_Nomenclature_202606.zip,0.0
08137,\shp,08137_Rural_Sector_202606.zip,0.04
08137,\shp,08137_Rural_Vereda_202606.zip,0.09
08137,\shp,08137_Urban_Block_202606.zip,0.31
08137,\shp,08137_Urban_Building_202606.zip,0.72
08137,\shp,08137_Urban_Lot_202606.zip,0.67
08137,\shp,08137_Urban_Neighborhood_202606.zip,0.01
08137,\shp,08137_Urban_Nomenclature_202606.zip,0.43
08137,\shp,08137_Urban_Nomenclature_Road_202606.zip,0.05
08137,\shp,08137_Urban_Perimeter_202606.zip,0.01
08137,\shp,08137_Urban_Sector_202606.zip,0.01
08141,\shp,08141_OSM_Road_202608.zip,0.03
08141,\shp,08141_R1_202607.zip,0.05
08141,\shp,08141_R2_202607.zip,0.06
08141,\shp,08141_Rural_Building_202606.zip,0.05
08141,\shp,08141_Rural_Lot_202606.zip,0.21
08141,\shp,08141_Rural_Nomenclature_202606.zip,0.01
08141,\shp,08141_Rural_Sector_202606.zip,0.09
08141,\shp,08141_Rural_Vereda_202606.zip,0.09
08141,\shp,08141_Urban_Block_202606.zip,0.17
08141,\shp,08141_Urban_Building_202606.zip,0.41
08141,\shp,08141_Urban_Lot_202606.zip,0.33
08141,\shp,08141_Urban_Neighborhood_202606.zip,0.01
08141,\shp,08141_Urban_Nomenclature_202606.zip,0.19
08141,\shp,08141_Urban_Nomenclature_Road_202606.zip,0.02
08141,\shp,08141_Urban_Perimeter_202606.zip,0.01
08141,\shp,08141_Urban_Sector_202606.zip,0.02
08296,\shp,08296_OSM_Road_202608.zip,0.18
08296,\shp,08296_Rural_Lot_202001.zip,1.02
08296,\shp,08296_Urban_Lot_202001.zip,0.59
08372,\shp,08372_OSM_Road_202608.zip,0.13
08372,\shp,08372_Rural_Lot_202606.zip,0.35
08372,\shp,08372_Urban_Lot_202606.zip,0.21
08421,\shp,08421_OSM_Road_202608.zip,0.09
08421,\shp,08421_R1_202607.zip,0.09
08421,\shp,08421_R2_202607.zip,0.1
08421,\shp,08421_Rural_Building_202606.zip,0.03
08421,\shp,08421_Rural_Lot_202606.zip,0.47
08421,\shp,08421_Rural_Nomenclature_202606.zip,0.02
08421,\shp,08421_Rural_Nomenclature_Road_202606.zip,0.0
08421,\shp,08421_Rural_Sector_202606.zip,0.09
08421,\shp,08421_Rural_Vereda_202606.zip,0.09
08421,\shp,08421_Urban_Block_202606.zip,0.28
08421,\shp,08421_Urban_Building_202606.zip,0.64
08421,\shp,08421_Urban_Lot_202606.zip,0.59
08421,\shp,08421_Urban_Neighborhood_202606.zip,0.01
08421,\shp,08421_Urban_Nomenclature_202606.zip,0.24
08421,\shp,08421_Urban_Nomenclature_Road_202606.zip,0.05
08421,\shp,08421_Urban_Perimeter_202606.zip,0.01
08421,\shp,08421_Urban_Sector_202606.zip,0.01
08433,\shp,08433_OSM_Road_202608.zip,0.26
08433,\shp,08433_Rural_Lot_202001.zip,0.32
08433,\shp,08433_Urban_Lot_202001.zip,1.55
08436,\shp,08436_OSM_Road_202608.zip,0.05
08436,\shp,08436_R1_202607.zip,0.07
08436,\shp,08436_R2_202607.zip,0.09
08436,\shp,08436_Rural_Building_202606.zip,0.05
08436,\shp,08436_Rural_Lot_202606.zip,0.44
08436,\shp,08436_Rural_Nomenclature_202606.zip,0.02
08436,\shp,08436_Rural_Sector_202606.zip,0.05
08436,\shp,08436_Rural_Vereda_202606.zip,0.08
08436,\shp,08436_Urban_Block_202606.zip,0.22
08436,\shp,08436_Urban_Building_202606.zip,0.48
08436,\shp,08436_Urban_Lot_202606.zip,0.41
08436,\shp,08436_Urban_Neighborhood_202606.zip,0.01
08436,\shp,08436_Urban_Nomenclature_202606.zip,0.23
08436,\shp,08436_Urban_Nomenclature_Road_202606.zip,0.03
08436,\shp,08436_Urban_Perimeter_202606.zip,0.01
08436,\shp,08436_Urban_Sector_202606.zip,0.01
08520,\shp,08520_OSM_Road_202608.zip,0.06
08520,\shp,08520_R1_202607.zip,0.09
08520,\shp,08520_R2_202607.zip,0.09
08520,\shp,08520_Rural_Building_202606.zip,0.02
08520,\shp,08520_Rural_Lot_202606.zip,0.22
08520,\shp,08520_Rural_Nomenclature_202606.zip,0.02
08520,\shp,08520_Rural_Sector_202606.zip,0.12
08520,\shp,08520_Rural_Vereda_202606.zip,0.12
08520,\shp,08520_Urban_Block_202606.zip,0.22
08520,\shp,08520_Urban_Building_202606.zip,0.68
08520,\shp,08520_Urban_Lot_202606.zip,0.53
08520,\shp,08520_Urban_Neighborhood_202606.zip,0.0
08520,\shp,08520_Urban_Nomenclature_202606.zip,0.29
08520,\shp,08520_Urban_Nomenclature_Road_202606.zip,0.03
08520,\shp,08520_Urban_Perimeter_202606.zip,0.0
08520,\shp,08520_Urban_Sector_202606.zip,0.0
08549,\shp,08549_OSM_Road_202608.zip,0.05
08549,\shp,08549_Rural_Lot_202606.zip,0.35
08549,\shp,08549_Urban_Lot_202606.zip,0.12
08558,\shp,08558_OSM_Road_202608.zip,0.04
08558,\shp,08558_R1_202607.zip,0.06
08558,\shp,08558_R2_202607.zip,0.07
08558,\shp,08558_Rural_Building_202606.zip,0.0
08558,\shp,08558_Rural_Lot_202606.zip,0.25
08558,\shp,08558_Rural_Nomenclature_202606.zip,0.03
08558,\shp,08558_Rural_Nomenclature_Road_202606.zip,0.0
08558,\shp,08558_Rural_Sector_202606.zip,0.11
08558,\shp,08558_Rural_Vereda_202606.zip,0.11
08558,\shp,08558_Urban_Block_202606.zip,0.09
08558,\shp,08558_Urban_Building_202606.zip,0.24
08558,\shp,08558_Urban_Lot_202606.zip,0.27
08558,\shp,08558_Urban_Neighborhood_202606.zip,0.01
08558,\shp,08558_Urban_Nomenclature_202606.zip,0.13
08558,\shp,08558_Urban_Nomenclature_Road_202606.zip,0.02
08558,\shp,08558_Urban_Perimeter_202606.zip,0.01
08558,\shp,08558_Urban_Sector_202606.zip,0.01
08560,\shp,08560_OSM_Road_202608.zip,0.08
08560,\shp,08560_R1_202607.zip,0.07
08560,\shp,08560_R2_202607.zip,0.07
08560,\shp,08560_Rural_Building_202606.zip,0.0
08560,\shp,08560_Rural_Lot_202606.zip,0.24
08560,\shp,08560_Rural_Nomenclature_202606.zip,0.01
08560,\shp,08560_Rural_Sector_202606.zip,0.07
08560,\shp,08560_Rural_Vereda_202606.zip,0.07
08560,\shp,08560_Urban_Block_202606.zip,0.21
08560,\shp,08560_Urban_Building_202606.zip,0.48
08560,\shp,08560_Urban_Lot_202606.zip,0.44
08560,\shp,08560_Urban_Neighborhood_202606.zip,0.01
08560,\shp,08560_Urban_Nomenclature_202606.zip,0.22
08560,\shp,08560_Urban_Nomenclature_Road_202606.zip,0.04
08560,\shp,08560_Urban_Perimeter_202606.zip,0.02
08560,\shp,08560_Urban_Sector_202606.zip,0.01
08573,\shp,08573_OSM_Road_202608.zip,0.32
08573,\shp,08573_Rural_Lot_202001.zip,0.03
08573,\shp,08573_Urban_Lot_202001.zip,0.06
08606,\shp,08606_OSM_Road_202608.zip,0.07
08606,\shp,08606_R1_202607.zip,0.06
08606,\shp,08606_R2_202607.zip,0.09
08606,\shp,08606_Rural_Building_202606.zip,0.21
08606,\shp,08606_Rural_Lot_202606.zip,0.71
08606,\shp,08606_Rural_Nomenclature_202606.zip,0.0
08606,\shp,08606_Rural_Sector_202606.zip,0.08
08606,\shp,08606_Rural_Vereda_202606.zip,0.08
08606,\shp,08606_Urban_Block_202606.zip,0.26
08606,\shp,08606_Urban_Building_202606.zip,0.31
08606,\shp,08606_Urban_Lot_202606.zip,0.6
08606,\shp,08606_Urban_Neighborhood_202606.zip,0.02
08606,\shp,08606_Urban_Nomenclature_202606.zip,0.16
08606,\shp,08606_Urban_Sector_202606.zip,0.02
08634,\shp,08634_OSM_Road_202608.zip,0.07
08634,\shp,08634_R1_202607.zip,0.08
08634,\shp,08634_R2_202607.zip,0.12
08634,\shp,08634_Rural_Building_202606.zip,0.37
08634,\shp,08634_Rural_Lot_202606.zip,0.3
08634,\shp,08634_Rural_Nomenclature_202606.zip,0.05
08634,\shp,08634_Rural_Sector_202606.zip,0.03
08634,\shp,08634_Rural_Vereda_202606.zip,0.03
08634,\shp,08634_Urban_Block_202606.zip,0.27
08634,\shp,08634_Urban_Building_202606.zip,0.6
08634,\shp,08634_Urban_Lot_202606.zip,0.91
08634,\shp,08634_Urban_Nomenclature_202606.zip,0.35
08634,\shp,08634_Urban_Perimeter_202606.zip,0.01
08634,\shp,08634_Urban_Sector_202606.zip,0.01
08638,\shp,08638_OSM_Road_202608.zip,0.25
08638,\shp,08638_Rural_Lot_202001.zip,0.83
08638,\shp,08638_Urban_Lot_202001.zip,1.55
08675,\shp,08675_OSM_Road_202608.zip,0.02
08675,\shp,08675_R1_202607.zip,0.05
08675,\shp,08675_R2_202607.zip,0.05
08675,\shp,08675_Rural_Building_202606.zip,0.04
08675,\shp,08675_Rural_Lot_202606.zip,0.14
08675,\shp,08675_Rural_Nomenclature_202606.zip,0.0
08675,\shp,08675_Rural_Sector_202606.zip,0.03
08675,\shp,08675_Rural_Vereda_202606.zip,0.07
08675,\shp,08675_Urban_Block_202606.zip,0.14
08675,\shp,08675_Urban_Building_202606.zip,0.36
08675,\shp,08675_Urban_Lot_202606.zip,0.3
08675,\shp,08675_Urban_Neighborhood_202606.zip,0.01
08675,\shp,08675_Urban_Nomenclature_202606.zip,0.16
08675,\shp,08675_Urban_Nomenclature_Road_202606.zip,0.02
08675,\shp,08675_Urban_Perimeter_202606.zip,0.01
08675,\shp,08675_Urban_Sector_202606.zip,0.01
08685,\shp,08685_OSM_Road_202608.zip,0.07
08685,\shp,08685_R1_202607.zip,0.1
08685,\shp,08685_R2_202607.zip,0.1
08685,\shp,08685_Rural_Building_202606.zip,0.0
08685,\shp,08685_Rural_Lot_202606.zip,0.21
08685,\shp,08685_Rural_Nomenclature_202606.zip,0.01
08685,\shp,08685_Rural_Sector_202606.zip,0.04
08685,\shp,08685_Rural_Vereda_202606.zip,0.07
08685,\shp,08685_Urban_Block_202606.zip,0.25
08685,\shp,08685_Urban_Building_202606.zip,0.72
08685,\shp,08685_Urban_Lot_202606.zip,0.65
08685,\shp,08685_Urban_Neighborhood_202606.zip,0.01
08685,\shp,08685_Urban_Nomenclature_202606.zip,0.28
08685,\shp,08685_Urban_Nomenclature_Road_202606.zip,0.04
08685,\shp,08685_Urban_Perimeter_202606.zip,0.01
08685,\shp,08685_Urban_Sector_202606.zip,0.01
08758,\shp,08758_OSM_Road_202608.zip,0.67
08758,\shp,08758_Rural_Lot_202001.zip,0.02
08758,\shp,08758_Urban_Lot_202001.zip,0.29
08770,\shp,08770_OSM_Road_202608.zip,0.02
08770,\shp,08770_R1_202607.zip,0.04
08770,\shp,08770_R2_202607.zip,0.04
08770,\shp,08770_Rural_Building_202606.zip,0.05
08770,\shp,08770_Rural_Lot_202606.zip,0.1
08770,\shp,08770_Rural_Nomenclature_202606.zip,0.0
08770,\shp,08770_Rural_Sector_202606.zip,0.01
08770,\shp,08770_Rural_Vereda_202606.zip,0.01
08770,\shp,08770_Urban_Block_202606.zip,0.1
08770,\shp,08770_Urban_Building_202606.zip,0.3
08770,\shp,08770_Urban_Lot_202606.zip,0.22
08770,\shp,08770_Urban_Neighborhood_202606.zip,0.01
08770,\shp,08770_Urban_Nomenclature_202606.zip,0.11
08770,\shp,08770_Urban_Nomenclature_Road_202606.zip,0.01
08770,\shp,08770_Urban_Perimeter_202606.zip,0.01
08770,\shp,08770_Urban_Sector_202606.zip,0.01
08832,\shp,08832_OSM_Road_202608.zip,0.17
08832,\shp,08832_R1_202607.zip,0.1
08832,\shp,08832_R2_202607.zip,0.12
08832,\shp,08832_Rural_Building_202606.zip,0.1
08832,\shp,08832_Rural_Lot_202606.zip,0.43
08832,\shp,08832_Rural_Nomenclature_202606.zip,0.11
08832,\shp,08832_Rural_Sector_202606.zip,0.05
08832,\shp,08832_Rural_Vereda_202606.zip,0.05
08832,\shp,08832_Urban_Block_202606.zip,0.09
08832,\shp,08832_Urban_Building_202606.zip,0.11
08832,\shp,08832_Urban_Lot_202606.zip,0.18
08832,\shp,08832_Urban_Nomenclature_202606.zip,0.05
08832,\shp,08832_Urban_Perimeter_202606.zip,0.08
08832,\shp,08832_Urban_Sector_202606.zip,0.08
08849,\shp,08849_OSM_Road_202608.zip,0.06
08849,\shp,08849_R1_202607.zip,0.04
08849,\shp,08849_R2_202607.zip,0.05
08849,\shp,08849_Rural_Building_202606.zip,0.04
08849,\shp,08849_Rural_Lot_202606.zip,0.3
08849,\shp,08849_Rural_Nomenclature_202606.zip,0.01
08849,\shp,08849_Rural_Sector_202606.zip,0.11
08849,\shp,08849_Rural_Vereda_202606.zip,0.11
08849,\shp,08849_Urban_Block_202606.zip,0.13
08849,\shp,08849_Urban_Building_202606.zip,0.26
08849,\shp,08849_Urban_Lot_202606.zip,0.25
08849,\shp,08849_Urban_Neighborhood_202606.zip,0.01
08849,\shp,08849_Urban_Nomenclature_202606.zip,0.13
08849,\shp,08849_Urban_Nomenclature_Road_202606.zip,0.02
08849,\shp,08849_Urban_Perimeter_202606.zip,0.01
08849,\shp,08849_Urban_Sector_202606.zip,0.0
11001,\shp,11001_Building_202511.part1.rar,99.0
11001,\shp,11001_Building_202511.part2.rar,99.0
11001,\shp,11001_Building_202511.part3.rar,10.04
11001,\shp,11001_Lot_202511.part1.rar,99.0
11001,\shp,11001_Lot_202511.part2.rar,35.75
11001,\shp,11001_OSM_Road_202608.zip,11.9
13001,\shp,13001_OSM_Road_202608.zip,1.89
13001,\shp,13001_Rural_Lot_202001.zip,0.41
13001,\shp,13001_Urban_Lot_202001.zip,1.0
13006,\shp,13006_OSM_Road_202608.zip,0.08
13006,\shp,13006_R1_202607.zip,0.06
13006,\shp,13006_R2_202607.zip,0.08
13006,\shp,13006_Rural_Building_202606.zip,0.0
13006,\shp,13006_Rural_Lot_202606.zip,0.71
13006,\shp,13006_Rural_Nomenclature_202606.zip,0.0
13006,\shp,13006_Rural_Sector_202606.zip,0.24
13006,\shp,13006_Rural_Vereda_202606.zip,0.25
13006,\shp,13006_Urban_Block_202606.zip,0.14
13006,\shp,13006_Urban_Building_202606.zip,0.24
13006,\shp,13006_Urban_Lot_202606.zip,0.27
13006,\shp,13006_Urban_Neighborhood_202606.zip,0.03
13006,\shp,13006_Urban_Nomenclature_202606.zip,0.15
13006,\shp,13006_Urban_Nomenclature_Road_202606.zip,0.03
13006,\shp,13006_Urban_Perimeter_202606.zip,0.04
13006,\shp,13006_Urban_Sector_202606.zip,0.03
13030,\shp,13030_OSM_Road_202608.zip,0.02
13030,\shp,13030_R1_202607.zip,0.0
13030,\shp,13030_R2_202607.zip,0.01
13030,\shp,13030_Rural_Building_202606.zip,0.03
13030,\shp,13030_Rural_Lot_202606.zip,0.16
13030,\shp,13030_Rural_Sector_202606.zip,0.04
13030,\shp,13030_Rural_Vereda_202606.zip,0.05
13030,\shp,13030_Urban_Block_202606.zip,0.02
13030,\shp,13030_Urban_Building_202606.zip,0.02
13030,\shp,13030_Urban_Lot_202606.zip,0.02
13030,\shp,13030_Urban_Nomenclature_202606.zip,0.01
13030,\shp,13030_Urban_Perimeter_202606.zip,0.01
13030,\shp,13030_Urban_Sector_202606.zip,0.01
13042,\shp,13042_OSM_Road_202608.zip,0.05
13042,\shp,13042_R1_202607.zip,0.02
13042,\shp,13042_R2_202607.zip,0.04
13042,\shp,13042_Rural_Building_202606.zip,0.06
13042,\shp,13042_Rural_Lot_202606.zip,0.5
13042,\shp,13042_Rural_Nomenclature_202606.zip,0.05
13042,\shp,13042_Rural_Sector_202606.zip,0.06
13042,\shp,13042_Rural_Vereda_202606.zip,0.16
13042,\shp,13042_Urban_Block_202606.zip,0.06
13042,\shp,13042_Urban_Building_202606.zip,0.13
13042,\shp,13042_Urban_Lot_202606.zip,0.17
13042,\shp,13042_Urban_Nomenclature_202606.zip,0.08
13042,\shp,13042_Urban_Perimeter_202606.zip,0.0
13042,\shp,13042_Urban_Sector_202606.zip,0.0
13052,\shp,13052_OSM_Road_202608.zip,0.19
13052,\shp,13052_R1_202607.zip,0.23
13052,\shp,13052_R2_202607.zip,0.25
13052,\shp,13052_Rural_Building_202606.zip,0.04
13052,\shp,13052_Rural_Lot_202606.zip,0.75
13052,\shp,13052_Rural_Nomenclature_202606.zip,0.05
13052,\shp,13052_Rural_Sector_202606.zip,0.14
13052,\shp,13052_Rural_Vereda_202606.zip,0.15
13052,\shp,13052_Urban_Block_202606.zip,0.43
13052,\shp,13052_Urban_Building_202606.zip,1.32
13052,\shp,13052_Urban_Lot_202606.zip,0.97
13052,\shp,13052_Urban_Nomenclature_202606.zip,0.69
13052,\shp,13052_Urban_Nomenclature_Road_202606.zip,0.09
13052,\shp,13052_Urban_Perimeter_202606.zip,0.03
13062,\shp,13062_OSM_Road_202608.zip,0.03
13062,\shp,13062_R1_202607.zip,0.03
13062,\shp,13062_R2_202607.zip,0.03
13062,\shp,13062_Rural_Lot_202606.zip,0.23
13062,\shp,13062_Rural_Nomenclature_202606.zip,0.0
13062,\shp,13062_Rural_Sector_202606.zip,0.06
13062,\shp,13062_Rural_Vereda_202606.zip,0.07
13062,\shp,13062_Urban_Block_202606.zip,0.08
13062,\shp,13062_Urban_Building_202606.zip,0.14
13062,\shp,13062_Urban_Lot_202606.zip,0.14
13062,\shp,13062_Urban_Neighborhood_202606.zip,0.01
13062,\shp,13062_Urban_Nomenclature_202606.zip,0.1
13062,\shp,13062_Urban_Nomenclature_Road_202606.zip,0.01
13062,\shp,13062_Urban_Perimeter_202606.zip,0.01
13062,\shp,13062_Urban_Sector_202606.zip,0.01
13074,\shp,13074_OSM_Road_202608.zip,0.04
13074,\shp,13074_R1_202607.zip,0.05
13074,\shp,13074_R2_202607.zip,0.06
13074,\shp,13074_Rural_Lot_202606.zip,0.28
13074,\shp,13074_Rural_Nomenclature_202606.zip,0.0
13074,\shp,13074_Rural_Sector_202606.zip,0.05
13074,\shp,13074_Rural_Vereda_202606.zip,0.56
13074,\shp,13074_Urban_Block_202606.zip,0.14
13074,\shp,13074_Urban_Building_202606.zip,0.22
13074,\shp,13074_Urban_Lot_202606.zip,0.25
13074,\shp,13074_Urban_Nomenclature_202606.zip,0.16
13074,\shp,13074_Urban_Nomenclature_Road_202606.zip,0.03
13074,\shp,13074_Urban_Perimeter_202606.zip,0.02
13078,\shp,13078_Urban_Perimeter_202606.zip,0.02
13140,\shp,13140_OSM_Road_202608.zip,0.05
13140,\shp,13140_R1_202607.zip,0.02
13140,\shp,13140_R2_202607.zip,0.03
13140,\shp,13140_Rural_Building_202606.zip,0.04
13140,\shp,13140_Rural_Lot_202606.zip,13.83
13140,\shp,13140_Rural_Sector_202606.zip,4.51
13140,\shp,13140_Rural_Vereda_202606.zip,5.99
13140,\shp,13140_Urban_Block_202606.zip,0.28
13140,\shp,13140_Urban_Building_202606.zip,0.12
13140,\shp,13140_Urban_Lot_202606.zip,0.36
13140,\shp,13140_Urban_Nomenclature_202606.zip,0.27
13140,\shp,13140_Urban_Nomenclature_Road_202606.zip,0.01
13140,\shp,13140_Urban_Perimeter_202606.zip,0.03
13140,\shp,13140_Urban_Sector_202606.zip,0.03
13160,\shp,13160_OSM_Road_202608.zip,0.04
13160,\shp,13160_R1_202607.zip,0.02
13160,\shp,13160_R2_202607.zip,0.03
13160,\shp,13160_Rural_Lot_202606.zip,0.26
13160,\shp,13160_Rural_Nomenclature_202606.zip,0.0
13160,\shp,13160_Rural_Sector_202606.zip,0.11
13160,\shp,13160_Rural_Vereda_202606.zip,0.17
13160,\shp,13160_Urban_Block_202606.zip,0.04
13160,\shp,13160_Urban_Building_202606.zip,0.11
13160,\shp,13160_Urban_Lot_202606.zip,0.09
13160,\shp,13160_Urban_Neighborhood_202606.zip,0.01
13160,\shp,13160_Urban_Nomenclature_202606.zip,0.05
13160,\shp,13160_Urban_Nomenclature_Road_202606.zip,0.01
13160,\shp,13160_Urban_Perimeter_202606.zip,0.01
13160,\shp,13160_Urban_Sector_202606.zip,0.01
13188,\shp,13188_OSM_Road_202608.zip,0.03
13188,\shp,13188_R1_202607.zip,0.04
13188,\shp,13188_R2_202607.zip,0.05
13188,\shp,13188_Rural_Lot_202606.zip,0.31
13188,\shp,13188_Rural_Sector_202606.zip,0.25
13188,\shp,13188_Rural_Vereda_202606.zip,0.26
13188,\shp,13188_Urban_Block_202606.zip,0.14
13188,\shp,13188_Urban_Building_202606.zip,0.26
13188,\shp,13188_Urban_Lot_202606.zip,0.28
13188,\shp,13188_Urban_Nomenclature_202606.zip,0.13
13188,\shp,13188_Urban_Nomenclature_Road_202606.zip,0.03
13188,\shp,13188_Urban_Perimeter_202606.zip,0.01
13212,\shp,13212_OSM_Road_202608.zip,0.08
13212,\shp,13212_R1_202607.zip,0.04
13212,\shp,13212_R2_202607.zip,0.06
13212,\shp,13212_Rural_Building_202606.zip,0.09
13212,\shp,13212_Rural_Lot_202606.zip,1.06
13212,\shp,13212_Rural_Nomenclature_202606.zip,0.0
13212,\shp,13212_Rural_Sector_202606.zip,0.57
13212,\shp,13212_Rural_Vereda_202606.zip,1.25
13212,\shp,13212_Urban_Block_202606.zip,0.07
13212,\shp,13212_Urban_Building_202606.zip,0.08
13212,\shp,13212_Urban_Lot_202606.zip,0.1
13212,\shp,13212_Urban_Nomenclature_202606.zip,0.06
13212,\shp,13212_Urban_Nomenclature_Road_202606.zip,0.02
13212,\shp,13212_Urban_Perimeter_202606.zip,0.0
13212,\shp,13212_Urban_Sector_202606.zip,0.0
13222,\shp,13222_OSM_Road_202608.zip,0.05
13222,\shp,13222_R1_202607.zip,0.04
13222,\shp,13222_R2_202607.zip,0.04
13222,\shp,13222_Rural_Lot_202606.zip,2.12
13222,\shp,13222_Rural_Nomenclature_202606.zip,0.0
13222,\shp,13222_Rural_Sector_202606.zip,0.04
13222,\shp,13222_Rural_Vereda_202606.zip,0.04
13222,\shp,13222_Urban_Block_202606.zip,0.07
13222,\shp,13222_Urban_Building_202606.zip,0.21
13222,\shp,13222_Urban_Lot_202606.zip,0.16
13222,\shp,13222_Urban_Neighborhood_202606.zip,0.02
13222,\shp,13222_Urban_Nomenclature_202606.zip,0.1
13222,\shp,13222_Urban_Nomenclature_Road_202606.zip,0.01
13222,\shp,13222_Urban_Perimeter_202606.zip,0.02
13222,\shp,13222_Urban_Sector_202606.zip,0.01
13244,\shp,13244_OSM_Road_202608.zip,0.27
13244,\shp,13244_R1_202607.zip,0.13
13244,\shp,13244_R2_202607.zip,0.2
13244,\shp,13244_Rural_Building_202606.zip,0.41
13244,\shp,13244_Rural_Lot_202606.zip,8.01
13244,\shp,13244_Rural_Nomenclature_202606.zip,0.0
13244,\shp,13244_Rural_Sector_202606.zip,0.18
13244,\shp,13244_Rural_Vereda_202606.zip,0.33
13244,\shp,13244_Urban_Block_202606.zip,0.6
13244,\shp,13244_Urban_Building_202606.zip,0.85
13244,\shp,13244_Urban_Lot_202606.zip,1.28
13244,\shp,13244_Urban_Nomenclature_202606.zip,0.57
13244,\shp,13244_Urban_Nomenclature_Road_202606.zip,0.07
13244,\shp,13244_Urban_Perimeter_202606.zip,0.01
13244,\shp,13244_Urban_Sector_202606.zip,0.01
13248,\shp,13248_OSM_Road_202608.zip,0.04
13248,\shp,13248_R1_202607.zip,0.03
13248,\shp,13248_R2_202607.zip,0.05
13248,\shp,13248_Rural_Building_202606.zip,0.08
13248,\shp,13248_Rural_Lot_202606.zip,0.51
13248,\shp,13248_Rural_Sector_202606.zip,0.09
13248,\shp,13248_Rural_Vereda_202606.zip,0.1
13248,\shp,13248_Urban_Block_202606.zip,0.07
13248,\shp,13248_Urban_Building_202606.zip,0.13
13248,\shp,13248_Urban_Lot_202606.zip,0.11
13248,\shp,13248_Urban_Nomenclature_202606.zip,0.06
13248,\shp,13248_Urban_Nomenclature_Road_202606.zip,0.02
13248,\shp,13248_Urban_Perimeter_202606.zip,0.01
13248,\shp,13248_Urban_Sector_202606.zip,0.01
13268,\shp,13268_OSM_Road_202608.zip,0.02
13268,\shp,13268_R1_202607.zip,0.03
13268,\shp,13268_R2_202607.zip,0.03
13268,\shp,13268_Rural_Lot_202606.zip,0.22
13268,\shp,13268_Rural_Nomenclature_202606.zip,0.0
13268,\shp,13268_Rural_Sector_202606.zip,0.04
13268,\shp,13268_Rural_Vereda_202606.zip,0.04
13268,\shp,13268_Urban_Block_202606.zip,0.07
13268,\shp,13268_Urban_Building_202606.zip,0.12
13268,\shp,13268_Urban_Lot_202606.zip,0.12
13268,\shp,13268_Urban_Nomenclature_202606.zip,0.07
13268,\shp,13268_Urban_Nomenclature_Road_202606.zip,0.02
13268,\shp,13268_Urban_Perimeter_202606.zip,0.01
13300,\shp,13300_OSM_Road_202608.zip,0.03
13300,\shp,13300_R1_202607.zip,0.04
13300,\shp,13300_R2_202607.zip,0.04
13300,\shp,13300_Rural_Lot_202606.zip,0.17
13300,\shp,13300_Rural_Nomenclature_202606.zip,0.0
13300,\shp,13300_Rural_Sector_202606.zip,0.04
13300,\shp,13300_Rural_Vereda_202606.zip,0.04
13300,\shp,13300_Urban_Block_202606.zip,0.1
13300,\shp,13300_Urban_Building_202606.zip,0.18
13300,\shp,13300_Urban_Lot_202606.zip,0.2
13300,\shp,13300_Urban_Nomenclature_202606.zip,0.12
13300,\shp,13300_Urban_Nomenclature_Road_202606.zip,0.02
13300,\shp,13300_Urban_Perimeter_202606.zip,0.02
13430,\shp,13430_OSM_Road_202608.zip,0.24
13430,\shp,13430_R1_202607.zip,0.38
13430,\shp,13430_R2_202607.zip,0.49
13430,\shp,13430_Rural_Building_202606.zip,0.29
13430,\shp,13430_Rural_Lot_202606.zip,1.34
13430,\shp,13430_Rural_Nomenclature_202606.zip,0.15
13430,\shp,13430_Rural_Sector_202606.zip,0.16
13430,\shp,13430_Rural_Vereda_202606.zip,0.16
13430,\shp,13430_Urban_Block_202606.zip,0.98
13430,\shp,13430_Urban_Building_202606.zip,3.62
13430,\shp,13430_Urban_Lot_202606.zip,3.79
13430,\shp,13430_Urban_Nomenclature_202606.zip,1.42
13430,\shp,13430_Urban_Perimeter_202606.zip,0.06
13430,\shp,13430_Urban_Sector_202606.zip,0.08
13433,\shp,13433_OSM_Road_202608.zip,0.09
13433,\shp,13433_R1_202607.zip,0.1
13433,\shp,13433_R2_202607.zip,0.1
13433,\shp,13433_Rural_Building_202606.zip,0.0
13433,\shp,13433_Rural_Lot_202606.zip,0.93
13433,\shp,13433_Rural_Nomenclature_202606.zip,0.01
13433,\shp,13433_Rural_Sector_202606.zip,0.22
13433,\shp,13433_Rural_Vereda_202606.zip,0.26
13433,\shp,13433_Urban_Block_202606.zip,0.2
13433,\shp,13433_Urban_Building_202606.zip,0.45
13433,\shp,13433_Urban_Lot_202606.zip,0.39
13433,\shp,13433_Urban_Neighborhood_202606.zip,0.02
13433,\shp,13433_Urban_Nomenclature_202606.zip,0.29
13433,\shp,13433_Urban_Nomenclature_Road_202606.zip,0.04
13433,\shp,13433_Urban_Perimeter_202606.zip,0.02
13433,\shp,13433_Urban_Sector_202606.zip,0.02
13440,\shp,13440_OSM_Road_202608.zip,0.02
13440,\shp,13440_R1_202607.zip,0.04
13440,\shp,13440_R2_202607.zip,0.06
13440,\shp,13440_Rural_Lot_202606.zip,0.26
13440,\shp,13440_Rural_Nomenclature_Road_202606.zip,0.03
13440,\shp,13440_Rural_Sector_202606.zip,0.05
13440,\shp,13440_Rural_Vereda_202606.zip,0.07
13440,\shp,13440_Urban_Block_202606.zip,0.08
13440,\shp,13440_Urban_Building_202606.zip,0.2
13440,\shp,13440_Urban_Lot_202606.zip,0.16
13440,\shp,13440_Urban_Neighborhood_202606.zip,0.03
13440,\shp,13440_Urban_Nomenclature_202606.zip,0.09
13440,\shp,13440_Urban_Nomenclature_Road_202606.zip,0.01
13440,\shp,13440_Urban_Perimeter_202606.zip,0.03
13440,\shp,13440_Urban_Sector_202606.zip,0.03
13442,\shp,13442_OSM_Road_202608.zip,0.11
13442,\shp,13442_R1_202607.zip,0.06
13442,\shp,13442_R2_202607.zip,0.11
13442,\shp,13442_Rural_Building_202606.zip,0.39
13442,\shp,13442_Rural_Lot_202606.zip,1.56
13442,\shp,13442_Rural_Nomenclature_202606.zip,0.0
13442,\shp,13442_Rural_Sector_202606.zip,0.14
13442,\shp,13442_Rural_Vereda_202606.zip,0.23
13442,\shp,13442_Urban_Block_202606.zip,0.15
13442,\shp,13442_Urban_Building_202606.zip,0.16
13442,\shp,13442_Urban_Lot_202606.zip,0.3
13442,\shp,13442_Urban_Nomenclature_202606.zip,0.08
13442,\shp,13442_Urban_Perimeter_202606.zip,0.01
13442,\shp,13442_Urban_Sector_202606.zip,0.02
13458,\shp,13458_OSM_Road_202608.zip,0.04
13458,\shp,13458_R1_202607.zip,0.03
13458,\shp,13458_R2_202607.zip,0.03
13458,\shp,13458_Rural_Lot_202606.zip,0.16
13458,\shp,13458_Rural_Sector_202606.zip,0.14
13458,\shp,13458_Rural_Vereda_202606.zip,0.13
13458,\shp,13458_Urban_Block_202606.zip,0.08
13458,\shp,13458_Urban_Building_202606.zip,0.14
13458,\shp,13458_Urban_Lot_202606.zip,0.13
13458,\shp,13458_Urban_Nomenclature_202606.zip,0.08
13458,\shp,13458_Urban_Nomenclature_Road_202606.zip,0.01
13458,\shp,13458_Urban_Perimeter_202606.zip,0.02
13468,\shp,13468_OSM_Road_202608.zip,0.09
13468,\shp,13468_R1_202607.zip,0.2
13468,\shp,13468_R2_202607.zip,0.23
13468,\shp,13468_Rural_Lot_202606.zip,0.58
13468,\shp,13468_Rural_Nomenclature_202606.zip,0.0
13468,\shp,13468_Rural_Nomenclature_Road_202606.zip,0.01
13468,\shp,13468_Rural_Sector_202606.zip,0.14
13468,\shp,13468_Rural_Vereda_202606.zip,0.16
13468,\shp,13468_Urban_Block_202606.zip,0.42
13468,\shp,13468_Urban_Building_202606.zip,1.19
13468,\shp,13468_Urban_Lot_202606.zip,1.09
13468,\shp,13468_Urban_Nomenclature_202606.zip,0.58
13468,\shp,13468_Urban_Nomenclature_Road_202606.zip,0.07
13468,\shp,13468_Urban_Perimeter_202606.zip,0.05
13468,\shp,13468_Urban_Sector_202606.zip,0.01
13473,\shp,13473_OSM_Road_202608.zip,0.1
13473,\shp,13473_R1_202607.zip,0.05
13473,\shp,13473_R2_202607.zip,0.07
13473,\shp,13473_Rural_Building_202606.zip,0.0
13473,\shp,13473_Rural_Lot_202606.zip,0.56
13473,\shp,13473_Rural_Nomenclature_202606.zip,0.0
13473,\shp,13473_Rural_Sector_202606.zip,0.15
13473,\shp,13473_Rural_Vereda_202606.zip,0.15
13473,\shp,13473_Urban_Block_202606.zip,0.15
13473,\shp,13473_Urban_Building_202606.zip,0.25
13473,\shp,13473_Urban_Lot_202606.zip,0.29
13473,\shp,13473_Urban_Neighborhood_202606.zip,0.01
13473,\shp,13473_Urban_Nomenclature_202606.zip,0.2
13473,\shp,13473_Urban_Nomenclature_Road_202606.zip,0.02
13473,\shp,13473_Urban_Perimeter_202606.zip,0.03
13473,\shp,13473_Urban_Sector_202606.zip,0.01
13490,\shp,13490_OSM_Road_202608.zip,0.05
13490,\shp,13490_R1_202607.zip,0.02
13490,\shp,13490_R2_202607.zip,0.02
13490,\shp,13490_Rural_Lot_202606.zip,0.13
13490,\shp,13490_Rural_Nomenclature_202606.zip,0.0
13490,\shp,13490_Rural_Sector_202606.zip,0.05
13490,\shp,13490_Rural_Vereda_202606.zip,0.05
13490,\shp,13490_Urban_Block_202606.zip,0.04
13490,\shp,13490_Urban_Building_202606.zip,0.07
13490,\shp,13490_Urban_Lot_202606.zip,0.07
13490,\shp,13490_Urban_Neighborhood_202606.zip,0.01
13490,\shp,13490_Urban_Nomenclature_202606.zip,0.04
13490,\shp,13490_Urban_Nomenclature_Road_202606.zip,0.01
13490,\shp,13490_Urban_Perimeter_202606.zip,0.01
13490,\shp,13490_Urban_Sector_202606.zip,0.01
13549,\shp,13549_OSM_Road_202608.zip,0.06
13549,\shp,13549_R1_202607.zip,0.07
13549,\shp,13549_R2_202607.zip,0.09
13549,\shp,13549_Rural_Lot_202606.zip,0.51
13549,\shp,13549_Rural_Nomenclature_202606.zip,0.0
13549,\shp,13549_Rural_Sector_202606.zip,0.1
13549,\shp,13549_Rural_Vereda_202606.zip,0.11
13549,\shp,13549_Urban_Block_202606.zip,0.16
13549,\shp,13549_Urban_Building_202606.zip,0.21
13549,\shp,13549_Urban_Lot_202606.zip,0.32
13549,\shp,13549_Urban_Neighborhood_202606.zip,0.05
13549,\shp,13549_Urban_Nomenclature_202606.zip,0.15
13549,\shp,13549_Urban_Nomenclature_Road_202606.zip,0.06
13549,\shp,13549_Urban_Perimeter_202606.zip,0.04
13549,\shp,13549_Urban_Sector_202606.zip,0.05
13580,\shp,13580_OSM_Road_202608.zip,0.03
13580,\shp,13580_R1_202607.zip,0.02
13580,\shp,13580_R2_202607.zip,0.03
13580,\shp,13580_Rural_Lot_202606.zip,0.12
13580,\shp,13580_Rural_Sector_202606.zip,0.04
13580,\shp,13580_Rural_Vereda_202606.zip,0.04
13580,\shp,13580_Urban_Block_202606.zip,0.06
13580,\shp,13580_Urban_Building_202606.zip,0.1
13580,\shp,13580_Urban_Lot_202606.zip,0.12
13580,\shp,13580_Urban_Neighborhood_202606.zip,0.01
13580,\shp,13580_Urban_Nomenclature_202606.zip,0.07
13580,\shp,13580_Urban_Nomenclature_Road_202606.zip,0.01
13580,\shp,13580_Urban_Perimeter_202606.zip,0.01
13580,\shp,13580_Urban_Sector_202606.zip,0.01
13600,\shp,13600_OSM_Road_202608.zip,0.05
13600,\shp,13600_R1_202607.zip,0.04
13600,\shp,13600_R2_202607.zip,0.05
13600,\shp,13600_Rural_Lot_202606.zip,0.33
13600,\shp,13600_Rural_Nomenclature_202606.zip,0.0
13600,\shp,13600_Rural_Sector_202606.zip,0.09
13600,\shp,13600_Rural_Vereda_202606.zip,0.1
13600,\shp,13600_Urban_Block_202606.zip,0.08
13600,\shp,13600_Urban_Building_202606.zip,0.15
13600,\shp,13600_Urban_Lot_202606.zip,0.15
13600,\shp,13600_Urban_Neighborhood_202606.zip,0.01
13600,\shp,13600_Urban_Nomenclature_202606.zip,0.1
13600,\shp,13600_Urban_Nomenclature_Road_202606.zip,0.02
13600,\shp,13600_Urban_Perimeter_202606.zip,0.01
13600,\shp,13600_Urban_Sector_202606.zip,0.01
13620,\shp,13620_OSM_Road_202608.zip,0.02
13620,\shp,13620_R1_202607.zip,0.03
13620,\shp,13620_R2_202607.zip,0.04
13620,\shp,13620_Rural_Lot_202606.zip,0.44
13620,\shp,13620_Rural_Nomenclature_202606.zip,0.0
13620,\shp,13620_Rural_Sector_202606.zip,0.08
13620,\shp,13620_Rural_Vereda_202606.zip,0.08
13620,\shp,13620_Urban_Block_202606.zip,0.09
13620,\shp,13620_Urban_Building_202606.zip,0.25
13620,\shp,13620_Urban_Lot_202606.zip,0.16
13620,\shp,13620_Urban_Neighborhood_202606.zip,0.01
13620,\shp,13620_Urban_Nomenclature_202606.zip,0.09
13620,\shp,13620_Urban_Nomenclature_Road_202606.zip,0.02
13620,\shp,13620_Urban_Perimeter_202606.zip,0.01
13620,\shp,13620_Urban_Sector_202606.zip,0.01
13647,\shp,13647_OSM_Road_202608.zip,0.06
13647,\shp,13647_R1_202607.zip,0.04
13647,\shp,13647_R2_202607.zip,0.06
13647,\shp,13647_Rural_Building_202606.zip,0.18
13647,\shp,13647_Rural_Lot_202606.zip,0.43
13647,\shp,13647_Rural_Nomenclature_202606.zip,0.12
13647,\shp,13647_Rural_Sector_202606.zip,0.04
13647,\shp,13647_Rural_Vereda_202606.zip,0.06
13647,\shp,13647_Urban_Block_202606.zip,0.2
13647,\shp,13647_Urban_Building_202606.zip,0.18
13647,\shp,13647_Urban_Lot_202606.zip,0.39
13647,\shp,13647_Urban_Nomenclature_202606.zip,0.26
13647,\shp,13647_Urban_Perimeter_202606.zip,0.0
13647,\shp,13647_Urban_Sector_202606.zip,0.07
13650,\shp,13650_OSM_Road_202608.zip,0.02
13650,\shp,13650_R1_202607.zip,0.03
13650,\shp,13650_R2_202607.zip,0.03
13650,\shp,13650_Rural_Lot_202606.zip,0.16
13650,\shp,13650_Rural_Nomenclature_202606.zip,0.0
13650,\shp,13650_Rural_Sector_202606.zip,0.02
13650,\shp,13650_Rural_Vereda_202606.zip,0.03
13650,\shp,13650_Urban_Block_202606.zip,0.09
13650,\shp,13650_Urban_Building_202606.zip,0.12
13650,\shp,13650_Urban_Lot_202606.zip,0.17
13650,\shp,13650_Urban_Neighborhood_202606.zip,0.01
13650,\shp,13650_Urban_Nomenclature_202606.zip,0.04
13650,\shp,13650_Urban_Nomenclature_Road_202606.zip,0.02
13650,\shp,13650_Urban_Perimeter_202606.zip,0.03
13650,\shp,13650_Urban_Sector_202606.zip,0.01
13654,\shp,13654_OSM_Road_202608.zip,0.12
13654,\shp,13654_R1_202607.zip,0.08
13654,\shp,13654_R2_202607.zip,0.13
13654,\shp,13654_Rural_Building_202606.zip,0.16
13654,\shp,13654_Rural_Lot_202606.zip,3.48
13654,\shp,13654_Rural_Nomenclature_202606.zip,0.02
13654,\shp,13654_Rural_Sector_202606.zip,0.15
13654,\shp,13654_Rural_Vereda_202606.zip,0.4
13654,\shp,13654_Urban_Block_202606.zip,0.25
13654,\shp,13654_Urban_Building_202606.zip,0.66
13654,\shp,13654_Urban_Lot_202606.zip,0.52
13654,\shp,13654_Urban_Nomenclature_202606.zip,0.26
13654,\shp,13654_Urban_Nomenclature_Road_202606.zip,0.82
13654,\shp,13654_Urban_Perimeter_202606.zip,0.01
13654,\shp,13654_Urban_Sector_202606.zip,0.01
13655,\shp,13655_OSM_Road_202608.zip,0.06
13655,\shp,13655_R1_202607.zip,0.03
13655,\shp,13655_R2_202607.zip,0.04
13655,\shp,13655_Rural_Building_202606.zip,0.0
13655,\shp,13655_Rural_Lot_202606.zip,0.22
13655,\shp,13655_Rural_Nomenclature_202606.zip,0.0
13655,\shp,13655_Rural_Sector_202606.zip,0.05
13655,\shp,13655_Rural_Vereda_202606.zip,0.05
13655,\shp,13655_Urban_Block_202606.zip,0.06
13655,\shp,13655_Urban_Building_202606.zip,0.11
13655,\shp,13655_Urban_Lot_202606.zip,0.12
13655,\shp,13655_Urban_Neighborhood_202606.zip,0.01
13655,\shp,13655_Urban_Nomenclature_202606.zip,0.08
13655,\shp,13655_Urban_Nomenclature_Road_202606.zip,0.01
13655,\shp,13655_Urban_Perimeter_202606.zip,0.01
13655,\shp,13655_Urban_Sector_202606.zip,0.01
13657,\shp,13657_OSM_Road_202608.zip,0.15
13657,\shp,13657_R1_202607.zip,0.14
13657,\shp,13657_R2_202607.zip,0.16
13657,\shp,13657_Rural_Building_202606.zip,0.0
13657,\shp,13657_Rural_Lot_202606.zip,1.12
13657,\shp,13657_Rural_Nomenclature_202606.zip,0.01
13657,\shp,13657_Rural_Sector_202606.zip,0.09
13657,\shp,13657_Rural_Vereda_202606.zip,0.13
13657,\shp,13657_Urban_Block_202606.zip,0.37
13657,\shp,13657_Urban_Building_202606.zip,0.95
13657,\shp,13657_Urban_Lot_202606.zip,0.83
13657,\shp,13657_Urban_Neighborhood_202606.zip,0.03
13657,\shp,13657_Urban_Nomenclature_202606.zip,0.51
13657,\shp,13657_Urban_Nomenclature_Road_202606.zip,0.06
13657,\shp,13657_Urban_Perimeter_202606.zip,0.03
13657,\shp,13657_Urban_Sector_202606.zip,0.03
13667,\shp,13667_OSM_Road_202608.zip,0.07
13667,\shp,13667_R1_202607.zip,0.05
13667,\shp,13667_R2_202607.zip,0.05
13667,\shp,13667_Rural_Lot_202606.zip,0.35
13667,\shp,13667_Rural_Sector_202606.zip,0.06
13667,\shp,13667_Rural_Vereda_202606.zip,0.07
13667,\shp,13667_Urban_Block_202606.zip,0.12
13667,\shp,13667_Urban_Building_202606.zip,0.22
13667,\shp,13667_Urban_Lot_202606.zip,0.24
13667,\shp,13667_Urban_Nomenclature_202606.zip,0.14
13667,\shp,13667_Urban_Nomenclature_Road_202606.zip,0.02
13667,\shp,13667_Urban_Perimeter_202606.zip,0.01
13667,\shp,13667_Urban_Sector_202606.zip,0.0
13670,\shp,13670_OSM_Road_202608.zip,0.14
13670,\shp,13670_Rural_Lot_202606.zip,0.71
13670,\shp,13670_Urban_Lot_202606.zip,0.51
13673,\shp,13673_OSM_Road_202608.zip,0.07
13673,\shp,13673_R1_202607.zip,0.05
13673,\shp,13673_R2_202607.zip,0.05
13673,\shp,13673_Rural_Building_202606.zip,0.0
13673,\shp,13673_Rural_Lot_202606.zip,0.12
13673,\shp,13673_Rural_Nomenclature_202606.zip,0.0
13673,\shp,13673_Rural_Sector_202606.zip,0.04
13673,\shp,13673_Rural_Vereda_202606.zip,0.04
13673,\shp,13673_Urban_Block_202606.zip,0.05
13673,\shp,13673_Urban_Building_202606.zip,0.12
13673,\shp,13673_Urban_Lot_202606.zip,0.09
13673,\shp,13673_Urban_Neighborhood_202606.zip,0.01
13673,\shp,13673_Urban_Nomenclature_202606.zip,0.07
13673,\shp,13673_Urban_Nomenclature_Road_202606.zip,0.01
13673,\shp,13673_Urban_Perimeter_202606.zip,0.01
13673,\shp,13673_Urban_Sector_202606.zip,0.01
13683,\shp,13683_OSM_Road_202608.zip,0.08
13683,\shp,13683_R1_202607.zip,0.07
13683,\shp,13683_R2_202607.zip,0.07
13683,\shp,13683_Rural_Building_202606.zip,0.0
13683,\shp,13683_Rural_Lot_202606.zip,0.23
13683,\shp,13683_Rural_Nomenclature_202606.zip,0.01
13683,\shp,13683_Rural_Sector_202606.zip,0.02
13683,\shp,13683_Rural_Vereda_202606.zip,0.03
13683,\shp,13683_Urban_Block_202606.zip,0.14
13683,\shp,13683_Urban_Building_202606.zip,0.31
13683,\shp,13683_Urban_Lot_202606.zip,0.31
13683,\shp,13683_Urban_Nomenclature_202606.zip,0.23
13683,\shp,13683_Urban_Nomenclature_Road_202606.zip,0.02
13683,\shp,13683_Urban_Perimeter_202606.zip,0.0
13688,\shp,13688_OSM_Road_202608.zip,0.45
13688,\shp,13688_R1_202607.zip,0.11
13688,\shp,13688_R2_202607.zip,0.13
13688,\shp,13688_Rural_Building_202606.zip,0.11
13688,\shp,13688_Rural_Lot_202606.zip,4.06
13688,\shp,13688_Rural_Nomenclature_202606.zip,0.2
13688,\shp,13688_Rural_Sector_202606.zip,1.03
13688,\shp,13688_Rural_Vereda_202606.zip,1.11
13688,\shp,13688_Urban_Block_202606.zip,0.2
13688,\shp,13688_Urban_Building_202606.zip,0.4
13688,\shp,13688_Urban_Lot_202606.zip,0.52
13688,\shp,13688_Urban_Nomenclature_202606.zip,0.32
13688,\shp,13688_Urban_Nomenclature_Road_202606.zip,0.04
13688,\shp,13688_Urban_Perimeter_202606.zip,0.02
13688,\shp,13688_Urban_Sector_202606.zip,0.05
13744,\shp,13744_OSM_Road_202608.zip,0.15
13744,\shp,13744_R1_202607.zip,0.08
13744,\shp,13744_R2_202607.zip,0.11
13744,\shp,13744_Rural_Lot_202606.zip,0.86
13744,\shp,13744_Rural_Nomenclature_202606.zip,0.01
13744,\shp,13744_Rural_Sector_202606.zip,0.24
13744,\shp,13744_Rural_Vereda_202606.zip,0.24
13744,\shp,13744_Urban_Block_202606.zip,0.28
13744,\shp,13744_Urban_Building_202606.zip,0.47
13744,\shp,13744_Urban_Lot_202606.zip,0.69
13744,\shp,13744_Urban_Nomenclature_202606.zip,0.26
13744,\shp,13744_Urban_Nomenclature_Road_202606.zip,0.05
13744,\shp,13744_Urban_Perimeter_202606.zip,0.04
13760,\shp,13760_OSM_Road_202608.zip,0.02
13760,\shp,13760_R1_202607.zip,0.03
13760,\shp,13760_R2_202607.zip,0.04
13760,\shp,13760_Rural_Building_202606.zip,0.0
13760,\shp,13760_Rural_Lot_202606.zip,0.1
13760,\shp,13760_Rural_Nomenclature_202606.zip,0.0
13760,\shp,13760_Rural_Sector_202606.zip,0.03
13760,\shp,13760_Rural_Vereda_202606.zip,0.04
13760,\shp,13760_Urban_Block_202606.zip,0.09
13760,\shp,13760_Urban_Building_202606.zip,0.21
13760,\shp,13760_Urban_Lot_202606.zip,0.19
13760,\shp,13760_Urban_Nomenclature_202606.zip,0.04
13760,\shp,13760_Urban_Nomenclature_Road_202606.zip,0.01
13760,\shp,13760_Urban_Perimeter_202606.zip,0.01
13780,\shp,13780_OSM_Road_202608.zip,0.02
13780,\shp,13780_R1_202607.zip,0.04
13780,\shp,13780_R2_202607.zip,0.04
13780,\shp,13780_Rural_Lot_202606.zip,0.17
13780,\shp,13780_Rural_Nomenclature_202606.zip,0.0
13780,\shp,13780_Rural_Sector_202606.zip,0.05
13780,\shp,13780_Rural_Vereda_202606.zip,0.05
13780,\shp,13780_Urban_Block_202606.zip,0.06
13780,\shp,13780_Urban_Building_202606.zip,0.12
13780,\shp,13780_Urban_Lot_202606.zip,0.13
13780,\shp,13780_Urban_Nomenclature_202606.zip,0.08
13780,\shp,13780_Urban_Nomenclature_Road_202606.zip,0.03
13780,\shp,13780_Urban_Perimeter_202606.zip,0.0
13810,\shp,13810_OSM_Road_202608.zip,0.06
13810,\shp,13810_R1_202607.zip,0.04
13810,\shp,13810_R2_202607.zip,0.04
13810,\shp,13810_Rural_Lot_202606.zip,0.29
13810,\shp,13810_Rural_Nomenclature_202606.zip,0.0
13810,\shp,13810_Rural_Sector_202606.zip,0.04
13810,\shp,13810_Rural_Vereda_202606.zip,0.05
13810,\shp,13810_Urban_Block_202606.zip,0.15
13810,\shp,13810_Urban_Building_202606.zip,0.27
13810,\shp,13810_Urban_Lot_202606.zip,0.22
13810,\shp,13810_Urban_Neighborhood_202606.zip,0.03
13810,\shp,13810_Urban_Nomenclature_202606.zip,0.14
13810,\shp,13810_Urban_Nomenclature_Road_202606.zip,0.03
13810,\shp,13810_Urban_Perimeter_202606.zip,0.03
13810,\shp,13810_Urban_Sector_202606.zip,0.03
13830,\shp,13830_Urban_Lot_202001.zip,0.0
13836,\shp,13836_OSM_Road_202608.zip,0.39
13836,\shp,13836_R1_202607.zip,0.45
13836,\shp,13836_R2_202607.zip,0.48
13836,\shp,13836_Rural_Building_202606.zip,0.78
13836,\shp,13836_Rural_Lot_202606.zip,2.67
13836,\shp,13836_Rural_Nomenclature_202606.zip,0.55
13836,\shp,13836_Rural_Sector_202606.zip,0.29
13836,\shp,13836_Rural_Vereda_202606.zip,0.34
13836,\shp,13836_Urban_Block_202606.zip,0.83
13836,\shp,13836_Urban_Building_202606.zip,2.57
13836,\shp,13836_Urban_Lot_202606.zip,3.32
13836,\shp,13836_Urban_Neighborhood_202606.zip,0.74
13836,\shp,13836_Urban_Nomenclature_202606.zip,1.07
13836,\shp,13836_Urban_Perimeter_202606.zip,0.02
13836,\shp,13836_Urban_Sector_202606.zip,0.76
13838,\shp,13838_OSM_Road_202608.zip,0.08
13838,\shp,13838_R1_202607.zip,0.05
13838,\shp,13838_R2_202607.zip,0.06
13838,\shp,13838_Rural_Building_202606.zip,0.0
13838,\shp,13838_Rural_Lot_202606.zip,0.27
13838,\shp,13838_Rural_Nomenclature_202606.zip,0.01
13838,\shp,13838_Rural_Sector_202606.zip,0.04
13838,\shp,13838_Rural_Vereda_202606.zip,0.06
13838,\shp,13838_Urban_Block_202606.zip,0.11
13838,\shp,13838_Urban_Building_202606.zip,0.28
13838,\shp,13838_Urban_Lot_202606.zip,0.23
13838,\shp,13838_Urban_Neighborhood_202606.zip,0.01
13838,\shp,13838_Urban_Nomenclature_202606.zip,0.13
13838,\shp,13838_Urban_Nomenclature_Road_202606.zip,0.03
13838,\shp,13838_Urban_Perimeter_202606.zip,0.01
13838,\shp,13838_Urban_Sector_202606.zip,0.05
13873,\shp,13873_OSM_Road_202608.zip,0.04
13873,\shp,13873_R1_202607.zip,0.06
13873,\shp,13873_R2_202607.zip,0.05
13873,\shp,13873_Rural_Building_202606.zip,0.02
13873,\shp,13873_Rural_Lot_202606.zip,0.28
13873,\shp,13873_Rural_Nomenclature_202606.zip,0.0
13873,\shp,13873_Rural_Sector_202606.zip,0.09
13873,\shp,13873_Rural_Vereda_202606.zip,0.1
13873,\shp,13873_Urban_Block_202606.zip,0.13
13873,\shp,13873_Urban_Building_202606.zip,0.27
13873,\shp,13873_Urban_Lot_202606.zip,0.27
13873,\shp,13873_Urban_Neighborhood_202606.zip,0.01
13873,\shp,13873_Urban_Nomenclature_202606.zip,0.16
13873,\shp,13873_Urban_Nomenclature_Road_202606.zip,0.02
13873,\shp,13873_Urban_Perimeter_202606.zip,0.02
13873,\shp,13873_Urban_Sector_202606.zip,0.01
13894,\shp,13894_OSM_Road_202608.zip,0.04
13894,\shp,13894_R1_202607.zip,0.03
13894,\shp,13894_R2_202607.zip,0.04
13894,\shp,13894_Rural_Building_202606.zip,0.07
13894,\shp,13894_Rural_Lot_202606.zip,0.22
13894,\shp,13894_Rural_Nomenclature_202606.zip,0.06
13894,\shp,13894_Rural_Sector_202606.zip,0.02
13894,\shp,13894_Rural_Vereda_202606.zip,0.03
13894,\shp,13894_Urban_Block_202606.zip,0.13
13894,\shp,13894_Urban_Building_202606.zip,0.15
13894,\shp,13894_Urban_Lot_202606.zip,0.31
13894,\shp,13894_Urban_Nomenclature_202606.zip,0.17
13894,\shp,13894_Urban_Perimeter_202606.zip,0.0
13894,\shp,13894_Urban_Sector_202606.zip,0.0
15001,\shp,15001_OSM_Road_202608.zip,0.62
15001,\shp,15001_Rural_Lot_202606.zip,1.41
15001,\shp,15001_Urban_Lot_202606.zip,4.91
15022,\shp,15022_OSM_Road_202608.zip,0.05
15022,\shp,15022_R1_202607.zip,0.03
15022,\shp,15022_R2_202607.zip,0.03
15022,\shp,15022_Rural_Lot_202606.zip,0.5
15022,\shp,15022_Rural_Nomenclature_202606.zip,0.0
15022,\shp,15022_Rural_Sector_202606.zip,0.03
15022,\shp,15022_Rural_Vereda_202606.zip,0.05
15022,\shp,15022_Urban_Block_202606.zip,0.01
15022,\shp,15022_Urban_Building_202606.zip,0.01
15022,\shp,15022_Urban_Lot_202606.zip,0.03
15022,\shp,15022_Urban_Nomenclature_202606.zip,0.0
15022,\shp,15022_Urban_Nomenclature_Road_202606.zip,0.0
15022,\shp,15022_Urban_Perimeter_202606.zip,0.0
15022,\shp,15022_Urban_Sector_202606.zip,0.0
15047,\shp,15047_OSM_Road_202608.zip,0.38
15047,\shp,15047_R1_202607.zip,0.28
15047,\shp,15047_R2_202607.zip,0.36
15047,\shp,15047_Rural_Building_202606.zip,0.0
15047,\shp,15047_Rural_Lot_202606.zip,4.76
15047,\shp,15047_Rural_Nomenclature_202606.zip,0.0
15047,\shp,15047_Rural_Sector_202606.zip,0.27
15047,\shp,15047_Rural_Vereda_202606.zip,0.38
15047,\shp,15047_Urban_Block_202606.zip,0.09
15047,\shp,15047_Urban_Building_202606.zip,0.25
15047,\shp,15047_Urban_Lot_202606.zip,0.25
15047,\shp,15047_Urban_Nomenclature_202606.zip,0.11
15047,\shp,15047_Urban_Nomenclature_Road_202606.zip,0.02
15047,\shp,15047_Urban_Perimeter_202606.zip,0.01
15047,\shp,15047_Urban_Sector_202606.zip,0.01
15051,\shp,15051_OSM_Road_202608.zip,0.14
15051,\shp,15051_R1_202607.zip,0.05
15051,\shp,15051_R2_202607.zip,0.05
15051,\shp,15051_Rural_Building_202606.zip,0.0
15051,\shp,15051_Rural_Lot_202606.zip,0.84
15051,\shp,15051_Rural_Nomenclature_202606.zip,0.01
15051,\shp,15051_Rural_Sector_202606.zip,0.05
15051,\shp,15051_Rural_Vereda_202606.zip,0.09
15051,\shp,15051_Urban_Block_202606.zip,0.04
15051,\shp,15051_Urban_Building_202606.zip,0.09
15051,\shp,15051_Urban_Lot_202606.zip,0.13
15051,\shp,15051_Urban_Nomenclature_202606.zip,0.0
15051,\shp,15051_Urban_Nomenclature_Road_202606.zip,0.0
15051,\shp,15051_Urban_Perimeter_202606.zip,0.02
15051,\shp,15051_Urban_Sector_202606.zip,0.02
15087,\shp,15087_OSM_Road_202608.zip,0.14
15087,\shp,15087_R1_202607.zip,0.11
15087,\shp,15087_R2_202607.zip,0.1
15087,\shp,15087_Rural_Building_202606.zip,0.0
15087,\shp,15087_Rural_Lot_202606.zip,1.11
15087,\shp,15087_Rural_Nomenclature_202606.zip,0.0
15087,\shp,15087_Rural_Sector_202606.zip,0.05
15087,\shp,15087_Rural_Vereda_202606.zip,0.08
15087,\shp,15087_Urban_Block_202606.zip,0.11
15087,\shp,15087_Urban_Building_202606.zip,0.25
15087,\shp,15087_Urban_Lot_202606.zip,0.28
15087,\shp,15087_Urban_Nomenclature_202606.zip,0.0
15087,\shp,15087_Urban_Nomenclature_Road_202606.zip,0.01
15087,\shp,15087_Urban_Perimeter_202606.zip,0.01
15087,\shp,15087_Urban_Sector_202606.zip,0.01
15090,\shp,15090_OSM_Road_202608.zip,0.02
15090,\shp,15090_R1_202607.zip,0.02
15090,\shp,15090_R2_202607.zip,0.02
15090,\shp,15090_Rural_Lot_202606.zip,0.23
15090,\shp,15090_Rural_Nomenclature_202606.zip,0.0
15090,\shp,15090_Rural_Sector_202606.zip,0.02
15090,\shp,15090_Rural_Vereda_202606.zip,0.04
15090,\shp,15090_Urban_Block_202606.zip,0.01
15090,\shp,15090_Urban_Building_202606.zip,0.02
15090,\shp,15090_Urban_Lot_202606.zip,0.03
15090,\shp,15090_Urban_Neighborhood_202606.zip,0.0
15090,\shp,15090_Urban_Nomenclature_Road_202606.zip,0.0
15090,\shp,15090_Urban_Perimeter_202606.zip,0.0
15090,\shp,15090_Urban_Sector_202606.zip,0.0
15092,\shp,15092_OSM_Road_202608.zip,0.08
15092,\shp,15092_R1_202607.zip,0.04
15092,\shp,15092_R2_202607.zip,0.1
15092,\shp,15092_Rural_Building_202606.zip,0.15
15092,\shp,15092_Rural_Lot_202606.zip,1.65
15092,\shp,15092_Rural_Nomenclature_202606.zip,0.0
15092,\shp,15092_Rural_Sector_202606.zip,0.09
15092,\shp,15092_Rural_Vereda_202606.zip,0.16
15092,\shp,15092_Urban_Block_202606.zip,0.01
15092,\shp,15092_Urban_Building_202606.zip,0.01
15092,\shp,15092_Urban_Lot_202606.zip,0.02
15092,\shp,15092_Urban_Nomenclature_202606.zip,0.01
15092,\shp,15092_Urban_Nomenclature_Road_202606.zip,0.0
15092,\shp,15092_Urban_Perimeter_202606.zip,0.0
15092,\shp,15092_Urban_Sector_202606.zip,0.0
15097,\shp,15097_OSM_Road_202608.zip,0.1
15097,\shp,15097_R1_202607.zip,0.07
15097,\shp,15097_R2_202607.zip,0.07
15097,\shp,15097_Rural_Lot_202606.zip,1.89
15097,\shp,15097_Rural_Nomenclature_202606.zip,0.0
15097,\shp,15097_Rural_Sector_202606.zip,0.05
15097,\shp,15097_Rural_Vereda_202606.zip,0.12
15097,\shp,15097_Urban_Block_202606.zip,0.04
15097,\shp,15097_Urban_Building_202606.zip,0.1
15097,\shp,15097_Urban_Lot_202606.zip,0.12
15097,\shp,15097_Urban_Neighborhood_202606.zip,0.01
15097,\shp,15097_Urban_Nomenclature_202606.zip,0.01
15097,\shp,15097_Urban_Nomenclature_Road_202606.zip,0.01
15097,\shp,15097_Urban_Perimeter_202606.zip,0.01
15097,\shp,15097_Urban_Sector_202606.zip,0.01
15104,\shp,15104_OSM_Road_202608.zip,0.1
15104,\shp,15104_R1_202607.zip,0.07
15104,\shp,15104_R2_202607.zip,0.07
15104,\shp,15104_Rural_Building_202606.zip,0.0
15104,\shp,15104_Rural_Lot_202606.zip,0.94
15104,\shp,15104_Rural_Nomenclature_202606.zip,0.01
15104,\shp,15104_Rural_Sector_202606.zip,0.03
15104,\shp,15104_Rural_Vereda_202606.zip,0.07
15104,\shp,15104_Urban_Block_202606.zip,0.02
15104,\shp,15104_Urban_Building_202606.zip,0.02
15104,\shp,15104_Urban_Lot_202606.zip,0.04
15104,\shp,15104_Urban_Nomenclature_202606.zip,0.0
15104,\shp,15104_Urban_Nomenclature_Road_202606.zip,0.0
15104,\shp,15104_Urban_Perimeter_202606.zip,0.0
15104,\shp,15104_Urban_Sector_202606.zip,0.0
15106,\shp,15106_OSM_Road_202608.zip,0.06
15106,\shp,15106_R1_202607.zip,0.02
15106,\shp,15106_R2_202607.zip,0.02
15106,\shp,15106_Rural_Lot_202606.zip,0.85
15106,\shp,15106_Rural_Nomenclature_202606.zip,0.0
15106,\shp,15106_Rural_Sector_202606.zip,0.04
15106,\shp,15106_Rural_Vereda_202606.zip,0.12
15106,\shp,15106_Urban_Block_202606.zip,0.02
15106,\shp,15106_Urban_Building_202606.zip,0.04
15106,\shp,15106_Urban_Lot_202606.zip,0.05
15106,\shp,15106_Urban_Nomenclature_202606.zip,0.0
15106,\shp,15106_Urban_Nomenclature_Road_202606.zip,0.0
15106,\shp,15106_Urban_Perimeter_202606.zip,0.01
15106,\shp,15106_Urban_Sector_202606.zip,0.01
15109,\shp,15109_OSM_Road_202608.zip,0.08
15109,\shp,15109_R1_202607.zip,0.04
15109,\shp,15109_R2_202607.zip,0.06
15109,\shp,15109_Rural_Lot_202606.zip,1.05
15109,\shp,15109_Rural_Nomenclature_202606.zip,0.01
15109,\shp,15109_Rural_Sector_202606.zip,0.07
15109,\shp,15109_Rural_Vereda_202606.zip,0.14
15109,\shp,15109_Urban_Block_202606.zip,0.01
15109,\shp,15109_Urban_Building_202606.zip,0.03
15109,\shp,15109_Urban_Lot_202606.zip,0.03
15109,\shp,15109_Urban_Nomenclature_202606.zip,0.02
15109,\shp,15109_Urban_Nomenclature_Road_202606.zip,0.0
15109,\shp,15109_Urban_Perimeter_202606.zip,0.0
15109,\shp,15109_Urban_Sector_202606.zip,0.0
15114,\shp,15114_OSM_Road_202608.zip,0.02
15114,\shp,15114_R1_202607.zip,0.01
15114,\shp,15114_R2_202607.zip,0.02
15114,\shp,15114_Rural_Building_202606.zip,0.05
15114,\shp,15114_Rural_Lot_202606.zip,0.5
15114,\shp,15114_Rural_Nomenclature_202606.zip,0.0
15114,\shp,15114_Rural_Sector_202606.zip,0.02
15114,\shp,15114_Rural_Vereda_202606.zip,0.04
15114,\shp,15114_Urban_Block_202606.zip,0.01
15114,\shp,15114_Urban_Building_202606.zip,0.02
15114,\shp,15114_Urban_Lot_202606.zip,0.02
15114,\shp,15114_Urban_Nomenclature_202606.zip,0.01
15114,\shp,15114_Urban_Nomenclature_Road_202606.zip,0.0
15114,\shp,15114_Urban_Perimeter_202606.zip,0.0
15114,\shp,15114_Urban_Sector_202606.zip,0.0
15131,\shp,15131_OSM_Road_202608.zip,0.07
15131,\shp,15131_R1_202607.zip,0.05
15131,\shp,15131_R2_202607.zip,0.06
15131,\shp,15131_Rural_Lot_202606.zip,0.83
15131,\shp,15131_Rural_Nomenclature_202606.zip,0.0
15131,\shp,15131_Rural_Sector_202606.zip,0.06
15131,\shp,15131_Rural_Vereda_202606.zip,0.1
15131,\shp,15131_Urban_Block_202606.zip,0.01
15131,\shp,15131_Urban_Building_202606.zip,0.02
15131,\shp,15131_Urban_Lot_202606.zip,0.03
15131,\shp,15131_Urban_Nomenclature_202606.zip,0.0
15131,\shp,15131_Urban_Nomenclature_Road_202606.zip,0.0
15131,\shp,15131_Urban_Perimeter_202606.zip,0.0
15131,\shp,15131_Urban_Sector_202606.zip,0.0
15135,\shp,15135_OSM_Road_202608.zip,0.08
15135,\shp,15135_R1_202607.zip,0.05
15135,\shp,15135_R2_202607.zip,0.05
15135,\shp,15135_Rural_Lot_202606.zip,2.09
15135,\shp,15135_Rural_Nomenclature_202606.zip,0.0
15135,\shp,15135_Rural_Sector_202606.zip,0.13
15135,\shp,15135_Rural_Vereda_202606.zip,0.4
15135,\shp,15135_Urban_Block_202606.zip,0.03
15135,\shp,15135_Urban_Building_202606.zip,0.04
15135,\shp,15135_Urban_Lot_202606.zip,0.07
15135,\shp,15135_Urban_Nomenclature_202606.zip,0.0
15135,\shp,15135_Urban_Nomenclature_Road_202606.zip,0.01
15135,\shp,15135_Urban_Perimeter_202606.zip,0.01
15135,\shp,15135_Urban_Sector_202606.zip,0.01
15162,\shp,15162_OSM_Road_202608.zip,0.05
15162,\shp,15162_R1_202607.zip,0.06
15162,\shp,15162_R2_202607.zip,0.06
15162,\shp,15162_Rural_Building_202606.zip,0.0
15162,\shp,15162_Rural_Lot_202606.zip,0.79
15162,\shp,15162_Rural_Nomenclature_202606.zip,0.0
15162,\shp,15162_Rural_Nomenclature_Road_202606.zip,0.01
15162,\shp,15162_Rural_Sector_202606.zip,0.02
15162,\shp,15162_Rural_Vereda_202606.zip,0.06
15162,\shp,15162_Urban_Block_202606.zip,0.03
15162,\shp,15162_Urban_Building_202606.zip,0.05
15162,\shp,15162_Urban_Lot_202606.zip,0.08
15162,\shp,15162_Urban_Nomenclature_202606.zip,0.04
15162,\shp,15162_Urban_Nomenclature_Road_202606.zip,0.0
15162,\shp,15162_Urban_Perimeter_202606.zip,0.01
15162,\shp,15162_Urban_Sector_202606.zip,0.01
15172,\shp,15172_OSM_Road_202608.zip,0.05
15172,\shp,15172_R1_202607.zip,0.07
15172,\shp,15172_R2_202607.zip,0.06
15172,\shp,15172_Rural_Building_202606.zip,0.0
15172,\shp,15172_Rural_Lot_202606.zip,0.81
15172,\shp,15172_Rural_Nomenclature_202606.zip,0.0
15172,\shp,15172_Rural_Sector_202606.zip,0.04
15172,\shp,15172_Rural_Vereda_202606.zip,0.09
15172,\shp,15172_Urban_Block_202606.zip,0.03
15172,\shp,15172_Urban_Building_202606.zip,0.06
15172,\shp,15172_Urban_Lot_202606.zip,0.09
15172,\shp,15172_Urban_Nomenclature_202606.zip,0.01
15172,\shp,15172_Urban_Nomenclature_Road_202606.zip,0.01
15172,\shp,15172_Urban_Perimeter_202606.zip,0.01
15172,\shp,15172_Urban_Sector_202606.zip,0.01
15176,\shp,15176_OSM_Road_202608.zip,0.21
15176,\shp,15176_Rural_Lot_202606.zip,1.82
15176,\shp,15176_Urban_Lot_202606.zip,1.79
15180,\shp,15180_OSM_Road_202608.zip,0.1
15180,\shp,15180_R1_202607.zip,0.07
15180,\shp,15180_R2_202607.zip,0.07
15180,\shp,15180_Rural_Lot_202606.zip,1.14
15180,\shp,15180_Rural_Sector_202606.zip,0.07
15180,\shp,15180_Rural_Vereda_202606.zip,0.12
15180,\shp,15180_Urban_Block_202606.zip,0.02
15180,\shp,15180_Urban_Building_202606.zip,0.05
15180,\shp,15180_Urban_Lot_202606.zip,0.05
15180,\shp,15180_Urban_Neighborhood_202606.zip,0.0
15180,\shp,15180_Urban_Nomenclature_202606.zip,0.0
15180,\shp,15180_Urban_Nomenclature_Road_202606.zip,0.01
15180,\shp,15180_Urban_Perimeter_202606.zip,0.0
15180,\shp,15180_Urban_Sector_202606.zip,0.0
15183,\shp,15183_OSM_Road_202608.zip,0.16
15183,\shp,15183_R1_202607.zip,0.13
15183,\shp,15183_R2_202607.zip,0.11
15183,\shp,15183_Rural_Lot_202606.zip,2.6
15183,\shp,15183_Rural_Nomenclature_202606.zip,0.0
15183,\shp,15183_Rural_Sector_202606.zip,0.14
15183,\shp,15183_Rural_Vereda_202606.zip,0.25
15183,\shp,15183_Urban_Block_202606.zip,0.03
15183,\shp,15183_Urban_Building_202606.zip,0.1
15183,\shp,15183_Urban_Lot_202606.zip,0.11
15183,\shp,15183_Urban_Neighborhood_202606.zip,0.0
15183,\shp,15183_Urban_Nomenclature_202606.zip,0.01
15183,\shp,15183_Urban_Nomenclature_Road_202606.zip,0.01
15183,\shp,15183_Urban_Perimeter_202606.zip,0.0
15183,\shp,15183_Urban_Sector_202606.zip,0.0
15185,\shp,15185_OSM_Road_202608.zip,0.16
15185,\shp,15185_R1_202607.zip,0.04
15185,\shp,15185_R2_202607.zip,0.06
15185,\shp,15185_Rural_Lot_202606.zip,0.82
15185,\shp,15185_Rural_Nomenclature_202606.zip,0.0
15185,\shp,15185_Rural_Sector_202606.zip,0.04
15185,\shp,15185_Rural_Vereda_202606.zip,0.11
15185,\shp,15185_Urban_Block_202606.zip,0.02
15185,\shp,15185_Urban_Building_202606.zip,0.04
15185,\shp,15185_Urban_Lot_202606.zip,0.05
15185,\shp,15185_Urban_Nomenclature_202606.zip,0.02
15185,\shp,15185_Urban_Nomenclature_Road_202606.zip,0.0
15185,\shp,15185_Urban_Perimeter_202606.zip,0.0
15185,\shp,15185_Urban_Sector_202606.zip,0.0
15187,\shp,15187_OSM_Road_202608.zip,0.05
15187,\shp,15187_R1_202607.zip,0.04
15187,\shp,15187_R2_202607.zip,0.05
15187,\shp,15187_Rural_Building_202606.zip,0.0
15187,\shp,15187_Rural_Lot_202606.zip,0.54
15187,\shp,15187_Rural_Nomenclature_202606.zip,0.02
15187,\shp,15187_Rural_Sector_202606.zip,0.04
15187,\shp,15187_Rural_Vereda_202606.zip,0.06
15187,\shp,15187_Urban_Block_202606.zip,0.01
15187,\shp,15187_Urban_Building_202606.zip,0.02
15187,\shp,15187_Urban_Lot_202606.zip,0.03
15187,\shp,15187_Urban_Nomenclature_202606.zip,0.01
15187,\shp,15187_Urban_Nomenclature_Road_202606.zip,0.0
15187,\shp,15187_Urban_Perimeter_202606.zip,0.0
15187,\shp,15187_Urban_Sector_202606.zip,0.0
15189,\shp,15189_OSM_Road_202608.zip,0.05
15189,\shp,15189_R1_202607.zip,0.07
15189,\shp,15189_R2_202607.zip,0.12
15189,\shp,15189_Rural_Building_202606.zip,0.18
15189,\shp,15189_Rural_Lot_202606.zip,1.26
15189,\shp,15189_Rural_Nomenclature_202606.zip,0.29
15189,\shp,15189_Rural_Sector_202606.zip,0.06
15189,\shp,15189_Rural_Vereda_202606.zip,0.13
15189,\shp,15189_Urban_Block_202606.zip,0.03
15189,\shp,15189_Urban_Building_202606.zip,0.08
15189,\shp,15189_Urban_Lot_202606.zip,0.12
15189,\shp,15189_Urban_Nomenclature_202606.zip,0.04
15189,\shp,15189_Urban_Perimeter_202606.zip,0.0
15189,\shp,15189_Urban_Sector_202606.zip,0.0
15204,\shp,15204_OSM_Road_202608.zip,0.22
15204,\shp,15204_R1_202607.zip,0.12
15204,\shp,15204_R2_202607.zip,0.16
15204,\shp,15204_Rural_Building_202606.zip,0.07
15204,\shp,15204_Rural_Lot_202606.zip,2.11
15204,\shp,15204_Rural_Nomenclature_202606.zip,0.03
15204,\shp,15204_Rural_Sector_202606.zip,0.09
15204,\shp,15204_Rural_Vereda_202606.zip,0.15
15204,\shp,15204_Urban_Block_202606.zip,0.02
15204,\shp,15204_Urban_Building_202606.zip,0.07
15204,\shp,15204_Urban_Lot_202606.zip,0.09
15204,\shp,15204_Urban_Nomenclature_202606.zip,0.04
15204,\shp,15204_Urban_Nomenclature_Road_202606.zip,0.0
15204,\shp,15204_Urban_Perimeter_202606.zip,0.0
15204,\shp,15204_Urban_Sector_202606.zip,0.0
15212,\shp,15212_OSM_Road_202608.zip,0.07
15212,\shp,15212_R1_202607.zip,0.03
15212,\shp,15212_R2_202607.zip,0.03
15212,\shp,15212_Rural_Lot_202606.zip,0.7
15212,\shp,15212_Rural_Nomenclature_202606.zip,0.0
15212,\shp,15212_Rural_Sector_202606.zip,0.03
15212,\shp,15212_Rural_Vereda_202606.zip,0.06
15212,\shp,15212_Urban_Block_202606.zip,0.02
15212,\shp,15212_Urban_Building_202606.zip,0.03
15212,\shp,15212_Urban_Lot_202606.zip,0.05
15212,\shp,15212_Urban_Nomenclature_202606.zip,0.0
15212,\shp,15212_Urban_Nomenclature_Road_202606.zip,0.0
15212,\shp,15212_Urban_Perimeter_202606.zip,0.01
15212,\shp,15212_Urban_Sector_202606.zip,0.01
15215,\shp,15215_OSM_Road_202608.zip,0.11
15215,\shp,15215_R1_202607.zip,0.03
15215,\shp,15215_R2_202607.zip,0.05
15215,\shp,15215_Rural_Building_202606.zip,0.11
15215,\shp,15215_Rural_Lot_202606.zip,1.11
15215,\shp,15215_Rural_Nomenclature_202606.zip,0.0
15215,\shp,15215_Rural_Sector_202606.zip,0.05
15215,\shp,15215_Rural_Vereda_202606.zip,0.11
15215,\shp,15215_Urban_Block_202606.zip,0.04
15215,\shp,15215_Urban_Building_202606.zip,0.09
15215,\shp,15215_Urban_Lot_202606.zip,0.11
15215,\shp,15215_Urban_Nomenclature_202606.zip,0.04
15215,\shp,15215_Urban_Nomenclature_Road_202606.zip,0.01
15215,\shp,15215_Urban_Perimeter_202606.zip,0.01
15215,\shp,15215_Urban_Sector_202606.zip,0.01
15218,\shp,15218_OSM_Road_202608.zip,0.08
15218,\shp,15218_R1_202607.zip,0.03
15218,\shp,15218_R2_202607.zip,0.02
15218,\shp,15218_Rural_Building_202606.zip,0.0
15218,\shp,15218_Rural_Lot_202606.zip,0.65
15218,\shp,15218_Rural_Sector_202606.zip,0.03
15218,\shp,15218_Rural_Vereda_202606.zip,0.06
15218,\shp,15218_Urban_Block_202606.zip,0.01
15218,\shp,15218_Urban_Building_202606.zip,0.03
15218,\shp,15218_Urban_Lot_202606.zip,0.03
15218,\shp,15218_Urban_Neighborhood_202606.zip,0.0
15218,\shp,15218_Urban_Nomenclature_Road_202606.zip,0.0
15218,\shp,15218_Urban_Perimeter_202606.zip,0.0
15218,\shp,15218_Urban_Sector_202606.zip,0.0
15223,\shp,15223_OSM_Road_202608.zip,0.03
15223,\shp,15223_R1_202607.zip,0.02
15223,\shp,15223_R2_202607.zip,0.03
15223,\shp,15223_Rural_Lot_202606.zip,0.14
15223,\shp,15223_Rural_Nomenclature_202606.zip,0.0
15223,\shp,15223_Rural_Sector_202606.zip,0.05
15223,\shp,15223_Rural_Vereda_202606.zip,0.13
15223,\shp,15223_Urban_Block_202606.zip,0.04
15223,\shp,15223_Urban_Building_202606.zip,0.09
15223,\shp,15223_Urban_Lot_202606.zip,0.09
15223,\shp,15223_Urban_Nomenclature_202606.zip,0.04
15223,\shp,15223_Urban_Nomenclature_Road_202606.zip,0.01
15223,\shp,15223_Urban_Perimeter_202606.zip,0.01
15223,\shp,15223_Urban_Sector_202606.zip,0.01
15224,\shp,15224_OSM_Road_202608.zip,0.08
15224,\shp,15224_R1_202607.zip,0.04
15224,\shp,15224_R2_202607.zip,0.05
15224,\shp,15224_Rural_Building_202606.zip,0.01
15224,\shp,15224_Rural_Lot_202606.zip,0.47
15224,\shp,15224_Rural_Nomenclature_202606.zip,0.01
15224,\shp,15224_Rural_Nomenclature_Road_202606.zip,0.0
15224,\shp,15224_Rural_Sector_202606.zip,0.02
15224,\shp,15224_Rural_Vereda_202606.zip,0.04
15224,\shp,15224_Urban_Block_202606.zip,0.03
15224,\shp,15224_Urban_Building_202606.zip,0.05
15224,\shp,15224_Urban_Lot_202606.zip,0.07
15224,\shp,15224_Urban_Nomenclature_202606.zip,0.03
15224,\shp,15224_Urban_Nomenclature_Road_202606.zip,0.01
15224,\shp,15224_Urban_Perimeter_202606.zip,0.01
15224,\shp,15224_Urban_Sector_202606.zip,0.0
15226,\shp,15226_OSM_Road_202608.zip,0.12
15226,\shp,15226_R1_202607.zip,0.05
15226,\shp,15226_R2_202607.zip,0.07
15226,\shp,15226_Rural_Lot_202606.zip,1.14
15226,\shp,15226_Rural_Nomenclature_202606.zip,0.0
15226,\shp,15226_Rural_Sector_202606.zip,0.08
15226,\shp,15226_Rural_Vereda_202606.zip,0.12
15226,\shp,15226_Urban_Block_202606.zip,0.01
15226,\shp,15226_Urban_Building_202606.zip,0.01
15226,\shp,15226_Urban_Lot_202606.zip,0.01
15226,\shp,15226_Urban_Nomenclature_202606.zip,0.01
15226,\shp,15226_Urban_Nomenclature_Road_202606.zip,0.0
15226,\shp,15226_Urban_Perimeter_202606.zip,0.0
15226,\shp,15226_Urban_Sector_202606.zip,0.0
15232,\shp,15232_OSM_Road_202608.zip,0.12
15232,\shp,15232_R1_202607.zip,0.05
15232,\shp,15232_R2_202607.zip,0.06
15232,\shp,15232_Rural_Building_202606.zip,0.0
15232,\shp,15232_Rural_Lot_202606.zip,0.65
15232,\shp,15232_Rural_Nomenclature_202606.zip,0.01
15232,\shp,15232_Rural_Sector_202606.zip,0.03
15232,\shp,15232_Rural_Vereda_202606.zip,0.09
15232,\shp,15232_Urban_Block_202606.zip,0.01
15232,\shp,15232_Urban_Building_202606.zip,0.01
15232,\shp,15232_Urban_Lot_202606.zip,0.02
15232,\shp,15232_Urban_Nomenclature_202606.zip,0.0
15232,\shp,15232_Urban_Nomenclature_Road_202606.zip,0.0
15232,\shp,15232_Urban_Perimeter_202606.zip,0.0
15232,\shp,15232_Urban_Sector_202606.zip,0.0
15236,\shp,15236_OSM_Road_202608.zip,0.04
15236,\shp,15236_R1_202607.zip,0.02
15236,\shp,15236_R2_202607.zip,0.03
15236,\shp,15236_Rural_Building_202606.zip,0.0
15236,\shp,15236_Rural_Lot_202606.zip,1.13
15236,\shp,15236_Rural_Sector_202606.zip,0.1
15236,\shp,15236_Rural_Vereda_202606.zip,0.33
15236,\shp,15236_Urban_Block_202606.zip,0.01
15236,\shp,15236_Urban_Building_202606.zip,0.03
15236,\shp,15236_Urban_Lot_202606.zip,0.03
15236,\shp,15236_Urban_Nomenclature_202606.zip,0.02
15236,\shp,15236_Urban_Nomenclature_Road_202606.zip,0.0
15236,\shp,15236_Urban_Perimeter_202606.zip,0.0
15236,\shp,15236_Urban_Sector_202606.zip,0.0
15238,\shp,15238_OSM_Road_202608.zip,0.51
15238,\shp,15238_R1_202607.zip,0.81
15238,\shp,15238_R2_202607.zip,0.82
15238,\shp,15238_Rural_Building_202606.zip,0.01
15238,\shp,15238_Rural_Lot_202606.zip,2.05
15238,\shp,15238_Rural_Nomenclature_202606.zip,0.01
15238,\shp,15238_Rural_Sector_202606.zip,0.09
15238,\shp,15238_Rural_Vereda_202606.zip,0.22
15238,\shp,15238_Urban_Block_202606.zip,0.9
15238,\shp,15238_Urban_Building_202606.zip,4.47
15238,\shp,15238_Urban_Lot_202606.zip,3.5
15238,\shp,15238_Urban_Neighborhood_202606.zip,0.03
15238,\shp,15238_Urban_Nomenclature_202606.zip,1.48
15238,\shp,15238_Urban_Nomenclature_Road_202606.zip,0.11
15238,\shp,15238_Urban_Perimeter_202606.zip,0.03
15244,\shp,15244_OSM_Road_202608.zip,0.09
15244,\shp,15244_R1_202607.zip,0.07
15244,\shp,15244_R2_202607.zip,0.08
15244,\shp,15244_Rural_Lot_202606.zip,0.88
15244,\shp,15244_Rural_Nomenclature_202606.zip,0.0
15244,\shp,15244_Rural_Sector_202606.zip,0.04
15244,\shp,15244_Rural_Vereda_202606.zip,0.07
15244,\shp,15244_Urban_Block_202606.zip,0.05
15244,\shp,15244_Urban_Building_202606.zip,0.15
15244,\shp,15244_Urban_Lot_202606.zip,0.13
15244,\shp,15244_Urban_Nomenclature_202606.zip,0.05
15244,\shp,15244_Urban_Nomenclature_Road_202606.zip,0.01
15244,\shp,15244_Urban_Perimeter_202606.zip,0.0
15244,\shp,15244_Urban_Sector_202606.zip,0.0
15248,\shp,15248_OSM_Road_202608.zip,0.05
15248,\shp,15248_R1_202607.zip,0.05
15248,\shp,15248_R2_202607.zip,0.05
15248,\shp,15248_Rural_Lot_202606.zip,0.72
15248,\shp,15248_Rural_Nomenclature_202606.zip,0.0
15248,\shp,15248_Rural_Sector_202606.zip,0.03
15248,\shp,15248_Rural_Vereda_202606.zip,0.05
15248,\shp,15248_Urban_Block_202606.zip,0.02
15248,\shp,15248_Urban_Building_202606.zip,0.07
15248,\shp,15248_Urban_Lot_202606.zip,0.06
15248,\shp,15248_Urban_Nomenclature_202606.zip,0.0
15248,\shp,15248_Urban_Perimeter_202606.zip,0.0
15248,\shp,15248_Urban_Sector_202606.zip,0.0
15272,\shp,15272_OSM_Road_202608.zip,0.19
15272,\shp,15272_R1_202607.zip,0.12
15272,\shp,15272_R2_202607.zip,0.12
15272,\shp,15272_Rural_Building_202606.zip,0.0
15272,\shp,15272_Rural_Lot_202606.zip,1.48
15272,\shp,15272_Rural_Nomenclature_202606.zip,0.01
15272,\shp,15272_Rural_Sector_202606.zip,0.03
15272,\shp,15272_Rural_Vereda_202606.zip,0.1
15272,\shp,15272_Urban_Block_202606.zip,0.04
15272,\shp,15272_Urban_Building_202606.zip,0.1
15272,\shp,15272_Urban_Lot_202606.zip,0.12
15272,\shp,15272_Urban_Nomenclature_202606.zip,0.03
15272,\shp,15272_Urban_Nomenclature_Road_202606.zip,0.01
15272,\shp,15272_Urban_Perimeter_202606.zip,0.01
15272,\shp,15272_Urban_Sector_202606.zip,0.01
15276,\shp,15276_OSM_Road_202608.zip,0.14
15276,\shp,15276_R1_202607.zip,0.06
15276,\shp,15276_R2_202607.zip,0.05
15276,\shp,15276_Rural_Building_202606.zip,0.0
15276,\shp,15276_Rural_Lot_202606.zip,1.21
15276,\shp,15276_Rural_Nomenclature_202606.zip,0.0
15276,\shp,15276_Rural_Sector_202606.zip,0.04
15276,\shp,15276_Rural_Vereda_202606.zip,0.09
15276,\shp,15276_Urban_Block_202606.zip,0.05
15276,\shp,15276_Urban_Building_202606.zip,0.08
15276,\shp,15276_Urban_Lot_202606.zip,0.13
15276,\shp,15276_Urban_Nomenclature_202606.zip,0.0
15276,\shp,15276_Urban_Nomenclature_Road_202606.zip,0.0
15276,\shp,15276_Urban_Perimeter_202606.zip,0.02
15276,\shp,15276_Urban_Sector_202606.zip,0.02
15293,\shp,15293_OSM_Road_202608.zip,0.1
15293,\shp,15293_R1_202607.zip,0.04
15293,\shp,15293_R2_202607.zip,0.04
15293,\shp,15293_Rural_Lot_202606.zip,0.86
15293,\shp,15293_Rural_Nomenclature_202606.zip,0.0
15293,\shp,15293_Rural_Sector_202606.zip,0.04
15293,\shp,15293_Rural_Vereda_202606.zip,0.11
15293,\shp,15293_Urban_Block_202606.zip,0.02
15293,\shp,15293_Urban_Building_202606.zip,0.04
15293,\shp,15293_Urban_Lot_202606.zip,0.05
15293,\shp,15293_Urban_Neighborhood_202606.zip,0.0
15293,\shp,15293_Urban_Nomenclature_202606.zip,0.01
15293,\shp,15293_Urban_Perimeter_202606.zip,0.0
15293,\shp,15293_Urban_Sector_202606.zip,0.0
15296,\shp,15296_OSM_Road_202608.zip,0.07
15296,\shp,15296_R1_202607.zip,0.07
15296,\shp,15296_R2_202607.zip,0.07
15296,\shp,15296_Rural_Lot_202606.zip,1.01
15296,\shp,15296_Rural_Sector_202606.zip,0.04
15296,\shp,15296_Rural_Vereda_202606.zip,0.08
15296,\shp,15296_Urban_Block_202606.zip,0.02
15296,\shp,15296_Urban_Building_202606.zip,0.08
15296,\shp,15296_Urban_Lot_202606.zip,0.07
15296,\shp,15296_Urban_Neighborhood_202606.zip,0.0
15296,\shp,15296_Urban_Nomenclature_202606.zip,0.0
15296,\shp,15296_Urban_Nomenclature_Road_202606.zip,0.01
15296,\shp,15296_Urban_Perimeter_202606.zip,0.0
15296,\shp,15296_Urban_Sector_202606.zip,0.0
15299,\shp,15299_OSM_Road_202608.zip,0.11
15299,\shp,15299_R1_202607.zip,0.16
15299,\shp,15299_R2_202607.zip,0.21
15299,\shp,15299_Rural_Building_202606.zip,0.19
15299,\shp,15299_Rural_Lot_202606.zip,5.85
15299,\shp,15299_Rural_Nomenclature_202606.zip,0.39
15299,\shp,15299_Rural_Sector_202606.zip,0.1
15299,\shp,15299_Rural_Vereda_202606.zip,0.55
15299,\shp,15299_Urban_Block_202606.zip,0.23
15299,\shp,15299_Urban_Building_202606.zip,0.74
15299,\shp,15299_Urban_Lot_202606.zip,1.16
15299,\shp,15299_Urban_Neighborhood_202606.zip,0.02
15299,\shp,15299_Urban_Nomenclature_202606.zip,0.29
15299,\shp,15299_Urban_Perimeter_202606.zip,0.02
15299,\shp,15299_Urban_Sector_202606.zip,0.02
15317,\shp,15317_OSM_Road_202608.zip,0.05
15317,\shp,15317_R1_202607.zip,0.04
15317,\shp,15317_R2_202607.zip,0.04
15317,\shp,15317_Rural_Lot_202606.zip,0.67
15317,\shp,15317_Rural_Nomenclature_202606.zip,0.0
15317,\shp,15317_Rural_Sector_202606.zip,0.02
15317,\shp,15317_Rural_Vereda_202606.zip,0.05
15317,\shp,15317_Urban_Block_202606.zip,0.01
15317,\shp,15317_Urban_Building_202606.zip,0.02
15317,\shp,15317_Urban_Lot_202606.zip,0.03
15317,\shp,15317_Urban_Nomenclature_202606.zip,0.0
15317,\shp,15317_Urban_Nomenclature_Road_202606.zip,0.0
15317,\shp,15317_Urban_Perimeter_202606.zip,0.0
15317,\shp,15317_Urban_Sector_202606.zip,0.0
15322,\shp,15322_OSM_Road_202608.zip,0.08
15322,\shp,15322_R1_202607.zip,0.11
15322,\shp,15322_R2_202607.zip,0.1
15322,\shp,15322_Rural_Lot_202606.zip,0.73
15322,\shp,15322_Rural_Nomenclature_202606.zip,0.0
15322,\shp,15322_Rural_Sector_202606.zip,0.04
15322,\shp,15322_Rural_Vereda_202606.zip,0.08
15322,\shp,15322_Urban_Block_202606.zip,0.09
15322,\shp,15322_Urban_Building_202606.zip,0.24
15322,\shp,15322_Urban_Lot_202606.zip,0.4
15322,\shp,15322_Urban_Neighborhood_202606.zip,0.0
15322,\shp,15322_Urban_Nomenclature_202606.zip,0.01
15322,\shp,15322_Urban_Nomenclature_Road_202606.zip,0.01
15322,\shp,15322_Urban_Perimeter_202606.zip,0.01
15322,\shp,15322_Urban_Sector_202606.zip,0.01
15325,\shp,15325_OSM_Road_202608.zip,0.06
15325,\shp,15325_R1_202607.zip,0.08
15325,\shp,15325_R2_202607.zip,0.13
15325,\shp,15325_Rural_Building_202606.zip,0.18
15325,\shp,15325_Rural_Lot_202606.zip,1.27
15325,\shp,15325_Rural_Nomenclature_202606.zip,0.34
15325,\shp,15325_Rural_Vereda_202606.zip,0.16
15325,\shp,15325_Urban_Block_202606.zip,0.03
15325,\shp,15325_Urban_Building_202606.zip,0.08
15325,\shp,15325_Urban_Lot_202606.zip,0.11
15325,\shp,15325_Urban_Neighborhood_202606.zip,0.01
15325,\shp,15325_Urban_Nomenclature_202606.zip,0.05
15325,\shp,15325_Urban_Perimeter_202606.zip,0.01
15325,\shp,15325_Urban_Sector_202606.zip,0.01
15332,\shp,15332_OSM_Road_202608.zip,0.2
15332,\shp,15332_R1_202607.zip,0.05
15332,\shp,15332_R2_202607.zip,0.06
15332,\shp,15332_Rural_Lot_202606.zip,1.16
15332,\shp,15332_Rural_Nomenclature_202606.zip,0.0
15332,\shp,15332_Rural_Sector_202606.zip,0.1
15332,\shp,15332_Rural_Vereda_202606.zip,0.13
15332,\shp,15332_Urban_Block_202606.zip,0.02
15332,\shp,15332_Urban_Building_202606.zip,0.06
15332,\shp,15332_Urban_Lot_202606.zip,0.06
15332,\shp,15332_Urban_Neighborhood_202606.zip,0.0
15332,\shp,15332_Urban_Nomenclature_202606.zip,0.0
15332,\shp,15332_Urban_Nomenclature_Road_202606.zip,0.0
15332,\shp,15332_Urban_Perimeter_202606.zip,0.0
15332,\shp,15332_Urban_Sector_202606.zip,0.0
15362,\shp,15362_OSM_Road_202608.zip,0.14
15362,\shp,15362_R1_202607.zip,0.04
15362,\shp,15362_R2_202607.zip,0.04
15362,\shp,15362_Rural_Lot_202606.zip,0.27
15362,\shp,15362_Rural_Nomenclature_202606.zip,0.0
15362,\shp,15362_Rural_Sector_202606.zip,0.02
15362,\shp,15362_Rural_Vereda_202606.zip,0.03
15362,\shp,15362_Urban_Block_202606.zip,0.03
15362,\shp,15362_Urban_Building_202606.zip,0.05
15362,\shp,15362_Urban_Lot_202606.zip,0.08
15362,\shp,15362_Urban_Neighborhood_202606.zip,0.01
15362,\shp,15362_Urban_Nomenclature_202606.zip,0.0
15362,\shp,15362_Urban_Nomenclature_Road_202606.zip,0.01
15362,\shp,15362_Urban_Perimeter_202606.zip,0.01
15362,\shp,15362_Urban_Sector_202606.zip,0.01
15367,\shp,15367_OSM_Road_202608.zip,0.11
15367,\shp,15367_R1_202607.zip,0.12
15367,\shp,15367_R2_202607.zip,0.14
15367,\shp,15367_Rural_Building_202606.zip,0.33
15367,\shp,15367_Rural_Lot_202606.zip,1.23
15367,\shp,15367_Rural_Nomenclature_202606.zip,0.01
15367,\shp,15367_Rural_Sector_202606.zip,0.06
15367,\shp,15367_Rural_Vereda_202606.zip,0.13
15367,\shp,15367_Urban_Block_202606.zip,0.03
15367,\shp,15367_Urban_Building_202606.zip,0.12
15367,\shp,15367_Urban_Lot_202606.zip,0.1
15367,\shp,15367_Urban_Nomenclature_202606.zip,0.04
15367,\shp,15367_Urban_Nomenclature_Road_202606.zip,0.01
15367,\shp,15367_Urban_Perimeter_202606.zip,0.0
15367,\shp,15367_Urban_Sector_202606.zip,0.0
15368,\shp,15368_OSM_Road_202608.zip,0.08
15368,\shp,15368_R1_202607.zip,0.06
15368,\shp,15368_R2_202607.zip,0.06
15368,\shp,15368_Rural_Lot_202606.zip,1.17
15368,\shp,15368_Rural_Nomenclature_202606.zip,0.0
15368,\shp,15368_Rural_Sector_202606.zip,0.06
15368,\shp,15368_Rural_Vereda_202606.zip,0.12
15368,\shp,15368_Urban_Block_202606.zip,0.01
15368,\shp,15368_Urban_Building_202606.zip,0.03
15368,\shp,15368_Urban_Lot_202606.zip,0.03
15368,\shp,15368_Urban_Nomenclature_202606.zip,0.0
15368,\shp,15368_Urban_Nomenclature_Road_202606.zip,0.0
15368,\shp,15368_Urban_Perimeter_202606.zip,0.0
15368,\shp,15368_Urban_Sector_202606.zip,0.0
15377,\shp,15377_OSM_Road_202608.zip,0.08
15377,\shp,15377_R1_202607.zip,0.05
15377,\shp,15377_R2_202607.zip,0.04
15377,\shp,15377_Rural_Lot_202606.zip,0.69
15377,\shp,15377_Rural_Nomenclature_202606.zip,0.01
15377,\shp,15377_Rural_Sector_202606.zip,0.03
15377,\shp,15377_Rural_Vereda_202606.zip,0.1
15377,\shp,15377_Urban_Block_202606.zip,0.02
15377,\shp,15377_Urban_Building_202606.zip,0.04
15377,\shp,15377_Urban_Lot_202606.zip,0.05
15377,\shp,15377_Urban_Neighborhood_202606.zip,0.0
15377,\shp,15377_Urban_Nomenclature_202606.zip,0.0
15377,\shp,15377_Urban_Nomenclature_Road_202606.zip,0.0
15377,\shp,15377_Urban_Perimeter_202606.zip,0.0
15377,\shp,15377_Urban_Sector_202606.zip,0.0
15380,\shp,15380_OSM_Road_202608.zip,0.04
15380,\shp,15380_R1_202607.zip,0.05
15380,\shp,15380_R2_202607.zip,0.08
15380,\shp,15380_Rural_Building_202606.zip,0.12
15380,\shp,15380_Rural_Lot_202606.zip,0.98
15380,\shp,15380_Rural_Nomenclature_202606.zip,0.23
15380,\shp,15380_Rural_Sector_202606.zip,0.04
15380,\shp,15380_Rural_Vereda_202606.zip,0.12
15380,\shp,15380_Urban_Block_202606.zip,0.03
15380,\shp,15380_Urban_Building_202606.zip,0.09
15380,\shp,15380_Urban_Lot_202606.zip,0.09
15380,\shp,15380_Urban_Nomenclature_202606.zip,0.03
15380,\shp,15380_Urban_Perimeter_202606.zip,0.0
15380,\shp,15380_Urban_Sector_202606.zip,0.01
15401,\shp,15401_OSM_Road_202608.zip,0.01
15401,\shp,15401_R1_202607.zip,0.01
15401,\shp,15401_R2_202607.zip,0.01
15401,\shp,15401_Urban_Block_202606.zip,0.01
15401,\shp,15401_Urban_Building_202606.zip,0.02
15401,\shp,15401_Urban_Lot_202606.zip,0.02
15401,\shp,15401_Urban_Neighborhood_202606.zip,0.0
15401,\shp,15401_Urban_Nomenclature_Road_202606.zip,0.0
15401,\shp,15401_Urban_Perimeter_202606.zip,0.0
15401,\shp,15401_Urban_Sector_202606.zip,0.0
15403,\shp,15403_OSM_Road_202608.zip,0.06
15403,\shp,15403_R1_202607.zip,0.05
15403,\shp,15403_R2_202607.zip,0.05
15403,\shp,15403_Rural_Lot_202606.zip,0.97
15403,\shp,15403_Rural_Nomenclature_202606.zip,0.0
15403,\shp,15403_Rural_Sector_202606.zip,0.04
15403,\shp,15403_Rural_Vereda_202606.zip,0.07
15403,\shp,15403_Urban_Block_202606.zip,0.03
15403,\shp,15403_Urban_Building_202606.zip,0.07
15403,\shp,15403_Urban_Lot_202606.zip,0.07
15403,\shp,15403_Urban_Nomenclature_202606.zip,0.0
15403,\shp,15403_Urban_Nomenclature_Road_202606.zip,0.01
15403,\shp,15403_Urban_Perimeter_202606.zip,0.01
15403,\shp,15403_Urban_Sector_202606.zip,0.01
15407,\shp,15407_OSM_Road_202608.zip,0.27
15407,\shp,15407_R1_202607.zip,0.14
15407,\shp,15407_R2_202607.zip,0.16
15407,\shp,15407_Rural_Building_202606.zip,0.06
15407,\shp,15407_Rural_Lot_202606.zip,1.24
15407,\shp,15407_Rural_Nomenclature_202606.zip,0.03
15407,\shp,15407_Rural_Sector_202606.zip,0.04
15407,\shp,15407_Rural_Vereda_202606.zip,0.18
15407,\shp,15407_Urban_Block_202606.zip,0.1
15407,\shp,15407_Urban_Building_202606.zip,0.42
15407,\shp,15407_Urban_Lot_202606.zip,0.33
15407,\shp,15407_Urban_Neighborhood_202606.zip,0.01
15407,\shp,15407_Urban_Nomenclature_202606.zip,0.14
15407,\shp,15407_Urban_Nomenclature_Road_202606.zip,0.02
15407,\shp,15407_Urban_Perimeter_202606.zip,0.01
15407,\shp,15407_Urban_Sector_202606.zip,0.01
15425,\shp,15425_OSM_Road_202608.zip,0.09
15425,\shp,15425_R1_202607.zip,0.07
15425,\shp,15425_R2_202607.zip,0.06
15425,\shp,15425_Rural_Building_202606.zip,0.0
15425,\shp,15425_Rural_Lot_202606.zip,1.28
15425,\shp,15425_Rural_Nomenclature_202606.zip,0.0
15425,\shp,15425_Rural_Sector_202606.zip,0.05
15425,\shp,15425_Rural_Vereda_202606.zip,0.14
15425,\shp,15425_Urban_Block_202606.zip,0.02
15425,\shp,15425_Urban_Building_202606.zip,0.04
15425,\shp,15425_Urban_Lot_202606.zip,0.06
15425,\shp,15425_Urban_Neighborhood_202606.zip,0.01
15425,\shp,15425_Urban_Nomenclature_202606.zip,0.0
15425,\shp,15425_Urban_Nomenclature_Road_202606.zip,0.0
15425,\shp,15425_Urban_Perimeter_202606.zip,0.01
15425,\shp,15425_Urban_Sector_202606.zip,0.01
15442,\shp,15442_OSM_Road_202608.zip,0.1
15442,\shp,15442_R1_202607.zip,0.04
15442,\shp,15442_R2_202607.zip,0.07
15442,\shp,15442_Rural_Building_202606.zip,0.01
15442,\shp,15442_Rural_Lot_202606.zip,1.04
15442,\shp,15442_Rural_Nomenclature_202606.zip,0.0
15442,\shp,15442_Rural_Sector_202606.zip,0.07
15442,\shp,15442_Rural_Vereda_202606.zip,0.09
15442,\shp,15442_Urban_Block_202606.zip,0.02
15442,\shp,15442_Urban_Building_202606.zip,0.03
15442,\shp,15442_Urban_Lot_202606.zip,0.03
15442,\shp,15442_Urban_Nomenclature_202606.zip,0.02
15442,\shp,15442_Urban_Nomenclature_Road_202606.zip,0.0
15442,\shp,15442_Urban_Perimeter_202606.zip,0.0
15442,\shp,15442_Urban_Sector_202606.zip,0.0
15455,\shp,15455_OSM_Road_202608.zip,0.12
15455,\shp,15455_R1_202607.zip,0.09
15455,\shp,15455_R2_202607.zip,0.09
15455,\shp,15455_Rural_Building_202606.zip,0.0
15455,\shp,15455_Rural_Lot_202606.zip,1.67
15455,\shp,15455_Rural_Nomenclature_202606.zip,0.0
15455,\shp,15455_Rural_Sector_202606.zip,0.05
15455,\shp,15455_Rural_Vereda_202606.zip,0.2
15455,\shp,15455_Urban_Block_202606.zip,0.06
15455,\shp,15455_Urban_Building_202606.zip,0.15
15455,\shp,15455_Urban_Lot_202606.zip,0.21
15455,\shp,15455_Urban_Neighborhood_202606.zip,0.01
15455,\shp,15455_Urban_Nomenclature_202606.zip,0.01
15455,\shp,15455_Urban_Nomenclature_Road_202606.zip,0.02
15455,\shp,15455_Urban_Perimeter_202606.zip,0.01
15455,\shp,15455_Urban_Sector_202606.zip,0.01
15464,\shp,15464_OSM_Road_202608.zip,0.13
15464,\shp,15464_R1_202607.zip,0.08
15464,\shp,15464_R2_202607.zip,0.08
15464,\shp,15464_Rural_Lot_202606.zip,1.64
15464,\shp,15464_Rural_Nomenclature_202606.zip,0.0
15464,\shp,15464_Rural_Sector_202606.zip,0.07
15464,\shp,15464_Rural_Vereda_202606.zip,0.15
15464,\shp,15464_Urban_Block_202606.zip,0.04
15464,\shp,15464_Urban_Building_202606.zip,0.08
15464,\shp,15464_Urban_Lot_202606.zip,0.1
15464,\shp,15464_Urban_Nomenclature_202606.zip,0.0
15464,\shp,15464_Urban_Nomenclature_Road_202606.zip,0.01
15464,\shp,15464_Urban_Perimeter_202606.zip,0.01
15464,\shp,15464_Urban_Sector_202606.zip,0.01
15466,\shp,15466_OSM_Road_202608.zip,0.09
15466,\shp,15466_R1_202607.zip,0.08
15466,\shp,15466_R2_202607.zip,0.07
15466,\shp,15466_Rural_Lot_202606.zip,0.88
15466,\shp,15466_Rural_Nomenclature_202606.zip,0.0
15466,\shp,15466_Rural_Sector_202606.zip,0.02
15466,\shp,15466_Rural_Vereda_202606.zip,0.07
15466,\shp,15466_Urban_Block_202606.zip,0.05
15466,\shp,15466_Urban_Building_202606.zip,0.09
15466,\shp,15466_Urban_Lot_202606.zip,0.15
15466,\shp,15466_Urban_Nomenclature_202606.zip,0.01
15466,\shp,15466_Urban_Nomenclature_Road_202606.zip,0.01
15466,\shp,15466_Urban_Perimeter_202606.zip,0.01
15466,\shp,15466_Urban_Sector_202606.zip,0.01
15469,\shp,15469_OSM_Road_202608.zip,0.3
15469,\shp,15469_R1_202607.zip,0.18
15469,\shp,15469_R2_202607.zip,0.27
15469,\shp,15469_Rural_Building_202606.zip,0.61
15469,\shp,15469_Rural_Lot_202606.zip,2.92
15469,\shp,15469_Rural_Nomenclature_202606.zip,0.46
15469,\shp,15469_Rural_Sector_202606.zip,0.27
15469,\shp,15469_Rural_Vereda_202606.zip,0.45
15469,\shp,15469_Urban_Block_202606.zip,0.24
15469,\shp,15469_Urban_Building_202606.zip,0.6
15469,\shp,15469_Urban_Lot_202606.zip,1.01
15469,\shp,15469_Urban_Neighborhood_202606.zip,0.19
15469,\shp,15469_Urban_Nomenclature_202606.zip,0.22
15469,\shp,15469_Urban_Sector_202606.zip,0.19
15476,\shp,15476_OSM_Road_202608.zip,0.1
15476,\shp,15476_R1_202607.zip,0.05
15476,\shp,15476_R2_202607.zip,0.07
15476,\shp,15476_Rural_Building_202606.zip,0.0
15476,\shp,15476_Rural_Lot_202606.zip,0.59
15476,\shp,15476_Rural_Nomenclature_202606.zip,0.02
15476,\shp,15476_Rural_Sector_202606.zip,0.03
15476,\shp,15476_Rural_Vereda_202606.zip,0.06
15476,\shp,15476_Urban_Block_202606.zip,0.01
15476,\shp,15476_Urban_Building_202606.zip,0.02
15476,\shp,15476_Urban_Lot_202606.zip,0.04
15476,\shp,15476_Urban_Nomenclature_202606.zip,0.02
15476,\shp,15476_Urban_Nomenclature_Road_202606.zip,0.0
15476,\shp,15476_Urban_Perimeter_202606.zip,0.0
15476,\shp,15476_Urban_Sector_202606.zip,0.0
15480,\shp,15480_OSM_Road_202608.zip,0.09
15480,\shp,15480_R1_202607.zip,0.04
15480,\shp,15480_R2_202607.zip,0.03
15480,\shp,15480_Urban_Block_202606.zip,0.06
15480,\shp,15480_Urban_Building_202606.zip,0.12
15480,\shp,15480_Urban_Lot_202606.zip,0.16
15480,\shp,15480_Urban_Nomenclature_202606.zip,0.01
15480,\shp,15480_Urban_Nomenclature_Road_202606.zip,0.01
15480,\shp,15480_Urban_Perimeter_202606.zip,0.01
15480,\shp,15480_Urban_Sector_202606.zip,0.01
15491,\shp,15491_OSM_Road_202608.zip,0.15
15491,\shp,15491_R1_202607.zip,0.11
15491,\shp,15491_R2_202607.zip,0.1
15491,\shp,15491_Rural_Building_202606.zip,0.0
15491,\shp,15491_Rural_Lot_202606.zip,0.54
15491,\shp,15491_Rural_Nomenclature_202606.zip,0.0
15491,\shp,15491_Rural_Sector_202606.zip,0.03
15491,\shp,15491_Rural_Vereda_202606.zip,0.07
15491,\shp,15491_Urban_Block_202606.zip,0.09
15491,\shp,15491_Urban_Building_202606.zip,0.2
15491,\shp,15491_Urban_Lot_202606.zip,0.31
15491,\shp,15491_Urban_Nomenclature_202606.zip,0.02
15491,\shp,15491_Urban_Nomenclature_Road_202606.zip,0.01
15491,\shp,15491_Urban_Perimeter_202606.zip,0.02
15491,\shp,15491_Urban_Sector_202606.zip,0.02
15494,\shp,15494_OSM_Road_202608.zip,0.08
15494,\shp,15494_R1_202607.zip,0.07
15494,\shp,15494_R2_202607.zip,0.08
15494,\shp,15494_Rural_Building_202606.zip,0.0
15494,\shp,15494_Rural_Lot_202606.zip,0.67
15494,\shp,15494_Rural_Nomenclature_202606.zip,0.01
15494,\shp,15494_Rural_Sector_202606.zip,0.03
15494,\shp,15494_Rural_Vereda_202606.zip,0.07
15494,\shp,15494_Urban_Block_202606.zip,0.02
15494,\shp,15494_Urban_Building_202606.zip,0.05
15494,\shp,15494_Urban_Lot_202606.zip,0.06
15494,\shp,15494_Urban_Nomenclature_202606.zip,0.04
15494,\shp,15494_Urban_Nomenclature_Road_202606.zip,0.01
15494,\shp,15494_Urban_Perimeter_202606.zip,0.0
15494,\shp,15494_Urban_Sector_202606.zip,0.0
15500,\shp,15500_OSM_Road_202608.zip,0.06
15500,\shp,15500_R1_202607.zip,0.05
15500,\shp,15500_R2_202607.zip,0.06
15500,\shp,15500_Rural_Building_202606.zip,0.0
15500,\shp,15500_Rural_Lot_202606.zip,0.52
15500,\shp,15500_Rural_Nomenclature_202606.zip,0.02
15500,\shp,15500_Rural_Sector_202606.zip,0.04
15500,\shp,15500_Rural_Vereda_202606.zip,0.07
15500,\shp,15500_Urban_Block_202606.zip,0.01
15500,\shp,15500_Urban_Building_202606.zip,0.01
15500,\shp,15500_Urban_Lot_202606.zip,0.04
15500,\shp,15500_Urban_Nomenclature_202606.zip,0.02
15500,\shp,15500_Urban_Nomenclature_Road_202606.zip,0.0
15500,\shp,15500_Urban_Perimeter_202606.zip,0.0
15500,\shp,15500_Urban_Sector_202606.zip,0.0
15507,\shp,15507_OSM_Road_202608.zip,0.07
15507,\shp,15507_R1_202607.zip,0.05
15507,\shp,15507_R2_202607.zip,0.05
15507,\shp,15507_Rural_Lot_202606.zip,1.26
15507,\shp,15507_Rural_Nomenclature_202606.zip,0.0
15507,\shp,15507_Rural_Sector_202606.zip,0.07
15507,\shp,15507_Rural_Vereda_202606.zip,0.29
15507,\shp,15507_Urban_Block_202606.zip,0.03
15507,\shp,15507_Urban_Building_202606.zip,0.16
15507,\shp,15507_Urban_Lot_202606.zip,0.1
15507,\shp,15507_Urban_Nomenclature_202606.zip,0.0
15507,\shp,15507_Urban_Nomenclature_Road_202606.zip,0.01
15507,\shp,15507_Urban_Perimeter_202606.zip,0.01
15507,\shp,15507_Urban_Sector_202606.zip,0.01
15511,\shp,15511_OSM_Road_202608.zip,0.04
15511,\shp,15511_R1_202607.zip,0.06
15511,\shp,15511_R2_202607.zip,0.06
15511,\shp,15511_Rural_Lot_202606.zip,0.7
15511,\shp,15511_Rural_Nomenclature_202606.zip,0.0
15511,\shp,15511_Rural_Sector_202606.zip,0.04
15511,\shp,15511_Rural_Vereda_202606.zip,0.06
15511,\shp,15511_Urban_Block_202606.zip,0.01
15511,\shp,15511_Urban_Building_202606.zip,0.03
15511,\shp,15511_Urban_Lot_202606.zip,0.04
15511,\shp,15511_Urban_Nomenclature_202606.zip,0.0
15511,\shp,15511_Urban_Nomenclature_Road_202606.zip,0.0
15511,\shp,15511_Urban_Perimeter_202606.zip,0.0
15511,\shp,15511_Urban_Sector_202606.zip,0.0
15514,\shp,15514_OSM_Road_202608.zip,0.07
15514,\shp,15514_R1_202607.zip,0.04
15514,\shp,15514_R2_202607.zip,0.05
15514,\shp,15514_Rural_Building_202606.zip,0.0
15514,\shp,15514_Rural_Lot_202606.zip,0.73
15514,\shp,15514_Rural_Nomenclature_202606.zip,0.0
15514,\shp,15514_Rural_Sector_202606.zip,0.05
15514,\shp,15514_Rural_Vereda_202606.zip,0.13
15514,\shp,15514_Urban_Block_202606.zip,0.02
15514,\shp,15514_Urban_Building_202606.zip,0.05
15514,\shp,15514_Urban_Lot_202606.zip,0.07
15514,\shp,15514_Urban_Neighborhood_202606.zip,0.01
15514,\shp,15514_Urban_Nomenclature_202606.zip,0.0
15514,\shp,15514_Urban_Nomenclature_Road_202606.zip,0.0
15514,\shp,15514_Urban_Perimeter_202606.zip,0.01
15514,\shp,15514_Urban_Sector_202606.zip,0.01
15516,\shp,15516_OSM_Road_202608.zip,0.52
15516,\shp,15516_R1_202607.zip,0.36
15516,\shp,15516_R2_202607.zip,0.42
15516,\shp,15516_Rural_Building_202606.zip,0.01
15516,\shp,15516_Rural_Lot_202606.zip,3.45
15516,\shp,15516_Rural_Nomenclature_202606.zip,0.02
15516,\shp,15516_Rural_Sector_202606.zip,0.11
15516,\shp,15516_Rural_Vereda_202606.zip,0.33
15516,\shp,15516_Urban_Block_202606.zip,0.28
15516,\shp,15516_Urban_Building_202606.zip,0.84
15516,\shp,15516_Urban_Lot_202606.zip,1.0
15516,\shp,15516_Urban_Nomenclature_202606.zip,0.36
15516,\shp,15516_Urban_Nomenclature_Road_202606.zip,0.02
15516,\shp,15516_Urban_Perimeter_202606.zip,0.02
15516,\shp,15516_Urban_Sector_202606.zip,0.02
15518,\shp,15518_OSM_Road_202608.zip,0.07
15518,\shp,15518_R1_202607.zip,0.02
15518,\shp,15518_R2_202607.zip,0.02
15518,\shp,15518_Rural_Lot_202606.zip,0.43
15518,\shp,15518_Rural_Nomenclature_202606.zip,0.0
15518,\shp,15518_Rural_Sector_202606.zip,0.03
15518,\shp,15518_Rural_Vereda_202606.zip,0.08
15518,\shp,15518_Urban_Block_202606.zip,0.01
15518,\shp,15518_Urban_Building_202606.zip,0.03
15518,\shp,15518_Urban_Lot_202606.zip,0.03
15518,\shp,15518_Urban_Nomenclature_Road_202606.zip,0.01
15518,\shp,15518_Urban_Perimeter_202606.zip,0.0
15518,\shp,15518_Urban_Sector_202606.zip,0.0
15522,\shp,15522_OSM_Road_202608.zip,0.03
15522,\shp,15522_R1_202607.zip,0.03
15522,\shp,15522_R2_202607.zip,0.03
15522,\shp,15522_Rural_Lot_202606.zip,0.39
15522,\shp,15522_Rural_Sector_202606.zip,0.02
15522,\shp,15522_Rural_Vereda_202606.zip,0.05
15522,\shp,15522_Urban_Block_202606.zip,0.01
15522,\shp,15522_Urban_Building_202606.zip,0.03
15522,\shp,15522_Urban_Lot_202606.zip,0.04
15522,\shp,15522_Urban_Nomenclature_Road_202606.zip,0.0
15522,\shp,15522_Urban_Perimeter_202606.zip,0.0
15522,\shp,15522_Urban_Sector_202606.zip,0.0
15531,\shp,15531_OSM_Road_202608.zip,0.14
15531,\shp,15531_R1_202607.zip,0.07
15531,\shp,15531_R2_202607.zip,0.09
15531,\shp,15531_Rural_Lot_202606.zip,1.16
15531,\shp,15531_Rural_Nomenclature_202606.zip,0.0
15531,\shp,15531_Rural_Sector_202606.zip,0.05
15531,\shp,15531_Rural_Vereda_202606.zip,0.15
15531,\shp,15531_Urban_Block_202606.zip,0.04
15531,\shp,15531_Urban_Building_202606.zip,0.12
15531,\shp,15531_Urban_Lot_202606.zip,0.11
15531,\shp,15531_Urban_Nomenclature_202606.zip,0.06
15531,\shp,15531_Urban_Nomenclature_Road_202606.zip,0.01
15531,\shp,15531_Urban_Perimeter_202606.zip,0.0
15531,\shp,15531_Urban_Sector_202606.zip,0.0
15533,\shp,15533_OSM_Road_202608.zip,0.06
15533,\shp,15533_R1_202607.zip,0.01
15533,\shp,15533_R2_202607.zip,0.01
15533,\shp,15533_Rural_Building_202606.zip,0.0
15533,\shp,15533_Rural_Lot_202606.zip,1.44
15533,\shp,15533_Rural_Nomenclature_202606.zip,0.0
15533,\shp,15533_Rural_Sector_202606.zip,0.07
15533,\shp,15533_Rural_Vereda_202606.zip,0.19
15533,\shp,15533_Urban_Block_202606.zip,0.01
15533,\shp,15533_Urban_Building_202606.zip,0.01
15533,\shp,15533_Urban_Lot_202606.zip,0.02
15533,\shp,15533_Urban_Nomenclature_Road_202606.zip,0.0
15533,\shp,15533_Urban_Perimeter_202606.zip,0.0
15533,\shp,15533_Urban_Sector_202606.zip,0.0
15537,\shp,15537_OSM_Road_202608.zip,0.07
15537,\shp,15537_R1_202607.zip,0.05
15537,\shp,15537_R2_202607.zip,0.11
15537,\shp,15537_Rural_Building_202606.zip,0.26
15537,\shp,15537_Rural_Lot_202606.zip,1.31
15537,\shp,15537_Rural_Nomenclature_202606.zip,0.0
15537,\shp,15537_Rural_Sector_202606.zip,0.08
15537,\shp,15537_Rural_Vereda_202606.zip,0.11
15537,\shp,15537_Urban_Block_202606.zip,0.07
15537,\shp,15537_Urban_Building_202606.zip,0.14
15537,\shp,15537_Urban_Lot_202606.zip,0.17
15537,\shp,15537_Urban_Nomenclature_202606.zip,0.04
15537,\shp,15537_Urban_Nomenclature_Road_202606.zip,0.0
15537,\shp,15537_Urban_Perimeter_202606.zip,0.01
15537,\shp,15537_Urban_Sector_202606.zip,0.0
15542,\shp,15542_OSM_Road_202608.zip,0.15
15542,\shp,15542_R1_202607.zip,0.12
15542,\shp,15542_R2_202607.zip,0.11
15542,\shp,15542_Rural_Building_202606.zip,0.0
15542,\shp,15542_Rural_Lot_202606.zip,1.59
15542,\shp,15542_Rural_Nomenclature_202606.zip,0.0
15542,\shp,15542_Rural_Sector_202606.zip,0.06
15542,\shp,15542_Rural_Vereda_202606.zip,0.17
15542,\shp,15542_Urban_Block_202606.zip,0.04
15542,\shp,15542_Urban_Building_202606.zip,0.14
15542,\shp,15542_Urban_Lot_202606.zip,0.13
15542,\shp,15542_Urban_Neighborhood_202606.zip,0.01
15542,\shp,15542_Urban_Nomenclature_202606.zip,0.0
15542,\shp,15542_Urban_Nomenclature_Road_202606.zip,0.01
15542,\shp,15542_Urban_Perimeter_202606.zip,0.01
15542,\shp,15542_Urban_Sector_202606.zip,0.01
15550,\shp,15550_OSM_Road_202608.zip,0.04
15550,\shp,15550_R1_202607.zip,0.02
15550,\shp,15550_R2_202607.zip,0.03
15550,\shp,15550_Rural_Lot_202606.zip,0.37
15550,\shp,15550_Rural_Nomenclature_202606.zip,0.0
15550,\shp,15550_Rural_Sector_202606.zip,0.02
15550,\shp,15550_Rural_Vereda_202606.zip,0.05
15550,\shp,15550_Urban_Block_202606.zip,0.01
15550,\shp,15550_Urban_Building_202606.zip,0.02
15550,\shp,15550_Urban_Lot_202606.zip,0.03
15550,\shp,15550_Urban_Neighborhood_202606.zip,0.0
15550,\shp,15550_Urban_Nomenclature_202606.zip,0.0
15550,\shp,15550_Urban_Nomenclature_Road_202606.zip,0.0
15550,\shp,15550_Urban_Perimeter_202606.zip,0.0
15550,\shp,15550_Urban_Sector_202606.zip,0.0
15572,\shp,15572_OSM_Road_202608.zip,0.34
15572,\shp,15572_R1_202607.zip,0.16
15572,\shp,15572_R2_202607.zip,0.23
15572,\shp,15572_Rural_Building_202606.zip,0.3
15572,\shp,15572_Rural_Lot_202606.zip,4.8
15572,\shp,15572_Rural_Nomenclature_202606.zip,0.24
15572,\shp,15572_Rural_Sector_202606.zip,0.39
15572,\shp,15572_Rural_Vereda_202606.zip,0.78
15572,\shp,15572_Urban_Block_202606.zip,0.48
15572,\shp,15572_Urban_Building_202606.zip,1.12
15572,\shp,15572_Urban_Lot_202606.zip,1.29
15572,\shp,15572_Urban_Nomenclature_202606.zip,0.72
15572,\shp,15572_Urban_Nomenclature_Road_202606.zip,0.04
15572,\shp,15572_Urban_Perimeter_202606.zip,0.04
15572,\shp,15572_Urban_Sector_202606.zip,0.01
15580,\shp,15580_OSM_Road_202608.zip,0.05
15580,\shp,15580_R1_202607.zip,0.03
15580,\shp,15580_R2_202607.zip,0.04
15580,\shp,15580_Rural_Building_202606.zip,0.01
15580,\shp,15580_Rural_Lot_202606.zip,0.61
15580,\shp,15580_Rural_Nomenclature_202606.zip,0.0
15580,\shp,15580_Rural_Nomenclature_Road_202606.zip,0.0
15580,\shp,15580_Rural_Sector_202606.zip,0.05
15580,\shp,15580_Rural_Vereda_202606.zip,0.19
15580,\shp,15580_Urban_Block_202606.zip,0.02
15580,\shp,15580_Urban_Building_202606.zip,0.04
15580,\shp,15580_Urban_Lot_202606.zip,0.05
15580,\shp,15580_Urban_Nomenclature_202606.zip,0.02
15580,\shp,15580_Urban_Nomenclature_Road_202606.zip,0.01
15580,\shp,15580_Urban_Perimeter_202606.zip,0.01
15580,\shp,15580_Urban_Sector_202606.zip,0.01
15599,\shp,15599_OSM_Road_202608.zip,0.13
15599,\shp,15599_R1_202607.zip,0.12
15599,\shp,15599_R2_202607.zip,0.18
15599,\shp,15599_Rural_Building_202606.zip,0.23
15599,\shp,15599_Rural_Lot_202606.zip,2.52
15599,\shp,15599_Rural_Nomenclature_202606.zip,0.44
15599,\shp,15599_Rural_Sector_202606.zip,0.09
15599,\shp,15599_Rural_Vereda_202606.zip,0.18
15599,\shp,15599_Urban_Block_202606.zip,0.09
15599,\shp,15599_Urban_Building_202606.zip,0.28
15599,\shp,15599_Urban_Lot_202606.zip,0.43
15599,\shp,15599_Urban_Nomenclature_202606.zip,0.1
15600,\shp,15600_OSM_Road_202608.zip,0.22
15600,\shp,15600_R1_202607.zip,0.1
15600,\shp,15600_R2_202607.zip,0.11
15600,\shp,15600_Rural_Building_202606.zip,0.0
15600,\shp,15600_Rural_Lot_202606.zip,1.52
15600,\shp,15600_Rural_Nomenclature_202606.zip,0.01
15600,\shp,15600_Rural_Sector_202606.zip,0.05
15600,\shp,15600_Rural_Vereda_202606.zip,0.15
15600,\shp,15600_Urban_Block_202606.zip,0.03
15600,\shp,15600_Urban_Building_202606.zip,0.07
15600,\shp,15600_Urban_Lot_202606.zip,0.09
15600,\shp,15600_Urban_Neighborhood_202606.zip,0.03
15600,\shp,15600_Urban_Nomenclature_202606.zip,0.0
15600,\shp,15600_Urban_Nomenclature_Road_202606.zip,0.01
15600,\shp,15600_Urban_Perimeter_202606.zip,0.01
15600,\shp,15600_Urban_Sector_202606.zip,0.01
15621,\shp,15621_OSM_Road_202608.zip,0.04
15621,\shp,15621_R1_202607.zip,0.05
15621,\shp,15621_R2_202607.zip,0.04
15621,\shp,15621_Rural_Lot_202606.zip,1.02
15621,\shp,15621_Rural_Nomenclature_202606.zip,0.0
15621,\shp,15621_Rural_Sector_202606.zip,0.05
15621,\shp,15621_Rural_Vereda_202606.zip,0.11
15621,\shp,15621_Urban_Block_202606.zip,0.02
15621,\shp,15621_Urban_Building_202606.zip,0.02
15621,\shp,15621_Urban_Lot_202606.zip,0.05
15621,\shp,15621_Urban_Neighborhood_202606.zip,0.01
15621,\shp,15621_Urban_Nomenclature_202606.zip,0.0
15621,\shp,15621_Urban_Nomenclature_Road_202606.zip,0.0
15621,\shp,15621_Urban_Perimeter_202606.zip,0.01
15621,\shp,15621_Urban_Sector_202606.zip,0.01
15632,\shp,15632_OSM_Road_202608.zip,0.22
15632,\shp,15632_R1_202607.zip,0.16
15632,\shp,15632_R2_202607.zip,0.14
15632,\shp,15632_Rural_Lot_202606.zip,3.08
15632,\shp,15632_Rural_Nomenclature_202606.zip,0.01
15632,\shp,15632_Rural_Sector_202606.zip,0.1
15632,\shp,15632_Rural_Vereda_202606.zip,0.3
15632,\shp,15632_Urban_Block_202606.zip,0.03
15632,\shp,15632_Urban_Building_202606.zip,0.04
15632,\shp,15632_Urban_Lot_202606.zip,0.08
15632,\shp,15632_Urban_Neighborhood_202606.zip,0.01
15632,\shp,15632_Urban_Nomenclature_202606.zip,0.01
15632,\shp,15632_Urban_Nomenclature_Road_202606.zip,0.01
15632,\shp,15632_Urban_Perimeter_202606.zip,0.01
15632,\shp,15632_Urban_Sector_202606.zip,0.01
15638,\shp,15638_OSM_Road_202608.zip,0.1
15638,\shp,15638_R1_202607.zip,0.04
15638,\shp,15638_R2_202607.zip,0.04
15638,\shp,15638_Rural_Building_202606.zip,0.01
15638,\shp,15638_Rural_Lot_202606.zip,0.47
15638,\shp,15638_Rural_Nomenclature_202606.zip,0.03
15638,\shp,15638_Rural_Sector_202606.zip,0.03
15638,\shp,15638_Rural_Vereda_202606.zip,0.05
15638,\shp,15638_Urban_Block_202606.zip,0.03
15638,\shp,15638_Urban_Building_202606.zip,0.09
15638,\shp,15638_Urban_Lot_202606.zip,0.12
15638,\shp,15638_Urban_Neighborhood_202606.zip,0.0
15638,\shp,15638_Urban_Nomenclature_202606.zip,0.01
15638,\shp,15638_Urban_Nomenclature_Road_202606.zip,0.0
15638,\shp,15638_Urban_Perimeter_202606.zip,0.0
15638,\shp,15638_Urban_Sector_202606.zip,0.0
15646,\shp,15646_OSM_Road_202608.zip,0.21
15646,\shp,15646_R1_202607.zip,0.15
15646,\shp,15646_R2_202607.zip,0.18
15646,\shp,15646_Rural_Building_202606.zip,0.01
15646,\shp,15646_Rural_Lot_202606.zip,1.69
15646,\shp,15646_Rural_Nomenclature_202606.zip,0.02
15646,\shp,15646_Rural_Sector_202606.zip,0.05
15646,\shp,15646_Rural_Vereda_202606.zip,0.21
15646,\shp,15646_Urban_Block_202606.zip,0.09
15646,\shp,15646_Urban_Building_202606.zip,0.24
15646,\shp,15646_Urban_Lot_202606.zip,0.33
15646,\shp,15646_Urban_Nomenclature_202606.zip,0.12
15646,\shp,15646_Urban_Nomenclature_Road_202606.zip,0.02
15646,\shp,15646_Urban_Perimeter_202606.zip,0.01
15646,\shp,15646_Urban_Sector_202606.zip,0.01
15660,\shp,15660_OSM_Road_202608.zip,0.02
15660,\shp,15660_R1_202607.zip,0.03
15660,\shp,15660_R2_202607.zip,0.03
15660,\shp,15660_Rural_Lot_202606.zip,0.49
15660,\shp,15660_Rural_Nomenclature_202606.zip,0.0
15660,\shp,15660_Rural_Nomenclature_Road_202606.zip,0.0
15660,\shp,15660_Rural_Sector_202606.zip,0.03
15660,\shp,15660_Rural_Vereda_202606.zip,0.06
15660,\shp,15660_Urban_Block_202606.zip,0.02
15660,\shp,15660_Urban_Building_202606.zip,0.04
15660,\shp,15660_Urban_Lot_202606.zip,0.06
15660,\shp,15660_Urban_Nomenclature_202606.zip,0.0
15660,\shp,15660_Urban_Nomenclature_Road_202606.zip,0.0
15660,\shp,15660_Urban_Perimeter_202606.zip,0.0
15660,\shp,15660_Urban_Sector_202606.zip,0.0
15664,\shp,15664_OSM_Road_202608.zip,0.12
15664,\shp,15664_R1_202607.zip,0.05
15664,\shp,15664_R2_202607.zip,0.06
15664,\shp,15664_Rural_Building_202606.zip,0.0
15664,\shp,15664_Rural_Lot_202606.zip,0.7
15664,\shp,15664_Rural_Nomenclature_202606.zip,0.01
15664,\shp,15664_Rural_Sector_202606.zip,0.03
15664,\shp,15664_Rural_Vereda_202606.zip,0.08
15664,\shp,15664_Urban_Block_202606.zip,0.02
15664,\shp,15664_Urban_Building_202606.zip,0.05
15664,\shp,15664_Urban_Lot_202606.zip,0.06
15664,\shp,15664_Urban_Neighborhood_202606.zip,0.0
15664,\shp,15664_Urban_Nomenclature_202606.zip,0.02
15664,\shp,15664_Urban_Perimeter_202606.zip,0.0
15664,\shp,15664_Urban_Sector_202606.zip,0.0
15667,\shp,15667_OSM_Road_202608.zip,0.08
15667,\shp,15667_R1_202607.zip,0.06
15667,\shp,15667_R2_202607.zip,0.06
15667,\shp,15667_Rural_Building_202606.zip,0.0
15667,\shp,15667_Rural_Lot_202606.zip,1.68
15667,\shp,15667_Rural_Nomenclature_202606.zip,0.0
15667,\shp,15667_Rural_Sector_202606.zip,0.07
15667,\shp,15667_Rural_Vereda_202606.zip,0.29
15667,\shp,15667_Urban_Block_202606.zip,0.04
15667,\shp,15667_Urban_Building_202606.zip,0.1
15667,\shp,15667_Urban_Lot_202606.zip,0.12
15667,\shp,15667_Urban_Neighborhood_202606.zip,0.0
15667,\shp,15667_Urban_Nomenclature_202606.zip,0.0
15667,\shp,15667_Urban_Nomenclature_Road_202606.zip,0.01
15667,\shp,15667_Urban_Perimeter_202606.zip,0.01
15667,\shp,15667_Urban_Sector_202606.zip,0.01
15673,\shp,15673_OSM_Road_202608.zip,0.06
15673,\shp,15673_R1_202607.zip,0.06
15673,\shp,15673_R2_202607.zip,0.06
15673,\shp,15673_Rural_Lot_202606.zip,1.29
15673,\shp,15673_Rural_Nomenclature_202606.zip,0.0
15673,\shp,15673_Rural_Sector_202606.zip,0.03
15673,\shp,15673_Rural_Vereda_202606.zip,0.09
15673,\shp,15673_Urban_Block_202606.zip,0.03
15673,\shp,15673_Urban_Building_202606.zip,0.07
15673,\shp,15673_Urban_Lot_202606.zip,0.09
15673,\shp,15673_Urban_Nomenclature_202606.zip,0.01
15673,\shp,15673_Urban_Nomenclature_Road_202606.zip,0.0
15673,\shp,15673_Urban_Perimeter_202606.zip,0.01
15673,\shp,15673_Urban_Sector_202606.zip,0.01
15676,\shp,15676_OSM_Road_202608.zip,0.06
15676,\shp,15676_R1_202607.zip,0.05
15676,\shp,15676_R2_202607.zip,0.04
15676,\shp,15676_Rural_Building_202606.zip,0.0
15676,\shp,15676_Rural_Lot_202606.zip,0.68
15676,\shp,15676_Rural_Nomenclature_202606.zip,0.0
15676,\shp,15676_Rural_Sector_202606.zip,0.03
15676,\shp,15676_Rural_Vereda_202606.zip,0.06
15676,\shp,15676_Urban_Block_202606.zip,0.01
15676,\shp,15676_Urban_Building_202606.zip,0.02
15676,\shp,15676_Urban_Lot_202606.zip,0.03
15676,\shp,15676_Urban_Nomenclature_202606.zip,0.0
15676,\shp,15676_Urban_Nomenclature_Road_202606.zip,0.0
15676,\shp,15676_Urban_Perimeter_202606.zip,0.0
15676,\shp,15676_Urban_Sector_202606.zip,0.0
15681,\shp,15681_OSM_Road_202608.zip,0.11
15681,\shp,15681_R1_202607.zip,0.04
15681,\shp,15681_R2_202607.zip,0.05
15681,\shp,15681_Rural_Lot_202606.zip,0.54
15681,\shp,15681_Rural_Nomenclature_202606.zip,0.0
15681,\shp,15681_Rural_Sector_202606.zip,0.02
15681,\shp,15681_Rural_Vereda_202606.zip,0.07
15681,\shp,15681_Urban_Block_202606.zip,0.03
15681,\shp,15681_Urban_Building_202606.zip,0.05
15681,\shp,15681_Urban_Lot_202606.zip,0.06
15681,\shp,15681_Urban_Nomenclature_202606.zip,0.0
15681,\shp,15681_Urban_Nomenclature_Road_202606.zip,0.0
15681,\shp,15681_Urban_Perimeter_202606.zip,0.01
15681,\shp,15681_Urban_Sector_202606.zip,0.01
15686,\shp,15686_OSM_Road_202608.zip,0.08
15686,\shp,15686_R1_202607.zip,0.05
15686,\shp,15686_R2_202607.zip,0.05
15686,\shp,15686_Rural_Lot_202606.zip,0.66
15686,\shp,15686_Rural_Nomenclature_202606.zip,0.0
15686,\shp,15686_Rural_Sector_202606.zip,0.04
15686,\shp,15686_Rural_Vereda_202606.zip,0.08
15686,\shp,15686_Urban_Block_202606.zip,0.05
15686,\shp,15686_Urban_Building_202606.zip,0.14
15686,\shp,15686_Urban_Lot_202606.zip,0.22
15686,\shp,15686_Urban_Neighborhood_202606.zip,0.01
15686,\shp,15686_Urban_Nomenclature_202606.zip,0.05
15686,\shp,15686_Urban_Perimeter_202606.zip,0.01
15686,\shp,15686_Urban_Sector_202606.zip,0.01
15690,\shp,15690_OSM_Road_202608.zip,0.08
15690,\shp,15690_R1_202607.zip,0.04
15690,\shp,15690_R2_202607.zip,0.04
15690,\shp,15690_Rural_Lot_202606.zip,1.34
15690,\shp,15690_Rural_Nomenclature_202606.zip,0.0
15690,\shp,15690_Rural_Sector_202606.zip,0.06
15690,\shp,15690_Rural_Vereda_202606.zip,0.21
15690,\shp,15690_Urban_Block_202606.zip,0.04
15690,\shp,15690_Urban_Building_202606.zip,0.07
15690,\shp,15690_Urban_Lot_202606.zip,0.09
15690,\shp,15690_Urban_Nomenclature_202606.zip,0.0
15690,\shp,15690_Urban_Perimeter_202606.zip,0.01
15690,\shp,15690_Urban_Sector_202606.zip,0.01
15693,\shp,15693_OSM_Road_202608.zip,0.14
15693,\shp,15693_R1_202607.zip,0.12
15693,\shp,15693_R2_202607.zip,0.12
15693,\shp,15693_Rural_Building_202606.zip,0.0
15693,\shp,15693_Rural_Lot_202606.zip,1.07
15693,\shp,15693_Rural_Nomenclature_202606.zip,0.0
15693,\shp,15693_Rural_Sector_202606.zip,0.05
15693,\shp,15693_Rural_Vereda_202606.zip,0.11
15693,\shp,15693_Urban_Block_202606.zip,0.0
15693,\shp,15693_Urban_Building_202606.zip,0.0
15693,\shp,15693_Urban_Lot_202606.zip,0.0
15693,\shp,15693_Urban_Neighborhood_202606.zip,0.0
15693,\shp,15693_Urban_Nomenclature_Road_202606.zip,0.0
15693,\shp,15693_Urban_Perimeter_202606.zip,0.0
15693,\shp,15693_Urban_Sector_202606.zip,0.0
15696,\shp,15696_OSM_Road_202608.zip,0.09
15696,\shp,15696_R1_202607.zip,0.05
15696,\shp,15696_R2_202607.zip,0.04
15696,\shp,15696_Rural_Building_202606.zip,0.0
15696,\shp,15696_Rural_Lot_202606.zip,0.97
15696,\shp,15696_Rural_Nomenclature_202606.zip,0.0
15696,\shp,15696_Rural_Sector_202606.zip,0.04
15696,\shp,15696_Rural_Vereda_202606.zip,0.11
15696,\shp,15696_Urban_Block_202606.zip,0.02
15696,\shp,15696_Urban_Building_202606.zip,0.04
15696,\shp,15696_Urban_Lot_202606.zip,0.07
15696,\shp,15696_Urban_Nomenclature_202606.zip,0.0
15696,\shp,15696_Urban_Nomenclature_Road_202606.zip,0.0
15696,\shp,15696_Urban_Perimeter_202606.zip,0.01
15696,\shp,15696_Urban_Sector_202606.zip,0.01
15720,\shp,15720_OSM_Road_202608.zip,0.08
15720,\shp,15720_R1_202607.zip,0.05
15720,\shp,15720_R2_202607.zip,0.05
15720,\shp,15720_Rural_Building_202606.zip,0.0
15720,\shp,15720_Rural_Lot_202606.zip,0.79
15720,\shp,15720_Rural_Nomenclature_202606.zip,0.0
15720,\shp,15720_Rural_Sector_202606.zip,0.05
15720,\shp,15720_Rural_Vereda_202606.zip,0.07
15720,\shp,15720_Urban_Block_202606.zip,0.02
15720,\shp,15720_Urban_Building_202606.zip,0.06
15720,\shp,15720_Urban_Lot_202606.zip,0.05
15720,\shp,15720_Urban_Neighborhood_202606.zip,0.0
15720,\shp,15720_Urban_Nomenclature_202606.zip,0.01
15720,\shp,15720_Urban_Nomenclature_Road_202606.zip,0.0
15720,\shp,15720_Urban_Perimeter_202606.zip,0.01
15720,\shp,15720_Urban_Sector_202606.zip,0.01
15723,\shp,15723_OSM_Road_202608.zip,0.03
15723,\shp,15723_R1_202607.zip,0.02
15723,\shp,15723_R2_202607.zip,0.04
15723,\shp,15723_Rural_Building_202606.zip,0.07
15723,\shp,15723_Rural_Lot_202606.zip,1.2
15723,\shp,15723_Rural_Nomenclature_202606.zip,0.0
15723,\shp,15723_Rural_Sector_202606.zip,0.09
15723,\shp,15723_Rural_Vereda_202606.zip,0.14
15723,\shp,15723_Urban_Block_202606.zip,0.01
15723,\shp,15723_Urban_Building_202606.zip,0.02
15723,\shp,15723_Urban_Lot_202606.zip,0.03
15723,\shp,15723_Urban_Nomenclature_202606.zip,0.01
15723,\shp,15723_Urban_Nomenclature_Road_202606.zip,0.0
15723,\shp,15723_Urban_Perimeter_202606.zip,0.0
15723,\shp,15723_Urban_Sector_202606.zip,0.0
15740,\shp,15740_OSM_Road_202608.zip,0.08
15740,\shp,15740_R1_202607.zip,0.09
15740,\shp,15740_R2_202607.zip,0.08
15740,\shp,15740_Rural_Building_202606.zip,0.0
15740,\shp,15740_Rural_Lot_202606.zip,1.08
15740,\shp,15740_Rural_Nomenclature_202606.zip,0.01
15740,\shp,15740_Rural_Sector_202606.zip,0.03
15740,\shp,15740_Rural_Vereda_202606.zip,0.08
15740,\shp,15740_Urban_Block_202606.zip,0.02
15740,\shp,15740_Urban_Building_202606.zip,0.06
15740,\shp,15740_Urban_Lot_202606.zip,0.08
15740,\shp,15740_Urban_Neighborhood_202606.zip,0.01
15740,\shp,15740_Urban_Nomenclature_202606.zip,0.0
15740,\shp,15740_Urban_Nomenclature_Road_202606.zip,0.01
15740,\shp,15740_Urban_Perimeter_202606.zip,0.01
15740,\shp,15740_Urban_Sector_202606.zip,0.01
15753,\shp,15753_OSM_Road_202608.zip,0.08
15753,\shp,15753_R1_202607.zip,0.1
15753,\shp,15753_R2_202607.zip,0.11
15753,\shp,15753_Rural_Building_202606.zip,0.0
15753,\shp,15753_Rural_Lot_202606.zip,0.94
15753,\shp,15753_Rural_Nomenclature_202606.zip,0.0
15753,\shp,15753_Rural_Sector_202606.zip,0.04
15753,\shp,15753_Rural_Vereda_202606.zip,0.07
15753,\shp,15753_Urban_Block_202606.zip,0.1
15753,\shp,15753_Urban_Building_202606.zip,0.29
15753,\shp,15753_Urban_Lot_202606.zip,0.29
15753,\shp,15753_Urban_Nomenclature_202606.zip,0.16
15753,\shp,15753_Urban_Nomenclature_Road_202606.zip,0.03
15753,\shp,15753_Urban_Perimeter_202606.zip,0.01
15753,\shp,15753_Urban_Sector_202606.zip,0.01
15755,\shp,15755_OSM_Road_202608.zip,0.16
15755,\shp,15755_R1_202607.zip,0.1
15755,\shp,15755_R2_202607.zip,0.19
15755,\shp,15755_Rural_Building_202606.zip,0.49
15755,\shp,15755_Rural_Lot_202606.zip,5.88
15755,\shp,15755_Rural_Nomenclature_202606.zip,0.01
15755,\shp,15755_Rural_Sector_202606.zip,0.37
15755,\shp,15755_Rural_Vereda_202606.zip,0.74
15755,\shp,15755_Urban_Block_202606.zip,0.02
15755,\shp,15755_Urban_Building_202606.zip,0.05
15755,\shp,15755_Urban_Lot_202606.zip,0.05
15755,\shp,15755_Urban_Nomenclature_202606.zip,0.02
15755,\shp,15755_Urban_Nomenclature_Road_202606.zip,0.0
15755,\shp,15755_Urban_Perimeter_202606.zip,0.0
15755,\shp,15755_Urban_Sector_202606.zip,0.0
15757,\shp,15757_OSM_Road_202608.zip,0.09
15757,\shp,15757_R1_202607.zip,0.07
15757,\shp,15757_R2_202607.zip,0.11
15757,\shp,15757_Rural_Building_202606.zip,0.36
15757,\shp,15757_Rural_Lot_202606.zip,1.82
15757,\shp,15757_Rural_Nomenclature_202606.zip,0.02
15757,\shp,15757_Rural_Sector_202606.zip,0.06
15757,\shp,15757_Rural_Vereda_202606.zip,0.21
15757,\shp,15757_Urban_Block_202606.zip,0.06
15757,\shp,15757_Urban_Building_202606.zip,0.21
15757,\shp,15757_Urban_Lot_202606.zip,0.24
15757,\shp,15757_Urban_Nomenclature_202606.zip,0.1
15757,\shp,15757_Urban_Nomenclature_Road_202606.zip,0.0
15757,\shp,15757_Urban_Perimeter_202606.zip,0.0
15757,\shp,15757_Urban_Sector_202606.zip,0.0
15759,\shp,15759_OSM_Road_202608.zip,0.76
15759,\shp,15759_R1_202607.zip,0.89
15759,\shp,15759_R2_202607.zip,1.17
15759,\shp,15759_Rural_Building_202606.zip,0.85
15759,\shp,15759_Rural_Lot_202606.zip,4.14
15759,\shp,15759_Rural_Nomenclature_202606.zip,1.0
15759,\shp,15759_Rural_Sector_202606.zip,0.11
15759,\shp,15759_Rural_Vereda_202606.zip,0.2
15759,\shp,15759_Urban_Block_202606.zip,1.39
15759,\shp,15759_Urban_Building_202606.zip,3.97
15759,\shp,15759_Urban_Lot_202606.zip,6.59
15759,\shp,15759_Urban_Nomenclature_202606.zip,1.62
15761,\shp,15761_OSM_Road_202608.zip,0.06
15761,\shp,15761_R1_202607.zip,0.05
15761,\shp,15761_R2_202607.zip,0.07
15761,\shp,15761_Rural_Building_202606.zip,0.09
15761,\shp,15761_Rural_Lot_202606.zip,1.53
15761,\shp,15761_Rural_Nomenclature_202606.zip,0.22
15761,\shp,15761_Rural_Sector_202606.zip,0.06
15761,\shp,15761_Rural_Vereda_202606.zip,0.16
15761,\shp,15761_Urban_Block_202606.zip,0.02
15761,\shp,15761_Urban_Building_202606.zip,0.06
15761,\shp,15761_Urban_Lot_202606.zip,0.06
15761,\shp,15761_Urban_Neighborhood_202606.zip,0.0
15761,\shp,15761_Urban_Nomenclature_202606.zip,0.02
15761,\shp,15761_Urban_Perimeter_202606.zip,0.0
15761,\shp,15761_Urban_Sector_202606.zip,0.0
15762,\shp,15762_OSM_Road_202608.zip,0.1
15762,\shp,15762_R1_202607.zip,0.03
15762,\shp,15762_R2_202607.zip,0.03
15762,\shp,15762_Rural_Building_202606.zip,0.0
15762,\shp,15762_Rural_Lot_202606.zip,0.43
15762,\shp,15762_Rural_Nomenclature_202606.zip,0.01
15762,\shp,15762_Rural_Sector_202606.zip,0.02
15762,\shp,15762_Rural_Vereda_202606.zip,0.05
15762,\shp,15762_Urban_Block_202606.zip,0.02
15762,\shp,15762_Urban_Building_202606.zip,0.02
15762,\shp,15762_Urban_Lot_202606.zip,0.05
15762,\shp,15762_Urban_Neighborhood_202606.zip,0.0
15762,\shp,15762_Urban_Nomenclature_202606.zip,0.01
15762,\shp,15762_Urban_Nomenclature_Road_202606.zip,0.0
15762,\shp,15762_Urban_Sector_202606.zip,0.0
15763,\shp,15763_OSM_Road_202608.zip,0.21
15763,\shp,15763_R1_202607.zip,0.12
15763,\shp,15763_R2_202607.zip,0.14
15763,\shp,15763_Rural_Building_202606.zip,0.0
15763,\shp,15763_Rural_Lot_202606.zip,2.47
15763,\shp,15763_Rural_Nomenclature_202606.zip,0.01
15763,\shp,15763_Rural_Sector_202606.zip,0.07
15763,\shp,15763_Rural_Vereda_202606.zip,0.28
15763,\shp,15763_Urban_Block_202606.zip,0.02
15763,\shp,15763_Urban_Building_202606.zip,0.04
15763,\shp,15763_Urban_Lot_202606.zip,0.05
15763,\shp,15763_Urban_Neighborhood_202606.zip,0.0
15763,\shp,15763_Urban_Nomenclature_202606.zip,0.0
15763,\shp,15763_Urban_Nomenclature_Road_202606.zip,0.01
15763,\shp,15763_Urban_Perimeter_202606.zip,0.0
15763,\shp,15763_Urban_Sector_202606.zip,0.0
15764,\shp,15764_OSM_Road_202608.zip,0.09
15764,\shp,15764_R1_202607.zip,0.07
15764,\shp,15764_R2_202607.zip,0.07
15764,\shp,15764_Rural_Building_202606.zip,0.0
15764,\shp,15764_Rural_Lot_202606.zip,0.67
15764,\shp,15764_Rural_Nomenclature_202606.zip,0.02
15764,\shp,15764_Rural_Sector_202606.zip,0.04
15764,\shp,15764_Rural_Vereda_202606.zip,0.08
15764,\shp,15764_Urban_Block_202606.zip,0.03
15764,\shp,15764_Urban_Building_202606.zip,0.08
15764,\shp,15764_Urban_Lot_202606.zip,0.12
15764,\shp,15764_Urban_Nomenclature_202606.zip,0.04
15764,\shp,15764_Urban_Perimeter_202606.zip,0.01
15764,\shp,15764_Urban_Sector_202606.zip,0.01
15765,\shp,15765_Urban_Perimeter_202606.zip,0.0
15774,\shp,15774_OSM_Road_202608.zip,0.06
15774,\shp,15774_R1_202607.zip,0.05
15774,\shp,15774_R2_202607.zip,0.04
15774,\shp,15774_Rural_Lot_202606.zip,0.99
15774,\shp,15774_Rural_Nomenclature_202606.zip,0.0
15774,\shp,15774_Rural_Sector_202606.zip,0.06
15774,\shp,15774_Rural_Vereda_202606.zip,0.08
15774,\shp,15774_Urban_Block_202606.zip,0.01
15774,\shp,15774_Urban_Building_202606.zip,0.03
15774,\shp,15774_Urban_Lot_202606.zip,0.05
15774,\shp,15774_Urban_Nomenclature_202606.zip,0.01
15774,\shp,15774_Urban_Nomenclature_Road_202606.zip,0.0
15774,\shp,15774_Urban_Perimeter_202606.zip,0.0
15774,\shp,15774_Urban_Sector_202606.zip,0.0
15776,\shp,15776_OSM_Road_202608.zip,0.15
15776,\shp,15776_R1_202607.zip,0.07
15776,\shp,15776_R2_202607.zip,0.07
15776,\shp,15776_Rural_Building_202606.zip,0.0
15776,\shp,15776_Rural_Lot_202606.zip,1.52
15776,\shp,15776_Rural_Nomenclature_202606.zip,0.01
15776,\shp,15776_Rural_Sector_202606.zip,0.04
15776,\shp,15776_Rural_Vereda_202606.zip,0.12
15776,\shp,15776_Urban_Block_202606.zip,0.03
15776,\shp,15776_Urban_Building_202606.zip,0.07
15776,\shp,15776_Urban_Lot_202606.zip,0.09
15776,\shp,15776_Urban_Neighborhood_202606.zip,0.0
15776,\shp,15776_Urban_Nomenclature_202606.zip,0.0
15776,\shp,15776_Urban_Nomenclature_Road_202606.zip,0.01
15776,\shp,15776_Urban_Perimeter_202606.zip,0.01
15776,\shp,15776_Urban_Sector_202606.zip,0.01
15778,\shp,15778_OSM_Road_202608.zip,0.07
15778,\shp,15778_R1_202607.zip,0.07
15778,\shp,15778_R2_202607.zip,0.06
15778,\shp,15778_Rural_Building_202606.zip,0.0
15778,\shp,15778_Rural_Lot_202606.zip,0.77
15778,\shp,15778_Rural_Nomenclature_202606.zip,0.0
15778,\shp,15778_Rural_Sector_202606.zip,0.03
15778,\shp,15778_Rural_Vereda_202606.zip,0.06
15778,\shp,15778_Urban_Block_202606.zip,0.02
15778,\shp,15778_Urban_Building_202606.zip,0.03
15778,\shp,15778_Urban_Lot_202606.zip,0.05
15778,\shp,15778_Urban_Nomenclature_202606.zip,0.0
15778,\shp,15778_Urban_Nomenclature_Road_202606.zip,0.0
15778,\shp,15778_Urban_Perimeter_202606.zip,0.01
15778,\shp,15778_Urban_Sector_202606.zip,0.01
15790,\shp,15790_OSM_Road_202608.zip,0.1
15790,\shp,15790_R1_202607.zip,0.06
15790,\shp,15790_R2_202607.zip,0.1
15790,\shp,15790_Rural_Building_202606.zip,0.32
15790,\shp,15790_Rural_Lot_202606.zip,2.84
15790,\shp,15790_Rural_Nomenclature_202606.zip,0.0
15790,\shp,15790_Rural_Sector_202606.zip,0.11
15790,\shp,15790_Rural_Vereda_202606.zip,0.32
15790,\shp,15790_Urban_Block_202606.zip,0.03
15790,\shp,15790_Urban_Building_202606.zip,0.09
15790,\shp,15790_Urban_Lot_202606.zip,0.1
15790,\shp,15790_Urban_Nomenclature_202606.zip,0.03
15790,\shp,15790_Urban_Nomenclature_Road_202606.zip,0.0
15790,\shp,15790_Urban_Perimeter_202606.zip,0.01
15790,\shp,15790_Urban_Sector_202606.zip,0.01
15798,\shp,15798_OSM_Road_202608.zip,0.04
15798,\shp,15798_R1_202607.zip,0.08
15798,\shp,15798_R2_202607.zip,0.08
15798,\shp,15798_Rural_Building_202606.zip,0.0
15798,\shp,15798_Rural_Lot_202606.zip,0.87
15798,\shp,15798_Rural_Nomenclature_202606.zip,0.0
15798,\shp,15798_Rural_Sector_202606.zip,0.04
15798,\shp,15798_Rural_Vereda_202606.zip,0.08
15798,\shp,15798_Urban_Block_202606.zip,0.03
15798,\shp,15798_Urban_Building_202606.zip,0.08
15798,\shp,15798_Urban_Lot_202606.zip,0.09
15798,\shp,15798_Urban_Nomenclature_202606.zip,0.06
15798,\shp,15798_Urban_Nomenclature_Road_202606.zip,0.02
15798,\shp,15798_Urban_Perimeter_202606.zip,0.01
15798,\shp,15798_Urban_Sector_202606.zip,0.01
15804,\shp,15804_OSM_Road_202608.zip,0.15
15804,\shp,15804_R1_202607.zip,0.14
15804,\shp,15804_R2_202607.zip,0.15
15804,\shp,15804_Rural_Building_202606.zip,0.0
15804,\shp,15804_Rural_Lot_202606.zip,1.88
15804,\shp,15804_Rural_Nomenclature_202606.zip,0.02
15804,\shp,15804_Rural_Sector_202606.zip,0.03
15804,\shp,15804_Rural_Vereda_202606.zip,0.15
15804,\shp,15804_Urban_Block_202606.zip,0.03
15804,\shp,15804_Urban_Building_202606.zip,0.1
15804,\shp,15804_Urban_Lot_202606.zip,0.13
15804,\shp,15804_Urban_Neighborhood_202606.zip,0.0
15804,\shp,15804_Urban_Nomenclature_202606.zip,0.05
15804,\shp,15804_Urban_Perimeter_202606.zip,0.0
15804,\shp,15804_Urban_Sector_202606.zip,0.0
15806,\shp,15806_OSM_Road_202608.zip,0.27
15806,\shp,15806_R1_202607.zip,0.14
15806,\shp,15806_R2_202607.zip,0.18
15806,\shp,15806_Rural_Building_202606.zip,0.57
15806,\shp,15806_Rural_Lot_202606.zip,1.57
15806,\shp,15806_Rural_Nomenclature_202606.zip,0.01
15806,\shp,15806_Rural_Sector_202606.zip,0.07
15806,\shp,15806_Rural_Vereda_202606.zip,0.17
15806,\shp,15806_Urban_Block_202606.zip,0.08
15806,\shp,15806_Urban_Building_202606.zip,0.28
15806,\shp,15806_Urban_Lot_202606.zip,0.29
15806,\shp,15806_Urban_Nomenclature_202606.zip,0.11
15806,\shp,15806_Urban_Nomenclature_Road_202606.zip,0.01
15806,\shp,15806_Urban_Perimeter_202606.zip,0.01
15806,\shp,15806_Urban_Sector_202606.zip,0.01
15808,\shp,15808_OSM_Road_202608.zip,0.12
15808,\shp,15808_R1_202607.zip,0.05
15808,\shp,15808_R2_202607.zip,0.05
15808,\shp,15808_Rural_Lot_202606.zip,0.87
15808,\shp,15808_Rural_Nomenclature_202606.zip,0.01
15808,\shp,15808_Rural_Sector_202606.zip,0.03
15808,\shp,15808_Rural_Vereda_202606.zip,0.08
15808,\shp,15808_Urban_Block_202606.zip,0.01
15808,\shp,15808_Urban_Building_202606.zip,0.03
15808,\shp,15808_Urban_Lot_202606.zip,0.04
15808,\shp,15808_Urban_Neighborhood_202606.zip,0.0
15808,\shp,15808_Urban_Nomenclature_202606.zip,0.0
15808,\shp,15808_Urban_Nomenclature_Road_202606.zip,0.0
15808,\shp,15808_Urban_Perimeter_202606.zip,0.0
15808,\shp,15808_Urban_Sector_202606.zip,0.0
15810,\shp,15810_OSM_Road_202608.zip,0.05
15810,\shp,15810_R1_202607.zip,0.04
15810,\shp,15810_R2_202607.zip,0.04
15810,\shp,15810_Rural_Lot_202606.zip,0.77
15810,\shp,15810_Rural_Sector_202606.zip,0.04
15810,\shp,15810_Rural_Vereda_202606.zip,0.06
15810,\shp,15810_Urban_Block_202606.zip,0.03
15810,\shp,15810_Urban_Building_202606.zip,0.04
15810,\shp,15810_Urban_Lot_202606.zip,0.07
15810,\shp,15810_Urban_Neighborhood_202606.zip,0.01
15810,\shp,15810_Urban_Nomenclature_202606.zip,0.01
15810,\shp,15810_Urban_Nomenclature_Road_202606.zip,0.0
15810,\shp,15810_Urban_Perimeter_202606.zip,0.01
15810,\shp,15810_Urban_Sector_202606.zip,0.01
15814,\shp,15814_OSM_Road_202608.zip,0.1
15814,\shp,15814_R1_202607.zip,0.09
15814,\shp,15814_R2_202607.zip,0.09
15814,\shp,15814_Rural_Building_202606.zip,0.0
15814,\shp,15814_Rural_Lot_202606.zip,1.33
15814,\shp,15814_Rural_Nomenclature_202606.zip,0.01
15814,\shp,15814_Rural_Sector_202606.zip,0.04
15814,\shp,15814_Rural_Vereda_202606.zip,0.19
15814,\shp,15814_Urban_Block_202606.zip,0.05
15814,\shp,15814_Urban_Building_202606.zip,0.13
15814,\shp,15814_Urban_Lot_202606.zip,0.19
15814,\shp,15814_Urban_Neighborhood_202606.zip,0.05
15814,\shp,15814_Urban_Nomenclature_202606.zip,0.02
15814,\shp,15814_Urban_Nomenclature_Road_202606.zip,0.01
15814,\shp,15814_Urban_Perimeter_202606.zip,0.01
15814,\shp,15814_Urban_Sector_202606.zip,0.01
15816,\shp,15816_OSM_Road_202608.zip,0.1
15816,\shp,15816_R1_202607.zip,0.04
15816,\shp,15816_R2_202607.zip,0.04
15816,\shp,15816_Rural_Building_202606.zip,0.0
15816,\shp,15816_Rural_Lot_202606.zip,0.91
15816,\shp,15816_Rural_Nomenclature_202606.zip,0.0
15816,\shp,15816_Rural_Sector_202606.zip,0.04
15816,\shp,15816_Rural_Vereda_202606.zip,0.13
15816,\shp,15816_Urban_Block_202606.zip,0.01
15816,\shp,15816_Urban_Building_202606.zip,0.05
15816,\shp,15816_Urban_Lot_202606.zip,0.05
15816,\shp,15816_Urban_Neighborhood_202606.zip,0.0
15816,\shp,15816_Urban_Nomenclature_202606.zip,0.01
15816,\shp,15816_Urban_Perimeter_202606.zip,0.0
15816,\shp,15816_Urban_Sector_202606.zip,0.0
15820,\shp,15820_OSM_Road_202608.zip,0.09
15820,\shp,15820_R1_202607.zip,0.05
15820,\shp,15820_R2_202607.zip,0.04
15820,\shp,15820_Rural_Lot_202606.zip,0.59
15820,\shp,15820_Rural_Sector_202606.zip,0.02
15820,\shp,15820_Rural_Vereda_202606.zip,0.03
15820,\shp,15820_Urban_Block_202606.zip,0.03
15820,\shp,15820_Urban_Building_202606.zip,0.05
15820,\shp,15820_Urban_Lot_202606.zip,0.07
15820,\shp,15820_Urban_Nomenclature_202606.zip,0.0
15820,\shp,15820_Urban_Nomenclature_Road_202606.zip,0.0
15820,\shp,15820_Urban_Perimeter_202606.zip,0.01
15820,\shp,15820_Urban_Sector_202606.zip,0.01
15822,\shp,15822_OSM_Road_202608.zip,0.19
15822,\shp,15822_R1_202607.zip,0.11
15822,\shp,15822_R2_202607.zip,0.14
15822,\shp,15822_Rural_Lot_202606.zip,3.15
15822,\shp,15822_Rural_Nomenclature_202606.zip,0.0
15822,\shp,15822_Rural_Sector_202606.zip,0.14
15822,\shp,15822_Rural_Vereda_202606.zip,0.26
15822,\shp,15822_Urban_Block_202606.zip,0.02
15822,\shp,15822_Urban_Building_202606.zip,0.04
15822,\shp,15822_Urban_Lot_202606.zip,0.05
15822,\shp,15822_Urban_Nomenclature_202606.zip,0.02
15822,\shp,15822_Urban_Nomenclature_Road_202606.zip,0.01
15822,\shp,15822_Urban_Perimeter_202606.zip,0.01
15822,\shp,15822_Urban_Sector_202606.zip,0.01
15832,\shp,15832_OSM_Road_202608.zip,0.05
15832,\shp,15832_R1_202607.zip,0.01
15832,\shp,15832_R2_202607.zip,0.01
15832,\shp,15832_Rural_Building_202606.zip,0.0
15832,\shp,15832_Rural_Lot_202606.zip,0.25
15832,\shp,15832_Rural_Nomenclature_202606.zip,0.0
15832,\shp,15832_Rural_Sector_202606.zip,0.02
15832,\shp,15832_Rural_Vereda_202606.zip,0.05
15832,\shp,15832_Urban_Block_202606.zip,0.01
15832,\shp,15832_Urban_Building_202606.zip,0.02
15832,\shp,15832_Urban_Lot_202606.zip,0.02
15832,\shp,15832_Urban_Nomenclature_202606.zip,0.0
15832,\shp,15832_Urban_Nomenclature_Road_202606.zip,0.0
15832,\shp,15832_Urban_Perimeter_202606.zip,0.0
15832,\shp,15832_Urban_Sector_202606.zip,0.0
15835,\shp,15835_OSM_Road_202608.zip,0.14
15835,\shp,15835_R1_202607.zip,0.1
15835,\shp,15835_R2_202607.zip,0.12
15835,\shp,15835_Rural_Building_202606.zip,0.0
15835,\shp,15835_Rural_Lot_202606.zip,1.55
15835,\shp,15835_Rural_Nomenclature_202606.zip,0.01
15835,\shp,15835_Rural_Nomenclature_Road_202606.zip,0.01
15835,\shp,15835_Rural_Sector_202606.zip,0.06
15835,\shp,15835_Rural_Vereda_202606.zip,0.12
15835,\shp,15835_Urban_Block_202606.zip,0.06
15835,\shp,15835_Urban_Building_202606.zip,0.18
15835,\shp,15835_Urban_Lot_202606.zip,0.27
15835,\shp,15835_Urban_Neighborhood_202606.zip,0.01
15835,\shp,15835_Urban_Nomenclature_202606.zip,0.06
15835,\shp,15835_Urban_Perimeter_202606.zip,0.01
15835,\shp,15835_Urban_Sector_202606.zip,0.01
15837,\shp,15837_OSM_Road_202608.zip,0.19
15837,\shp,15837_R1_202607.zip,0.1
15837,\shp,15837_R2_202607.zip,0.13
15837,\shp,15837_Rural_Building_202606.zip,0.35
15837,\shp,15837_Rural_Lot_202606.zip,1.89
15837,\shp,15837_Rural_Nomenclature_202606.zip,0.01
15837,\shp,15837_Rural_Sector_202606.zip,0.16
15837,\shp,15837_Rural_Vereda_202606.zip,0.25
15837,\shp,15837_Urban_Block_202606.zip,0.04
15837,\shp,15837_Urban_Building_202606.zip,0.11
15837,\shp,15837_Urban_Lot_202606.zip,0.12
15837,\shp,15837_Urban_Nomenclature_202606.zip,0.06
15837,\shp,15837_Urban_Nomenclature_Road_202606.zip,0.01
15837,\shp,15837_Urban_Perimeter_202606.zip,0.01
15837,\shp,15837_Urban_Sector_202606.zip,0.01
15839,\shp,15839_OSM_Road_202608.zip,0.08
15839,\shp,15839_R1_202607.zip,0.03
15839,\shp,15839_R2_202607.zip,0.03
15839,\shp,15839_Rural_Lot_202606.zip,0.52
15839,\shp,15839_Rural_Nomenclature_202606.zip,0.0
15839,\shp,15839_Rural_Sector_202606.zip,0.03
15839,\shp,15839_Rural_Vereda_202606.zip,0.08
15839,\shp,15839_Urban_Block_202606.zip,0.01
15839,\shp,15839_Urban_Building_202606.zip,0.01
15839,\shp,15839_Urban_Lot_202606.zip,0.02
15839,\shp,15839_Urban_Nomenclature_202606.zip,0.0
15839,\shp,15839_Urban_Nomenclature_Road_202606.zip,0.0
15839,\shp,15839_Urban_Perimeter_202606.zip,0.0
15839,\shp,15839_Urban_Sector_202606.zip,0.0
15842,\shp,15842_OSM_Road_202608.zip,0.12
15842,\shp,15842_R1_202607.zip,0.1
15842,\shp,15842_R2_202607.zip,0.09
15842,\shp,15842_Rural_Lot_202606.zip,1.32
15842,\shp,15842_Rural_Nomenclature_202606.zip,0.0
15842,\shp,15842_Rural_Sector_202606.zip,0.07
15842,\shp,15842_Rural_Vereda_202606.zip,0.15
15842,\shp,15842_Urban_Block_202606.zip,0.03
15842,\shp,15842_Urban_Building_202606.zip,0.06
15842,\shp,15842_Urban_Lot_202606.zip,0.08
15842,\shp,15842_Urban_Nomenclature_202606.zip,0.03
15842,\shp,15842_Urban_Perimeter_202606.zip,0.0
15842,\shp,15842_Urban_Sector_202606.zip,0.0
15861,\shp,15861_OSM_Road_202608.zip,0.26
15861,\shp,15861_R1_202607.zip,0.17
15861,\shp,15861_R2_202607.zip,0.25
15861,\shp,15861_Rural_Lot_202606.zip,2.63
15861,\shp,15861_Urban_Lot_202606.zip,0.19
15879,\shp,15879_OSM_Road_202608.zip,0.05
15879,\shp,15879_R1_202607.zip,0.06
15879,\shp,15879_R2_202607.zip,0.09
15879,\shp,15879_Rural_Building_202606.zip,0.11
15879,\shp,15879_Rural_Lot_202606.zip,1.98
15879,\shp,15879_Rural_Nomenclature_202606.zip,0.28
15879,\shp,15879_Rural_Vereda_202606.zip,0.19
15879,\shp,15879_Urban_Block_202606.zip,0.02
15879,\shp,15879_Urban_Building_202606.zip,0.04
15879,\shp,15879_Urban_Lot_202606.zip,0.07
15879,\shp,15879_Urban_Neighborhood_202606.zip,0.02
15879,\shp,15879_Urban_Nomenclature_202606.zip,0.02
15879,\shp,15879_Urban_Sector_202606.zip,0.02
15897,\shp,15897_OSM_Road_202608.zip,0.07
15897,\shp,15897_R1_202607.zip,0.06
15897,\shp,15897_R2_202607.zip,0.05
15897,\shp,15897_Rural_Building_202606.zip,0.0
15897,\shp,15897_Rural_Lot_202606.zip,1.07
15897,\shp,15897_Rural_Nomenclature_202606.zip,0.0
15897,\shp,15897_Rural_Sector_202606.zip,0.05
15897,\shp,15897_Rural_Vereda_202606.zip,0.09
15897,\shp,15897_Urban_Block_202606.zip,0.02
15897,\shp,15897_Urban_Building_202606.zip,0.05
15897,\shp,15897_Urban_Lot_202606.zip,0.06
15897,\shp,15897_Urban_Neighborhood_202606.zip,0.01
15897,\shp,15897_Urban_Nomenclature_202606.zip,0.0
15897,\shp,15897_Urban_Nomenclature_Road_202606.zip,0.0
15897,\shp,15897_Urban_Perimeter_202606.zip,0.01
15897,\shp,15897_Urban_Sector_202606.zip,0.01
17001,\shp,17001_OSM_Road_202608.zip,1.51
17001,\shp,17001_Rural_Lot_202001.zip,4.1
17001,\shp,17001_Urban_Lot_202001.zip,7.37
17013,\shp,17013_OSM_Road_202608.zip,0.37
17013,\shp,17013_R1_202607.zip,0.14
17013,\shp,17013_R2_202607.zip,0.18
17013,\shp,17013_Rural_Building_202606.zip,0.03
17013,\shp,17013_Rural_Lot_202606.zip,2.93
17013,\shp,17013_Rural_Nomenclature_202606.zip,0.02
17013,\shp,17013_Rural_Nomenclature_Road_202606.zip,0.0
17013,\shp,17013_Rural_Sector_202606.zip,0.14
17013,\shp,17013_Rural_Vereda_202606.zip,0.36
17013,\shp,17013_Urban_Block_202606.zip,2.56
17013,\shp,17013_Urban_Building_202606.zip,3.89
17013,\shp,17013_Urban_Lot_202606.zip,8.11
17013,\shp,17013_Urban_Neighborhood_202606.zip,0.39
17013,\shp,17013_Urban_Nomenclature_202606.zip,0.31
17013,\shp,17013_Urban_Nomenclature_Road_202606.zip,0.02
17013,\shp,17013_Urban_Perimeter_202606.zip,0.26
17013,\shp,17013_Urban_Sector_202606.zip,0.26
17042,\shp,17042_OSM_Road_202608.zip,0.43
17042,\shp,17042_R1_202607.zip,0.17
17042,\shp,17042_R2_202607.zip,0.2
17042,\shp,17042_Rural_Building_202606.zip,0.05
17042,\shp,17042_Rural_Lot_202606.zip,2.18
17042,\shp,17042_Rural_Nomenclature_202606.zip,0.01
17042,\shp,17042_Rural_Sector_202606.zip,0.09
17042,\shp,17042_Rural_Vereda_202606.zip,0.25
17042,\shp,17042_Urban_Block_202606.zip,0.27
17042,\shp,17042_Urban_Building_202606.zip,0.97
17042,\shp,17042_Urban_Lot_202606.zip,0.78
17042,\shp,17042_Urban_Nomenclature_202606.zip,0.45
17042,\shp,17042_Urban_Nomenclature_Road_202606.zip,0.06
17042,\shp,17042_Urban_Perimeter_202606.zip,0.01
17050,\shp,17050_OSM_Road_202608.zip,0.12
17050,\shp,17050_R1_202607.zip,0.07
17050,\shp,17050_R2_202607.zip,0.07
17050,\shp,17050_Rural_Building_202606.zip,0.0
17050,\shp,17050_Rural_Lot_202606.zip,0.97
17050,\shp,17050_Rural_Nomenclature_202606.zip,0.0
17050,\shp,17050_Rural_Sector_202606.zip,0.06
17050,\shp,17050_Rural_Vereda_202606.zip,0.2
17050,\shp,17050_Urban_Block_202606.zip,0.09
17050,\shp,17050_Urban_Building_202606.zip,0.19
17050,\shp,17050_Urban_Lot_202606.zip,0.23
17050,\shp,17050_Urban_Nomenclature_202606.zip,0.1
17050,\shp,17050_Urban_Nomenclature_Road_202606.zip,0.02
17050,\shp,17050_Urban_Perimeter_202606.zip,0.02
17050,\shp,17050_Urban_Sector_202606.zip,0.02
17088,\shp,17088_OSM_Road_202608.zip,0.17
17088,\shp,17088_R1_202607.zip,0.05
17088,\shp,17088_R2_202607.zip,0.07
17088,\shp,17088_Rural_Building_202606.zip,0.01
17088,\shp,17088_Rural_Lot_202606.zip,2.0
17088,\shp,17088_Rural_Nomenclature_202606.zip,0.01
17088,\shp,17088_Rural_Sector_202606.zip,0.16
17088,\shp,17088_Rural_Vereda_202606.zip,0.8
17088,\shp,17088_Urban_Block_202606.zip,0.1
17088,\shp,17088_Urban_Building_202606.zip,0.17
17088,\shp,17088_Urban_Lot_202606.zip,0.2
17088,\shp,17088_Urban_Neighborhood_202606.zip,0.03
17088,\shp,17088_Urban_Nomenclature_202606.zip,0.07
17088,\shp,17088_Urban_Nomenclature_Road_202606.zip,0.02
17088,\shp,17088_Urban_Perimeter_202606.zip,0.03
17088,\shp,17088_Urban_Sector_202606.zip,0.03
17174,\shp,17174_OSM_Road_202608.zip,0.3
17174,\shp,17174_R1_202607.zip,0.18
17174,\shp,17174_R2_202607.zip,0.22
17174,\shp,17174_Rural_Building_202606.zip,0.01
17174,\shp,17174_Rural_Lot_202606.zip,0.9
17174,\shp,17174_Rural_Nomenclature_202606.zip,0.01
17174,\shp,17174_Rural_Nomenclature_Road_202606.zip,0.0
17174,\shp,17174_Rural_Vereda_202606.zip,0.22
17174,\shp,17174_Urban_Block_202606.zip,0.67
17174,\shp,17174_Urban_Building_202606.zip,1.54
17174,\shp,17174_Urban_Lot_202606.zip,1.84
17174,\shp,17174_Urban_Neighborhood_202606.zip,0.1
17174,\shp,17174_Urban_Nomenclature_202606.zip,0.83
17174,\shp,17174_Urban_Nomenclature_Road_202606.zip,0.1
17174,\shp,17174_Urban_Perimeter_202606.zip,0.04
17174,\shp,17174_Urban_Sector_202606.zip,0.04
17272,\shp,17272_OSM_Road_202608.zip,0.16
17272,\shp,17272_R1_202607.zip,0.06
17272,\shp,17272_R2_202607.zip,0.08
17272,\shp,17272_Rural_Building_202606.zip,0.0
17272,\shp,17272_Rural_Lot_202606.zip,1.46
17272,\shp,17272_Rural_Nomenclature_202606.zip,0.0
17272,\shp,17272_Rural_Sector_202606.zip,0.14
17272,\shp,17272_Rural_Vereda_202606.zip,0.26
17272,\shp,17272_Urban_Block_202606.zip,0.1
17272,\shp,17272_Urban_Building_202606.zip,0.24
17272,\shp,17272_Urban_Lot_202606.zip,0.26
17272,\shp,17272_Urban_Nomenclature_202606.zip,0.1
17272,\shp,17272_Urban_Nomenclature_Road_202606.zip,0.02
17272,\shp,17272_Urban_Perimeter_202606.zip,0.01
17272,\shp,17272_Urban_Sector_202606.zip,0.02
17380,\shp,17380_OSM_Road_202608.zip,0.21
17380,\shp,17380_R1_202607.zip,0.23
17380,\shp,17380_R2_202607.zip,0.27
17380,\shp,17380_Rural_Building_202606.zip,0.04
17380,\shp,17380_Rural_Lot_202606.zip,0.8
17380,\shp,17380_Rural_Nomenclature_202606.zip,0.01
17380,\shp,17380_Rural_Sector_202606.zip,0.1
17380,\shp,17380_Rural_Vereda_202606.zip,0.29
17380,\shp,17380_Urban_Block_202606.zip,0.64
17380,\shp,17380_Urban_Building_202606.zip,2.14
17380,\shp,17380_Urban_Lot_202606.zip,2.31
17380,\shp,17380_Urban_Neighborhood_202606.zip,0.04
17380,\shp,17380_Urban_Nomenclature_202606.zip,1.41
17380,\shp,17380_Urban_Nomenclature_Road_202606.zip,0.06
17380,\shp,17380_Urban_Perimeter_202606.zip,0.02
17380,\shp,17380_Urban_Sector_202606.zip,0.03
17388,\shp,17388_OSM_Road_202608.zip,0.06
17388,\shp,17388_R1_202607.zip,0.04
17388,\shp,17388_R2_202607.zip,0.04
17388,\shp,17388_Rural_Building_202606.zip,0.02
17388,\shp,17388_Rural_Lot_202606.zip,0.83
17388,\shp,17388_Rural_Nomenclature_202606.zip,0.01
17388,\shp,17388_Rural_Sector_202606.zip,0.09
17388,\shp,17388_Rural_Vereda_202606.zip,0.12
17388,\shp,17388_Urban_Block_202606.zip,0.08
17388,\shp,17388_Urban_Building_202606.zip,0.15
17388,\shp,17388_Urban_Lot_202606.zip,0.16
17388,\shp,17388_Urban_Nomenclature_202606.zip,0.04
17388,\shp,17388_Urban_Nomenclature_Road_202606.zip,0.01
17388,\shp,17388_Urban_Perimeter_202606.zip,0.03
1738,\shp,1738_Urban_Building_202606.zip,0.02
17433,\shp,17433_OSM_Road_202608.zip,0.13
17433,\shp,17433_R1_202607.zip,0.09
17433,\shp,17433_R2_202607.zip,0.12
17433,\shp,17433_Rural_Building_202606.zip,0.0
17433,\shp,17433_Rural_Lot_202606.zip,1.63
17433,\shp,17433_Rural_Nomenclature_202606.zip,0.0
17433,\shp,17433_Rural_Sector_202606.zip,0.1
17433,\shp,17433_Rural_Vereda_202606.zip,0.32
17433,\shp,17433_Urban_Block_202606.zip,0.17
17433,\shp,17433_Urban_Building_202606.zip,0.37
17433,\shp,17433_Urban_Lot_202606.zip,0.4
17433,\shp,17433_Urban_Neighborhood_202606.zip,0.14
17433,\shp,17433_Urban_Nomenclature_202606.zip,0.17
17433,\shp,17433_Urban_Nomenclature_Road_202606.zip,0.02
17433,\shp,17433_Urban_Perimeter_202606.zip,0.03
17433,\shp,17433_Urban_Sector_202606.zip,0.14
17442,\shp,17442_OSM_Road_202608.zip,0.06
17442,\shp,17442_R1_202607.zip,0.03
17442,\shp,17442_R2_202607.zip,0.04
17442,\shp,17442_Rural_Building_202606.zip,0.0
17442,\shp,17442_Rural_Lot_202606.zip,0.76
17442,\shp,17442_Rural_Nomenclature_202606.zip,0.0
17442,\shp,17442_Rural_Nomenclature_Road_202606.zip,0.0
17442,\shp,17442_Rural_Sector_202606.zip,0.05
17442,\shp,17442_Rural_Vereda_202606.zip,0.11
17442,\shp,17442_Urban_Block_202606.zip,0.05
17442,\shp,17442_Urban_Building_202606.zip,0.07
17442,\shp,17442_Urban_Lot_202606.zip,0.09
17442,\shp,17442_Urban_Nomenclature_202606.zip,0.04
17442,\shp,17442_Urban_Nomenclature_Road_202606.zip,0.01
17442,\shp,17442_Urban_Perimeter_202606.zip,0.01
17444,\shp,17444_OSM_Road_202608.zip,0.12
17444,\shp,17444_R1_202607.zip,0.06
17444,\shp,17444_R2_202607.zip,0.07
17444,\shp,17444_Rural_Building_202606.zip,0.03
17444,\shp,17444_Rural_Lot_202606.zip,1.3
17444,\shp,17444_Rural_Nomenclature_202606.zip,0.0
17444,\shp,17444_Rural_Sector_202606.zip,0.05
17444,\shp,17444_Rural_Vereda_202606.zip,0.09
17444,\shp,17444_Urban_Block_202606.zip,0.12
17444,\shp,17444_Urban_Building_202606.zip,0.23
17444,\shp,17444_Urban_Lot_202606.zip,0.31
17444,\shp,17444_Urban_Nomenclature_202606.zip,0.12
17444,\shp,17444_Urban_Nomenclature_Road_202606.zip,0.01
17444,\shp,17444_Urban_Perimeter_202606.zip,0.05
17444,\shp,17444_Urban_Sector_202606.zip,0.05
17446,\shp,17446_OSM_Road_202608.zip,0.08
17446,\shp,17446_R1_202607.zip,0.02
17446,\shp,17446_R2_202607.zip,0.02
17446,\shp,17446_Rural_Building_202606.zip,0.0
17446,\shp,17446_Rural_Lot_202606.zip,0.56
17446,\shp,17446_Rural_Nomenclature_202606.zip,0.0
17446,\shp,17446_Rural_Nomenclature_Road_202606.zip,0.0
17446,\shp,17446_Rural_Sector_202606.zip,0.06
17446,\shp,17446_Rural_Vereda_202606.zip,0.11
17446,\shp,17446_Urban_Block_202606.zip,0.03
17446,\shp,17446_Urban_Building_202606.zip,0.07
17446,\shp,17446_Urban_Lot_202606.zip,0.08
17446,\shp,17446_Urban_Nomenclature_202606.zip,0.03
17446,\shp,17446_Urban_Nomenclature_Road_202606.zip,0.01
17446,\shp,17446_Urban_Perimeter_202606.zip,0.01
17446,\shp,17446_Urban_Sector_202606.zip,0.01
17486,\shp,17486_OSM_Road_202608.zip,0.36
17486,\shp,17486_R1_202607.zip,0.12
17486,\shp,17486_R2_202607.zip,0.15
17486,\shp,17486_Rural_Building_202606.zip,0.11
17486,\shp,17486_Rural_Lot_202606.zip,2.04
17486,\shp,17486_Rural_Nomenclature_202606.zip,0.03
17486,\shp,17486_Rural_Sector_202606.zip,0.08
17486,\shp,17486_Rural_Vereda_202606.zip,0.18
17486,\shp,17486_Urban_Block_202606.zip,0.2
17486,\shp,17486_Urban_Building_202606.zip,0.65
17486,\shp,17486_Urban_Lot_202606.zip,0.55
17486,\shp,17486_Urban_Nomenclature_202606.zip,0.29
17486,\shp,17486_Urban_Nomenclature_Road_202606.zip,0.07
17486,\shp,17486_Urban_Perimeter_202606.zip,0.01
17486,\shp,17486_Urban_Sector_202606.zip,0.01
17495,\shp,17495_OSM_Road_202608.zip,0.08
17495,\shp,17495_R1_202607.zip,0.03
17495,\shp,17495_R2_202607.zip,0.04
17495,\shp,17495_Rural_Building_202606.zip,0.0
17495,\shp,17495_Rural_Lot_202606.zip,0.58
17495,\shp,17495_Rural_Nomenclature_202606.zip,0.01
17495,\shp,17495_Rural_Sector_202606.zip,0.06
17495,\shp,17495_Rural_Vereda_202606.zip,0.12
17495,\shp,17495_Urban_Block_202606.zip,0.07
17495,\shp,17495_Urban_Building_202606.zip,0.17
17495,\shp,17495_Urban_Lot_202606.zip,0.21
17495,\shp,17495_Urban_Nomenclature_202606.zip,0.06
17495,\shp,17495_Urban_Nomenclature_Road_202606.zip,0.01
17495,\shp,17495_Urban_Perimeter_202606.zip,0.02
17495,\shp,17495_Urban_Sector_202606.zip,0.02
17513,\shp,17513_OSM_Road_202608.zip,0.22
17513,\shp,17513_R1_202607.zip,0.09
17513,\shp,17513_R2_202607.zip,0.1
17513,\shp,17513_Rural_Building_202606.zip,0.02
17513,\shp,17513_Rural_Lot_202606.zip,1.34
17513,\shp,17513_Rural_Nomenclature_202606.zip,0.0
17513,\shp,17513_Rural_Nomenclature_Road_202606.zip,0.0
17513,\shp,17513_Rural_Sector_202606.zip,0.09
17513,\shp,17513_Rural_Vereda_202606.zip,0.2
17513,\shp,17513_Urban_Block_202606.zip,0.13
17513,\shp,17513_Urban_Building_202606.zip,0.32
17513,\shp,17513_Urban_Lot_202606.zip,0.36
17513,\shp,17513_Urban_Neighborhood_202606.zip,0.01
17513,\shp,17513_Urban_Nomenclature_202606.zip,0.14
17513,\shp,17513_Urban_Nomenclature_Road_202606.zip,0.03
17513,\shp,17513_Urban_Perimeter_202606.zip,0.01
17513,\shp,17513_Urban_Sector_202606.zip,0.02
17524,\shp,17524_OSM_Road_202608.zip,0.32
17524,\shp,17524_R1_202607.zip,0.08
17524,\shp,17524_R2_202607.zip,0.11
17524,\shp,17524_Rural_Building_202606.zip,0.11
17524,\shp,17524_Rural_Lot_202606.zip,12.1
17524,\shp,17524_Rural_Nomenclature_202606.zip,0.01
17524,\shp,17524_Rural_Sector_202606.zip,0.07
17524,\shp,17524_Rural_Vereda_202606.zip,0.52
17524,\shp,17524_Urban_Block_202606.zip,0.22
17524,\shp,17524_Urban_Building_202606.zip,0.37
17524,\shp,17524_Urban_Lot_202606.zip,0.46
17524,\shp,17524_Urban_Nomenclature_202606.zip,0.21
17524,\shp,17524_Urban_Nomenclature_Road_202606.zip,0.02
17524,\shp,17524_Urban_Perimeter_202606.zip,0.03
17524,\shp,17524_Urban_Sector_202606.zip,0.03
17541,\shp,17541_OSM_Road_202608.zip,0.18
17541,\shp,17541_R1_202607.zip,0.14
17541,\shp,17541_R2_202607.zip,0.16
17541,\shp,17541_Rural_Building_202606.zip,0.01
17541,\shp,17541_Rural_Lot_202606.zip,2.67
17541,\shp,17541_Rural_Nomenclature_202606.zip,0.01
17541,\shp,17541_Rural_Sector_202606.zip,0.2
17541,\shp,17541_Rural_Vereda_202606.zip,0.54
17541,\shp,17541_Urban_Block_202606.zip,0.23
17541,\shp,17541_Urban_Building_202606.zip,0.51
17541,\shp,17541_Urban_Lot_202606.zip,0.61
17541,\shp,17541_Urban_Nomenclature_202606.zip,0.15
17541,\shp,17541_Urban_Nomenclature_Road_202606.zip,0.03
17541,\shp,17541_Urban_Perimeter_202606.zip,0.05
17541,\shp,17541_Urban_Sector_202606.zip,0.06
17614,\shp,17614_OSM_Road_202608.zip,0.21
17614,\shp,17614_R1_202607.zip,0.13
17614,\shp,17614_R2_202607.zip,0.16
17614,\shp,17614_Rural_Building_202606.zip,0.01
17614,\shp,17614_Rural_Lot_202606.zip,2.69
17614,\shp,17614_Rural_Nomenclature_202606.zip,0.01
17614,\shp,17614_Rural_Sector_202606.zip,0.2
17614,\shp,17614_Rural_Vereda_202606.zip,0.52
17614,\shp,17614_Urban_Block_202606.zip,0.4
17614,\shp,17614_Urban_Building_202606.zip,0.97
17614,\shp,17614_Urban_Lot_202606.zip,1.05
17614,\shp,17614_Urban_Nomenclature_202606.zip,0.45
17614,\shp,17614_Urban_Nomenclature_Road_202606.zip,0.03
17614,\shp,17614_Urban_Perimeter_202606.zip,0.05
17614,\shp,17614_Urban_Sector_202606.zip,0.05
17616,\shp,17616_OSM_Road_202608.zip,0.24
17616,\shp,17616_R1_202607.zip,0.04
17616,\shp,17616_R2_202607.zip,0.05
17616,\shp,17616_Rural_Building_202606.zip,0.0
17616,\shp,17616_Rural_Lot_202606.zip,1.12
17616,\shp,17616_Rural_Nomenclature_202606.zip,0.01
17616,\shp,17616_Rural_Sector_202606.zip,0.15
17616,\shp,17616_Rural_Vereda_202606.zip,0.28
17616,\shp,17616_Urban_Block_202606.zip,0.06
17616,\shp,17616_Urban_Building_202606.zip,0.13
17616,\shp,17616_Urban_Lot_202606.zip,0.16
17616,\shp,17616_Urban_Nomenclature_202606.zip,0.07
17616,\shp,17616_Urban_Nomenclature_Road_202606.zip,0.01
17616,\shp,17616_Urban_Perimeter_202606.zip,0.01
17616,\shp,17616_Urban_Sector_202606.zip,0.06
17653,\shp,17653_OSM_Road_202608.zip,0.19
17653,\shp,17653_R1_202607.zip,0.1
17653,\shp,17653_R2_202607.zip,0.13
17653,\shp,17653_Rural_Building_202606.zip,0.0
17653,\shp,17653_Rural_Lot_202606.zip,1.5
17653,\shp,17653_Rural_Nomenclature_202606.zip,0.0
17653,\shp,17653_Rural_Sector_202606.zip,0.14
17653,\shp,17653_Rural_Vereda_202606.zip,0.24
17653,\shp,17653_Urban_Block_202606.zip,0.18
17653,\shp,17653_Urban_Building_202606.zip,0.47
17653,\shp,17653_Urban_Lot_202606.zip,0.49
17653,\shp,17653_Urban_Nomenclature_202606.zip,0.22
17653,\shp,17653_Urban_Nomenclature_Road_202606.zip,0.04
17653,\shp,17653_Urban_Perimeter_202606.zip,0.02
17662,\shp,17662_OSM_Road_202608.zip,0.27
17662,\shp,17662_R1_202607.zip,0.16
17662,\shp,17662_R2_202607.zip,0.19
17662,\shp,17662_Rural_Building_202606.zip,0.0
17662,\shp,17662_Rural_Lot_202606.zip,11.04
17662,\shp,17662_Rural_Nomenclature_202606.zip,0.01
17662,\shp,17662_Rural_Nomenclature_Road_202606.zip,0.01
17662,\shp,17662_Rural_Sector_202606.zip,0.26
17662,\shp,17662_Rural_Vereda_202606.zip,0.84
17662,\shp,17662_Urban_Block_202606.zip,0.14
17662,\shp,17662_Urban_Building_202606.zip,0.38
17662,\shp,17662_Urban_Lot_202606.zip,0.36
17662,\shp,17662_Urban_Nomenclature_202606.zip,0.16
17662,\shp,17662_Urban_Nomenclature_Road_202606.zip,0.02
17662,\shp,17662_Urban_Perimeter_202606.zip,0.03
17662,\shp,17662_Urban_Sector_202606.zip,0.04
17665,\shp,17665_OSM_Road_202608.zip,0.11
17665,\shp,17665_R1_202607.zip,0.03
17665,\shp,17665_R2_202607.zip,0.04
17665,\shp,17665_Rural_Building_202606.zip,0.0
17665,\shp,17665_Rural_Lot_202606.zip,0.54
17665,\shp,17665_Rural_Nomenclature_202606.zip,0.01
17665,\shp,17665_Rural_Sector_202606.zip,0.07
17665,\shp,17665_Rural_Vereda_202606.zip,0.14
17665,\shp,17665_Urban_Block_202606.zip,0.09
17665,\shp,17665_Urban_Building_202606.zip,0.09
17665,\shp,17665_Urban_Lot_202606.zip,0.17
17665,\shp,17665_Urban_Nomenclature_202606.zip,0.06
17665,\shp,17665_Urban_Nomenclature_Road_202606.zip,0.01
17665,\shp,17665_Urban_Perimeter_202606.zip,0.07
17665,\shp,17665_Urban_Sector_202606.zip,0.07
17777,\shp,17777_OSM_Road_202608.zip,0.15
17777,\shp,17777_R1_202607.zip,0.09
17777,\shp,17777_R2_202607.zip,0.11
17777,\shp,17777_Rural_Building_202606.zip,0.0
17777,\shp,17777_Rural_Lot_202606.zip,1.24
17777,\shp,17777_Rural_Nomenclature_202606.zip,0.01
17777,\shp,17777_Rural_Sector_202606.zip,0.08
17777,\shp,17777_Rural_Vereda_202606.zip,0.23
17777,\shp,17777_Urban_Block_202606.zip,0.19
17777,\shp,17777_Urban_Building_202606.zip,0.53
17777,\shp,17777_Urban_Lot_202606.zip,0.56
17777,\shp,17777_Urban_Nomenclature_202606.zip,0.33
17777,\shp,17777_Urban_Nomenclature_Road_202606.zip,0.02
17777,\shp,17777_Urban_Perimeter_202606.zip,0.02
17777,\shp,17777_Urban_Sector_202606.zip,0.02
1777,\shp,1777_Urban_Building_202606.zip,0.06
17867,\shp,17867_OSM_Road_202608.zip,0.18
17867,\shp,17867_R1_202607.zip,0.06
17867,\shp,17867_R2_202607.zip,0.08
17867,\shp,17867_Rural_Building_202606.zip,0.03
17867,\shp,17867_Rural_Lot_202606.zip,2.62
17867,\shp,17867_Rural_Nomenclature_202606.zip,0.01
17867,\shp,17867_Rural_Sector_202606.zip,0.42
17867,\shp,17867_Rural_Vereda_202606.zip,0.67
17867,\shp,17867_Urban_Block_202606.zip,0.11
17867,\shp,17867_Urban_Building_202606.zip,0.2
17867,\shp,17867_Urban_Lot_202606.zip,0.25
17867,\shp,17867_Urban_Neighborhood_202606.zip,0.02
17867,\shp,17867_Urban_Nomenclature_202606.zip,0.11
17867,\shp,17867_Urban_Nomenclature_Road_202606.zip,0.03
17867,\shp,17867_Urban_Perimeter_202606.zip,0.02
17867,\shp,17867_Urban_Sector_202606.zip,0.02
17873,\shp,17873_OSM_Road_202608.zip,0.49
17873,\shp,17873_R1_202607.zip,0.25
17873,\shp,17873_R2_202607.zip,0.26
17873,\shp,17873_Rural_Building_202606.zip,0.13
17873,\shp,17873_Rural_Lot_202606.zip,1.37
17873,\shp,17873_Rural_Nomenclature_202606.zip,0.05
17873,\shp,17873_Rural_Sector_202606.zip,0.09
17873,\shp,17873_Rural_Vereda_202606.zip,0.27
17873,\shp,17873_Urban_Block_202606.zip,0.57
17873,\shp,17873_Urban_Building_202606.zip,1.85
17873,\shp,17873_Urban_Lot_202606.zip,1.71
17873,\shp,17873_Urban_Nomenclature_202606.zip,0.78
17873,\shp,17873_Urban_Nomenclature_Road_202606.zip,0.12
17873,\shp,17873_Urban_Perimeter_202606.zip,0.03
17873,\shp,17873_Urban_Sector_202606.zip,0.12
17877,\shp,17877_OSM_Road_202608.zip,0.1
17877,\shp,17877_R1_202607.zip,0.07
17877,\shp,17877_R2_202607.zip,0.08
17877,\shp,17877_Rural_Building_202606.zip,0.04
17877,\shp,17877_Rural_Lot_202606.zip,0.87
17877,\shp,17877_Rural_Nomenclature_202606.zip,0.02
17877,\shp,17877_Rural_Sector_202606.zip,0.13
17877,\shp,17877_Rural_Vereda_202606.zip,0.46
17877,\shp,17877_Urban_Block_202606.zip,0.16
17877,\shp,17877_Urban_Building_202606.zip,0.39
17877,\shp,17877_Urban_Lot_202606.zip,0.49
17877,\shp,17877_Urban_Neighborhood_202606.zip,0.02
17877,\shp,17877_Urban_Nomenclature_202606.zip,0.07
17877,\shp,17877_Urban_Nomenclature_Road_202606.zip,0.03
17877,\shp,17877_Urban_Perimeter_202606.zip,0.01
17877,\shp,17877_Urban_Sector_202606.zip,0.04
18001,\shp,18001_OSM_Road_202608.zip,0.57
18001,\shp,18001_Rural_Lot_202001.zip,3.13
18001,\shp,18001_Urban_Lot_202001.zip,3.77
18029,\shp,18029_OSM_Road_202608.zip,0.07
18029,\shp,18029_R1_202607.zip,0.03
18029,\shp,18029_R2_202607.zip,0.05
18029,\shp,18029_Rural_Building_202606.zip,0.15
18029,\shp,18029_Rural_Lot_202606.zip,0.65
18029,\shp,18029_Rural_Nomenclature_202606.zip,0.07
18029,\shp,18029_Rural_Sector_202606.zip,0.15
18029,\shp,18029_Rural_Vereda_202606.zip,0.27
18029,\shp,18029_Urban_Block_202606.zip,0.04
18029,\shp,18029_Urban_Building_202606.zip,0.09
18029,\shp,18029_Urban_Lot_202606.zip,0.11
18029,\shp,18029_Urban_Neighborhood_202606.zip,0.0
18029,\shp,18029_Urban_Nomenclature_202606.zip,0.06
18029,\shp,18029_Urban_Nomenclature_Road_202606.zip,0.01
18029,\shp,18029_Urban_Perimeter_202606.zip,0.0
18029,\shp,18029_Urban_Sector_202606.zip,0.0
18094,\shp,18094_OSM_Road_202608.zip,0.12
18094,\shp,18094_R1_202607.zip,0.06
18094,\shp,18094_R2_202607.zip,0.06
18094,\shp,18094_Rural_Building_202606.zip,0.0
18094,\shp,18094_Rural_Lot_202606.zip,0.73
18094,\shp,18094_Rural_Nomenclature_202606.zip,0.01
18094,\shp,18094_Rural_Sector_202606.zip,0.13
18094,\shp,18094_Rural_Vereda_202606.zip,0.21
18094,\shp,18094_Urban_Block_202606.zip,0.1
18094,\shp,18094_Urban_Building_202606.zip,0.24
18094,\shp,18094_Urban_Lot_202606.zip,0.27
18094,\shp,18094_Urban_Nomenclature_202606.zip,0.15
18094,\shp,18094_Urban_Nomenclature_Road_202606.zip,0.01
18094,\shp,18094_Urban_Perimeter_202606.zip,0.01
18094,\shp,18094_Urban_Sector_202606.zip,0.1
18150,\shp,18150_OSM_Road_202608.zip,0.3
18150,\shp,18150_R1_202607.zip,0.11
18150,\shp,18150_R2_202607.zip,0.15
18150,\shp,18150_Rural_Building_202606.zip,0.4
18150,\shp,18150_Rural_Lot_202606.zip,3.42
18150,\shp,18150_Rural_Nomenclature_202606.zip,0.19
18150,\shp,18150_Rural_Sector_202606.zip,0.29
18150,\shp,18150_Rural_Vereda_202606.zip,0.79
18150,\shp,18150_Urban_Block_202606.zip,0.23
18150,\shp,18150_Urban_Building_202606.zip,0.36
18150,\shp,18150_Urban_Lot_202606.zip,0.61
18150,\shp,18150_Urban_Neighborhood_202606.zip,0.01
18150,\shp,18150_Urban_Nomenclature_202606.zip,0.27
18150,\shp,18150_Urban_Nomenclature_Road_202606.zip,0.01
18150,\shp,18150_Urban_Perimeter_202606.zip,0.02
18150,\shp,18150_Urban_Sector_202606.zip,0.02
18205,\shp,18205_OSM_Road_202608.zip,0.05
18205,\shp,18205_R1_202607.zip,0.04
18205,\shp,18205_R2_202607.zip,0.06
18205,\shp,18205_Rural_Building_202606.zip,0.06
18205,\shp,18205_Rural_Lot_202606.zip,0.62
18205,\shp,18205_Rural_Nomenclature_202606.zip,0.05
18205,\shp,18205_Rural_Sector_202606.zip,0.13
18205,\shp,18205_Rural_Vereda_202606.zip,0.26
18205,\shp,18205_Urban_Block_202606.zip,0.1
18205,\shp,18205_Urban_Building_202606.zip,0.17
18205,\shp,18205_Urban_Lot_202606.zip,0.25
18205,\shp,18205_Urban_Neighborhood_202606.zip,0.01
18205,\shp,18205_Urban_Nomenclature_202606.zip,0.16
18205,\shp,18205_Urban_Nomenclature_Road_202606.zip,0.02
18205,\shp,18205_Urban_Perimeter_202606.zip,0.01
18205,\shp,18205_Urban_Sector_202606.zip,0.01
18247,\shp,18247_OSM_Road_202608.zip,0.13
18247,\shp,18247_R1_202607.zip,0.1
18247,\shp,18247_R2_202607.zip,0.11
18247,\shp,18247_Rural_Building_202606.zip,0.1
18247,\shp,18247_Rural_Lot_202606.zip,1.07
18247,\shp,18247_Rural_Nomenclature_202606.zip,0.01
18247,\shp,18247_Rural_Sector_202606.zip,0.13
18247,\shp,18247_Rural_Vereda_202606.zip,0.28
18247,\shp,18247_Urban_Block_202606.zip,0.18
18247,\shp,18247_Urban_Building_202606.zip,0.49
18247,\shp,18247_Urban_Lot_202606.zip,0.6
18247,\shp,18247_Urban_Nomenclature_202606.zip,0.26
18247,\shp,18247_Urban_Nomenclature_Road_202606.zip,0.05
18247,\shp,18247_Urban_Perimeter_202606.zip,0.01
18247,\shp,18247_Urban_Sector_202606.zip,0.01
18256,\shp,18256_OSM_Road_202608.zip,0.12
18256,\shp,18256_R1_202607.zip,0.08
18256,\shp,18256_R2_202607.zip,0.09
18256,\shp,18256_Rural_Building_202606.zip,0.11
18256,\shp,18256_Rural_Lot_202606.zip,1.49
18256,\shp,18256_Rural_Nomenclature_202606.zip,0.03
18256,\shp,18256_Rural_Sector_202606.zip,0.16
18256,\shp,18256_Rural_Vereda_202606.zip,0.25
18256,\shp,18256_Urban_Block_202606.zip,0.12
18256,\shp,18256_Urban_Building_202606.zip,0.39
18256,\shp,18256_Urban_Lot_202606.zip,0.41
18256,\shp,18256_Urban_Nomenclature_202606.zip,0.22
18256,\shp,18256_Urban_Nomenclature_Road_202606.zip,0.04
18256,\shp,18256_Urban_Perimeter_202606.zip,0.01
18256,\shp,18256_Urban_Sector_202606.zip,0.01
18410,\shp,18410_OSM_Road_202608.zip,0.22
18410,\shp,18410_R1_202607.zip,0.06
18410,\shp,18410_R2_202607.zip,0.09
18410,\shp,18410_Rural_Building_202606.zip,0.19
18410,\shp,18410_Rural_Lot_202606.zip,2.88
18410,\shp,18410_Rural_Nomenclature_202606.zip,0.14
18410,\shp,18410_Rural_Sector_202606.zip,0.36
18410,\shp,18410_Rural_Vereda_202606.zip,0.98
18410,\shp,18410_Urban_Block_202606.zip,0.08
18410,\shp,18410_Urban_Building_202606.zip,0.15
18410,\shp,18410_Urban_Lot_202606.zip,0.22
18410,\shp,18410_Urban_Neighborhood_202606.zip,0.01
18410,\shp,18410_Urban_Nomenclature_202606.zip,0.1
18410,\shp,18410_Urban_Nomenclature_Road_202606.zip,0.01
18410,\shp,18410_Urban_Perimeter_202606.zip,0.01
18410,\shp,18410_Urban_Sector_202606.zip,0.01
18460,\shp,18460_OSM_Road_202608.zip,0.12
18460,\shp,18460_R1_202607.zip,0.04
18460,\shp,18460_R2_202607.zip,0.06
18460,\shp,18460_Rural_Building_202606.zip,0.14
18460,\shp,18460_Rural_Lot_202606.zip,1.42
18460,\shp,18460_Rural_Nomenclature_202606.zip,0.07
18460,\shp,18460_Rural_Nomenclature_Road_202606.zip,0.03
18460,\shp,18460_Rural_Sector_202606.zip,0.18
18460,\shp,18460_Rural_Vereda_202606.zip,0.54
18460,\shp,18460_Urban_Block_202606.zip,0.07
18460,\shp,18460_Urban_Building_202606.zip,0.1
18460,\shp,18460_Urban_Lot_202606.zip,0.22
18460,\shp,18460_Urban_Neighborhood_202606.zip,0.01
18460,\shp,18460_Urban_Nomenclature_202606.zip,0.09
18460,\shp,18460_Urban_Nomenclature_Road_202606.zip,0.01
18460,\shp,18460_Urban_Perimeter_202606.zip,0.01
18460,\shp,18460_Urban_Sector_202606.zip,0.01
18479,\shp,18479_OSM_Road_202608.zip,0.07
18479,\shp,18479_R1_202607.zip,0.02
18479,\shp,18479_R2_202607.zip,0.04
18479,\shp,18479_Rural_Building_202606.zip,0.08
18479,\shp,18479_Rural_Lot_202606.zip,1.0
18479,\shp,18479_Rural_Nomenclature_202606.zip,0.07
18479,\shp,18479_Rural_Sector_202606.zip,0.21
18479,\shp,18479_Rural_Vereda_202606.zip,0.34
18479,\shp,18479_Urban_Block_202606.zip,0.03
18479,\shp,18479_Urban_Building_202606.zip,0.07
18479,\shp,18479_Urban_Lot_202606.zip,0.08
18479,\shp,18479_Urban_Neighborhood_202606.zip,0.0
18479,\shp,18479_Urban_Nomenclature_202606.zip,0.05
18479,\shp,18479_Urban_Nomenclature_Road_202606.zip,0.01
18479,\shp,18479_Urban_Perimeter_202606.zip,0.0
18479,\shp,18479_Urban_Sector_202606.zip,0.0
18592,\shp,18592_OSM_Road_202608.zip,0.3
18592,\shp,18592_R1_202607.zip,0.18
18592,\shp,18592_R2_202607.zip,0.22
18592,\shp,18592_Rural_Building_202606.zip,0.01
18592,\shp,18592_Rural_Lot_202606.zip,2.74
18592,\shp,18592_Rural_Nomenclature_202606.zip,0.03
18592,\shp,18592_Rural_Sector_202606.zip,0.19
18592,\shp,18592_Rural_Vereda_202606.zip,0.46
18592,\shp,18592_Urban_Block_202606.zip,0.24
18592,\shp,18592_Urban_Building_202606.zip,0.65
18592,\shp,18592_Urban_Lot_202606.zip,0.75
18592,\shp,18592_Urban_Nomenclature_202606.zip,0.47
18592,\shp,18592_Urban_Nomenclature_Road_202606.zip,0.06
18592,\shp,18592_Urban_Perimeter_202606.zip,0.01
18592,\shp,18592_Urban_Sector_202606.zip,0.02
18610,\shp,18610_OSM_Road_202608.zip,0.09
18610,\shp,18610_R1_202607.zip,0.06
18610,\shp,18610_R2_202607.zip,0.09
18610,\shp,18610_Rural_Building_202606.zip,0.17
18610,\shp,18610_Rural_Lot_202606.zip,1.42
18610,\shp,18610_Rural_Nomenclature_202606.zip,0.11
18610,\shp,18610_Rural_Sector_202606.zip,0.37
18610,\shp,18610_Rural_Vereda_202606.zip,0.77
18610,\shp,18610_Urban_Block_202606.zip,0.13
18610,\shp,18610_Urban_Building_202606.zip,0.2
18610,\shp,18610_Urban_Lot_202606.zip,0.3
18610,\shp,18610_Urban_Neighborhood_202606.zip,0.02
18610,\shp,18610_Urban_Nomenclature_202606.zip,0.12
18610,\shp,18610_Urban_Nomenclature_Road_202606.zip,0.01
18610,\shp,18610_Urban_Perimeter_202606.zip,0.01
18610,\shp,18610_Urban_Sector_202606.zip,0.02
18753,\shp,18753_OSM_Road_202608.zip,0.88
18753,\shp,18753_R1_202607.zip,0.3
18753,\shp,18753_R2_202607.zip,0.3
18753,\shp,18753_Rural_Building_202606.zip,0.05
18753,\shp,18753_Rural_Lot_202606.zip,5.33
18753,\shp,18753_Rural_Nomenclature_202606.zip,0.09
18753,\shp,18753_Rural_Nomenclature_Road_202606.zip,0.0
18753,\shp,18753_Rural_Sector_202606.zip,0.91
18753,\shp,18753_Rural_Vereda_202606.zip,1.74
18753,\shp,18753_Urban_Block_202606.zip,0.45
18753,\shp,18753_Urban_Building_202606.zip,0.79
18753,\shp,18753_Urban_Lot_202606.zip,1.18
18753,\shp,18753_Urban_Nomenclature_202606.zip,0.62
18753,\shp,18753_Urban_Nomenclature_Road_202606.zip,0.09
18753,\shp,18753_Urban_Perimeter_202606.zip,0.03
18753,\shp,18753_Urban_Sector_202606.zip,0.04
18756,\shp,18756_OSM_Road_202608.zip,0.22
18756,\shp,18756_R1_202607.zip,0.04
18756,\shp,18756_R2_202607.zip,0.06
18756,\shp,18756_Rural_Building_202606.zip,0.11
18756,\shp,18756_Rural_Lot_202606.zip,1.06
18756,\shp,18756_Rural_Nomenclature_202606.zip,0.07
18756,\shp,18756_Rural_Sector_202606.zip,0.33
18756,\shp,18756_Rural_Vereda_202606.zip,0.43
18756,\shp,18756_Urban_Block_202606.zip,0.07
18756,\shp,18756_Urban_Building_202606.zip,0.12
18756,\shp,18756_Urban_Lot_202606.zip,0.17
18756,\shp,18756_Urban_Neighborhood_202606.zip,0.0
18756,\shp,18756_Urban_Nomenclature_202606.zip,0.01
18756,\shp,18756_Urban_Nomenclature_Road_202606.zip,0.09
18756,\shp,18756_Urban_Perimeter_202606.zip,0.01
18756,\shp,18756_Urban_Sector_202606.zip,0.01
18785,\shp,18785_OSM_Road_202608.zip,0.06
18785,\shp,18785_R1_202607.zip,0.03
18785,\shp,18785_R2_202607.zip,0.05
18785,\shp,18785_Rural_Building_202606.zip,0.11
18785,\shp,18785_Rural_Lot_202606.zip,1.28
18785,\shp,18785_Rural_Nomenclature_202606.zip,0.04
18785,\shp,18785_Rural_Sector_202606.zip,0.32
18785,\shp,18785_Rural_Vereda_202606.zip,0.63
18785,\shp,18785_Urban_Block_202606.zip,0.08
18785,\shp,18785_Urban_Building_202606.zip,0.16
18785,\shp,18785_Urban_Lot_202606.zip,0.2
18785,\shp,18785_Urban_Neighborhood_202606.zip,0.01
18785,\shp,18785_Urban_Nomenclature_202606.zip,0.11
18785,\shp,18785_Urban_Nomenclature_Road_202606.zip,0.01
18785,\shp,18785_Urban_Perimeter_202606.zip,0.01
18785,\shp,18785_Urban_Sector_202606.zip,0.01
18860,\shp,18860_OSM_Road_202608.zip,0.21
18860,\shp,18860_R1_202607.zip,0.04
18860,\shp,18860_R2_202607.zip,0.11
18860,\shp,18860_Rural_Building_202606.zip,0.17
18860,\shp,18860_Rural_Lot_202606.zip,1.25
18860,\shp,18860_Rural_Nomenclature_202606.zip,0.01
18860,\shp,18860_Rural_Sector_202606.zip,0.16
18860,\shp,18860_Rural_Vereda_202606.zip,0.44
18860,\shp,18860_Urban_Block_202606.zip,0.1
18860,\shp,18860_Urban_Building_202606.zip,0.14
18860,\shp,18860_Urban_Lot_202606.zip,0.28
18860,\shp,18860_Urban_Neighborhood_202606.zip,0.02
18860,\shp,18860_Urban_Nomenclature_202606.zip,0.09
18860,\shp,18860_Urban_Nomenclature_Road_202606.zip,0.01
18860,\shp,18860_Urban_Perimeter_202606.zip,0.02
18860,\shp,18860_Urban_Sector_202606.zip,0.02
19001,\shp,19001_OSM_Road_202608.zip,1.07
19001,\shp,19001_R1_202607.zip,1.42
19001,\shp,19001_R2_202607.zip,1.82
19001,\shp,19001_Rural_Building_202606.zip,2.61
19001,\shp,19001_Rural_Lot_202606.zip,7.66
19001,\shp,19001_Rural_Nomenclature_202606.zip,1.84
19001,\shp,19001_Rural_Nomenclature_Road_202606.zip,0.01
19001,\shp,19001_Rural_Sector_202606.zip,0.24
19001,\shp,19001_Rural_Vereda_202606.zip,1.0
19001,\shp,19001_Urban_Block_202606.zip,3.19
19001,\shp,19001_Urban_Building_202606.zip,11.55
19001,\shp,19001_Urban_Lot_202606.zip,11.31
19001,\shp,19001_Urban_Nomenclature_202606.zip,3.66
19001,\shp,19001_Urban_Nomenclature_Road_202606.zip,0.27
19001,\shp,19001_Urban_Perimeter_202606.zip,0.09
19001,\shp,19001_Urban_Sector_202606.zip,0.14
19022,\shp,19022_OSM_Road_202608.zip,0.15
19022,\shp,19022_R1_202607.zip,0.16
19022,\shp,19022_R2_202607.zip,0.19
19022,\shp,19022_Rural_Building_202606.zip,0.01
19022,\shp,19022_Rural_Lot_202606.zip,3.77
19022,\shp,19022_Rural_Nomenclature_202606.zip,0.0
19022,\shp,19022_Rural_Nomenclature_Road_202606.zip,0.0
19022,\shp,19022_Rural_Sector_202606.zip,0.31
19022,\shp,19022_Rural_Vereda_202606.zip,0.46
19022,\shp,19022_Urban_Block_202606.zip,0.05
19022,\shp,19022_Urban_Building_202606.zip,0.18
19022,\shp,19022_Urban_Lot_202606.zip,0.14
19022,\shp,19022_Urban_Nomenclature_202606.zip,0.06
19022,\shp,19022_Urban_Nomenclature_Road_202606.zip,0.01
19022,\shp,19022_Urban_Perimeter_202606.zip,0.01
19022,\shp,19022_Urban_Sector_202606.zip,0.01
19050,\shp,19050_OSM_Road_202608.zip,0.19
19050,\shp,19050_R1_202607.zip,0.07
19050,\shp,19050_R2_202607.zip,0.08
19050,\shp,19050_Rural_Building_202606.zip,0.0
19050,\shp,19050_Rural_Lot_202606.zip,1.74
19050,\shp,19050_Rural_Nomenclature_202606.zip,0.0
19050,\shp,19050_Rural_Sector_202606.zip,0.1
19050,\shp,19050_Rural_Vereda_202606.zip,0.33
19050,\shp,19050_Urban_Block_202606.zip,0.07
19050,\shp,19050_Urban_Building_202606.zip,0.14
19050,\shp,19050_Urban_Lot_202606.zip,0.21
19050,\shp,19050_Urban_Nomenclature_202606.zip,0.07
19050,\shp,19050_Urban_Nomenclature_Road_202606.zip,0.02
19050,\shp,19050_Urban_Perimeter_202606.zip,0.01
19050,\shp,19050_Urban_Sector_202606.zip,0.02
19075,\shp,19075_OSM_Road_202608.zip,0.19
19075,\shp,19075_R1_202607.zip,0.06
19075,\shp,19075_R2_202607.zip,0.09
19075,\shp,19075_Rural_Building_202606.zip,0.2
19075,\shp,19075_Rural_Lot_202606.zip,1.92
19075,\shp,19075_Rural_Nomenclature_202606.zip,0.37
19075,\shp,19075_Rural_Nomenclature_Road_202606.zip,0.04
19075,\shp,19075_Rural_Sector_202606.zip,0.11
19075,\shp,19075_Rural_Vereda_202606.zip,0.36
19075,\shp,19075_Urban_Block_202606.zip,0.08
19075,\shp,19075_Urban_Building_202606.zip,0.19
19075,\shp,19075_Urban_Lot_202606.zip,0.21
19075,\shp,19075_Urban_Nomenclature_202606.zip,0.13
19075,\shp,19075_Urban_Nomenclature_Road_202606.zip,0.01
19075,\shp,19075_Urban_Perimeter_202606.zip,0.01
19075,\shp,19075_Urban_Sector_202606.zip,0.01
19100,\shp,19100_OSM_Road_202608.zip,0.35
19100,\shp,19100_R1_202607.zip,0.27
19100,\shp,19100_R2_202607.zip,0.29
19100,\shp,19100_Rural_Building_202606.zip,0.0
19100,\shp,19100_Rural_Lot_202606.zip,7.61
19100,\shp,19100_Rural_Nomenclature_202606.zip,0.0
19100,\shp,19100_Rural_Sector_202606.zip,0.23
19100,\shp,19100_Rural_Vereda_202606.zip,0.86
19100,\shp,19100_Urban_Block_202606.zip,0.16
19100,\shp,19100_Urban_Building_202606.zip,0.39
19100,\shp,19100_Urban_Lot_202606.zip,0.49
19100,\shp,19100_Urban_Nomenclature_202606.zip,0.15
19100,\shp,19100_Urban_Nomenclature_Road_202606.zip,0.03
19100,\shp,19100_Urban_Perimeter_202606.zip,0.02
19100,\shp,19100_Urban_Sector_202606.zip,0.02
19110,\shp,19110_OSM_Road_202608.zip,0.35
19110,\shp,19110_R1_202607.zip,0.11
19110,\shp,19110_R2_202607.zip,0.14
19110,\shp,19110_Rural_Building_202606.zip,0.0
19110,\shp,19110_Rural_Lot_202606.zip,2.61
19110,\shp,19110_Rural_Nomenclature_202606.zip,0.0
19110,\shp,19110_Rural_Sector_202606.zip,0.16
19110,\shp,19110_Rural_Vereda_202606.zip,0.4
19110,\shp,19110_Urban_Block_202606.zip,0.05
19110,\shp,19110_Urban_Building_202606.zip,0.15
19110,\shp,19110_Urban_Lot_202606.zip,0.16
19110,\shp,19110_Urban_Nomenclature_202606.zip,0.06
19110,\shp,19110_Urban_Nomenclature_Road_202606.zip,0.01
19110,\shp,19110_Urban_Perimeter_202606.zip,0.01
19110,\shp,19110_Urban_Sector_202606.zip,0.01
19130,\shp,19130_OSM_Road_202608.zip,0.5
19130,\shp,19130_R1_202607.zip,0.15
19130,\shp,19130_R2_202607.zip,0.2
19130,\shp,19130_Rural_Building_202606.zip,1.22
19130,\shp,19130_Rural_Lot_202606.zip,5.88
19130,\shp,19130_Rural_Nomenclature_202606.zip,0.88
19130,\shp,19130_Rural_Nomenclature_Road_202606.zip,0.61
19130,\shp,19130_Rural_Sector_202606.zip,0.21
19130,\shp,19130_Rural_Vereda_202606.zip,0.81
19130,\shp,19130_Urban_Block_202606.zip,0.04
19130,\shp,19130_Urban_Building_202606.zip,0.13
19130,\shp,19130_Urban_Lot_202606.zip,0.15
19130,\shp,19130_Urban_Neighborhood_202606.zip,0.01
19130,\shp,19130_Urban_Nomenclature_202606.zip,0.06
19130,\shp,19130_Urban_Nomenclature_Road_202606.zip,0.01
19130,\shp,19130_Urban_Perimeter_202606.zip,0.01
19130,\shp,19130_Urban_Sector_202606.zip,0.01
19137,\shp,19137_OSM_Road_202608.zip,0.38
19137,\shp,19137_R1_202607.zip,0.1
19137,\shp,19137_R2_202607.zip,0.11
19137,\shp,19137_Rural_Building_202606.zip,0.0
19137,\shp,19137_Rural_Lot_202606.zip,2.62
19137,\shp,19137_Rural_Nomenclature_202606.zip,0.02
19137,\shp,19137_Rural_Sector_202606.zip,0.14
19137,\shp,19137_Rural_Vereda_202606.zip,0.35
19137,\shp,19137_Urban_Block_202606.zip,0.05
19137,\shp,19137_Urban_Building_202606.zip,0.09
19137,\shp,19137_Urban_Lot_202606.zip,0.13
19137,\shp,19137_Urban_Nomenclature_202606.zip,0.03
19137,\shp,19137_Urban_Nomenclature_Road_202606.zip,0.01
19137,\shp,19137_Urban_Perimeter_202606.zip,0.02
19137,\shp,19137_Urban_Sector_202606.zip,0.02
19142,\shp,19142_OSM_Road_202608.zip,0.29
19142,\shp,19142_R1_202607.zip,0.09
19142,\shp,19142_R2_202607.zip,0.11
19142,\shp,19142_Rural_Lot_202606.zip,1.24
19142,\shp,19142_Rural_Nomenclature_202606.zip,0.01
19142,\shp,19142_Rural_Sector_202606.zip,0.14
19142,\shp,19142_Rural_Vereda_202606.zip,0.31
19142,\shp,19142_Urban_Block_202606.zip,0.09
19142,\shp,19142_Urban_Building_202606.zip,0.23
19142,\shp,19142_Urban_Lot_202606.zip,0.31
19142,\shp,19142_Urban_Nomenclature_202606.zip,0.1
19142,\shp,19142_Urban_Nomenclature_Road_202606.zip,0.02
19142,\shp,19142_Urban_Perimeter_202606.zip,0.02
19142,\shp,19142_Urban_Sector_202606.zip,0.02
19212,\shp,19212_OSM_Road_202608.zip,0.23
19212,\shp,19212_R1_202607.zip,0.12
19212,\shp,19212_R2_202607.zip,0.14
19212,\shp,19212_Rural_Building_202606.zip,0.0
19212,\shp,19212_Rural_Lot_202606.zip,1.52
19212,\shp,19212_Rural_Nomenclature_202606.zip,0.01
19212,\shp,19212_Rural_Sector_202606.zip,0.06
19212,\shp,19212_Rural_Vereda_202606.zip,0.23
19212,\shp,19212_Urban_Block_202606.zip,0.2
19212,\shp,19212_Urban_Building_202606.zip,0.65
19212,\shp,19212_Urban_Lot_202606.zip,0.8
19212,\shp,19212_Urban_Nomenclature_202606.zip,0.27
19212,\shp,19212_Urban_Nomenclature_Road_202606.zip,0.01
19212,\shp,19212_Urban_Perimeter_202606.zip,0.01
19212,\shp,19212_Urban_Sector_202606.zip,0.01
19256,\shp,19256_OSM_Road_202608.zip,0.91
19256,\shp,19256_R1_202607.zip,0.15
19256,\shp,19256_R2_202607.zip,0.21
19256,\shp,19256_Rural_Building_202606.zip,1.35
19256,\shp,19256_Rural_Lot_202606.zip,8.53
19256,\shp,19256_Rural_Nomenclature_202606.zip,1.09
19256,\shp,19256_Rural_Nomenclature_Road_202606.zip,0.9
19256,\shp,19256_Rural_Sector_202606.zip,0.51
19256,\shp,19256_Rural_Vereda_202606.zip,2.21
19256,\shp,19256_Urban_Block_202606.zip,0.06
19256,\shp,19256_Urban_Building_202606.zip,0.15
19256,\shp,19256_Urban_Lot_202606.zip,0.2
19256,\shp,19256_Urban_Neighborhood_202606.zip,0.02
19256,\shp,19256_Urban_Nomenclature_202606.zip,0.09
19256,\shp,19256_Urban_Nomenclature_Road_202606.zip,0.02
19256,\shp,19256_Urban_Perimeter_202606.zip,0.02
19256,\shp,19256_Urban_Sector_202606.zip,0.02
19290,\shp,19290_OSM_Road_202608.zip,0.07
19290,\shp,19290_R1_202607.zip,0.03
19290,\shp,19290_R2_202607.zip,0.04
19290,\shp,19290_Rural_Lot_202606.zip,0.68
19290,\shp,19290_Rural_Nomenclature_202606.zip,0.0
19290,\shp,19290_Rural_Sector_202606.zip,0.04
19290,\shp,19290_Rural_Vereda_202606.zip,0.11
19290,\shp,19290_Urban_Block_202606.zip,0.02
19290,\shp,19290_Urban_Building_202606.zip,0.07
19290,\shp,19290_Urban_Lot_202606.zip,0.06
19290,\shp,19290_Urban_Nomenclature_202606.zip,0.03
19290,\shp,19290_Urban_Nomenclature_Road_202606.zip,0.0
19290,\shp,19290_Urban_Perimeter_202606.zip,0.0
19290,\shp,19290_Urban_Sector_202606.zip,0.0
19300,\shp,19300_OSM_Road_202608.zip,0.12
19300,\shp,19300_R1_202607.zip,0.05
19300,\shp,19300_R2_202607.zip,0.07
19300,\shp,19300_Rural_Building_202606.zip,0.24
19300,\shp,19300_Rural_Lot_202606.zip,1.35
19300,\shp,19300_Rural_Nomenclature_202606.zip,0.32
19300,\shp,19300_Rural_Nomenclature_Road_202606.zip,0.05
19300,\shp,19300_Rural_Sector_202606.zip,0.14
19300,\shp,19300_Rural_Vereda_202606.zip,0.23
19300,\shp,19300_Urban_Block_202606.zip,0.1
19300,\shp,19300_Urban_Building_202606.zip,0.15
19300,\shp,19300_Urban_Lot_202606.zip,0.22
19300,\shp,19300_Urban_Nomenclature_202606.zip,0.13
19300,\shp,19300_Urban_Nomenclature_Road_202606.zip,0.01
19300,\shp,19300_Urban_Perimeter_202606.zip,0.01
19300,\shp,19300_Urban_Sector_202606.zip,0.01
19318,\shp,19318_OSM_Road_202608.zip,0.05
19318,\shp,19318_R1_202607.zip,0.07
19318,\shp,19318_R2_202607.zip,0.07
19318,\shp,19318_Rural_Lot_202606.zip,0.4
19318,\shp,19318_Rural_Sector_202606.zip,0.33
19318,\shp,19318_Rural_Vereda_202606.zip,0.33
19318,\shp,19318_Urban_Block_202606.zip,0.1
19318,\shp,19318_Urban_Building_202606.zip,0.22
19318,\shp,19318_Urban_Lot_202606.zip,0.24
19318,\shp,19318_Urban_Nomenclature_202606.zip,0.15
19318,\shp,19318_Urban_Nomenclature_Road_202606.zip,0.02
19318,\shp,19318_Urban_Perimeter_202606.zip,0.0
19318,\shp,19318_Urban_Sector_202606.zip,0.0
19355,\shp,19355_OSM_Road_202608.zip,0.27
19355,\shp,19355_R1_202607.zip,0.09
19355,\shp,19355_R2_202607.zip,0.1
19355,\shp,19355_Rural_Building_202606.zip,0.0
19355,\shp,19355_Rural_Lot_202606.zip,1.88
19355,\shp,19355_Rural_Nomenclature_202606.zip,0.0
19355,\shp,19355_Rural_Nomenclature_Road_202606.zip,0.0
19355,\shp,19355_Rural_Sector_202606.zip,0.11
19355,\shp,19355_Rural_Vereda_202606.zip,0.32
19355,\shp,19355_Urban_Block_202606.zip,0.11
19355,\shp,19355_Urban_Building_202606.zip,0.16
19355,\shp,19355_Urban_Lot_202606.zip,0.24
19355,\shp,19355_Urban_Nomenclature_202606.zip,0.05
19355,\shp,19355_Urban_Nomenclature_Road_202606.zip,0.02
19355,\shp,19355_Urban_Perimeter_202606.zip,0.03
19355,\shp,19355_Urban_Sector_202606.zip,0.03
19364,\shp,19364_OSM_Road_202608.zip,0.13
19364,\shp,19364_R1_202607.zip,0.01
19364,\shp,19364_R2_202607.zip,0.02
19364,\shp,19364_Rural_Lot_202606.zip,0.47
19364,\shp,19364_Rural_Nomenclature_202606.zip,0.0
19364,\shp,19364_Rural_Sector_202606.zip,0.09
19364,\shp,19364_Rural_Vereda_202606.zip,0.2
19364,\shp,19364_Urban_Block_202606.zip,0.03
19364,\shp,19364_Urban_Building_202606.zip,0.04
19364,\shp,19364_Urban_Lot_202606.zip,0.07
19364,\shp,19364_Urban_Nomenclature_202606.zip,0.02
19364,\shp,19364_Urban_Nomenclature_Road_202606.zip,0.01
19364,\shp,19364_Urban_Perimeter_202606.zip,0.01
19364,\shp,19364_Urban_Sector_202606.zip,0.01
19392,\shp,19392_OSM_Road_202608.zip,0.12
19392,\shp,19392_R1_202607.zip,0.06
19392,\shp,19392_R2_202607.zip,0.06
19392,\shp,19392_Rural_Building_202606.zip,0.0
19392,\shp,19392_Rural_Lot_202606.zip,1.69
19392,\shp,19392_Rural_Nomenclature_202606.zip,0.0
19392,\shp,19392_Rural_Sector_202606.zip,0.1
19392,\shp,19392_Rural_Vereda_202606.zip,0.27
19392,\shp,19392_Urban_Block_202606.zip,0.02
19392,\shp,19392_Urban_Building_202606.zip,0.04
19392,\shp,19392_Urban_Lot_202606.zip,0.05
19392,\shp,19392_Urban_Nomenclature_202606.zip,0.01
19392,\shp,19392_Urban_Nomenclature_Road_202606.zip,0.01
19392,\shp,19392_Urban_Perimeter_202606.zip,0.01
19392,\shp,19392_Urban_Sector_202606.zip,0.01
19397,\shp,19397_OSM_Road_202608.zip,0.19
19397,\shp,19397_R1_202607.zip,0.1
19397,\shp,19397_R2_202607.zip,0.1
19397,\shp,19397_Rural_Building_202606.zip,0.0
19397,\shp,19397_Rural_Lot_202606.zip,2.71
19397,\shp,19397_Rural_Nomenclature_202606.zip,0.0
19397,\shp,19397_Rural_Nomenclature_Road_202606.zip,0.01
19397,\shp,19397_Rural_Sector_202606.zip,0.15
19397,\shp,19397_Rural_Vereda_202606.zip,0.35
19397,\shp,19397_Urban_Block_202606.zip,0.06
19397,\shp,19397_Urban_Building_202606.zip,0.1
19397,\shp,19397_Urban_Lot_202606.zip,0.13
19397,\shp,19397_Urban_Nomenclature_202606.zip,0.05
19397,\shp,19397_Urban_Nomenclature_Road_202606.zip,0.01
19397,\shp,19397_Urban_Perimeter_202606.zip,0.02
19397,\shp,19397_Urban_Sector_202606.zip,0.02
19418,\shp,19418_OSM_Road_202608.zip,0.03
19418,\shp,19418_R1_202607.zip,0.02
19418,\shp,19418_R2_202607.zip,0.02
19418,\shp,19418_Rural_Lot_202606.zip,0.53
19418,\shp,19418_Rural_Nomenclature_Road_202606.zip,0.0
19418,\shp,19418_Rural_Sector_202606.zip,0.28
19418,\shp,19418_Rural_Vereda_202606.zip,0.38
19418,\shp,19418_Urban_Block_202606.zip,0.05
19418,\shp,19418_Urban_Building_202606.zip,0.12
19418,\shp,19418_Urban_Lot_202606.zip,0.06
19418,\shp,19418_Urban_Nomenclature_202606.zip,0.03
19418,\shp,19418_Urban_Nomenclature_Road_202606.zip,0.0
19418,\shp,19418_Urban_Perimeter_202606.zip,0.01
19418,\shp,19418_Urban_Sector_202606.zip,0.01
19450,\shp,19450_OSM_Road_202608.zip,0.25
19450,\shp,19450_R1_202607.zip,0.12
19450,\shp,19450_R2_202607.zip,0.13
19450,\shp,19450_Rural_Building_202606.zip,0.01
19450,\shp,19450_Rural_Lot_202606.zip,3.81
19450,\shp,19450_Rural_Nomenclature_202606.zip,0.01
19450,\shp,19450_Rural_Sector_202606.zip,0.26
19450,\shp,19450_Rural_Vereda_202606.zip,0.78
19450,\shp,19450_Urban_Block_202606.zip,0.17
19450,\shp,19450_Urban_Building_202606.zip,0.26
19450,\shp,19450_Urban_Lot_202606.zip,0.5
19450,\shp,19450_Urban_Nomenclature_202606.zip,0.12
19450,\shp,19450_Urban_Nomenclature_Road_202606.zip,0.02
19450,\shp,19450_Urban_Perimeter_202606.zip,0.04
19450,\shp,19450_Urban_Sector_202606.zip,0.04
19455,\shp,19455_OSM_Road_202608.zip,0.17
19455,\shp,19455_R1_202607.zip,0.11
19455,\shp,19455_R2_202607.zip,0.16
19455,\shp,19455_Rural_Building_202606.zip,0.28
19455,\shp,19455_Rural_Lot_202606.zip,0.82
19455,\shp,19455_Rural_Nomenclature_202606.zip,0.19
19455,\shp,19455_Rural_Nomenclature_Road_202606.zip,0.06
19455,\shp,19455_Rural_Sector_202606.zip,0.21
19455,\shp,19455_Rural_Vereda_202606.zip,0.21
19455,\shp,19455_Urban_Block_202606.zip,0.32
19455,\shp,19455_Urban_Building_202606.zip,0.88
19455,\shp,19455_Urban_Lot_202606.zip,0.98
19455,\shp,19455_Urban_Neighborhood_202606.zip,0.02
19455,\shp,19455_Urban_Nomenclature_202606.zip,0.58
19455,\shp,19455_Urban_Nomenclature_Road_202606.zip,0.03
19455,\shp,19455_Urban_Perimeter_202606.zip,0.02
19455,\shp,19455_Urban_Sector_202606.zip,0.02
19473,\shp,19473_OSM_Road_202608.zip,0.41
19473,\shp,19473_R1_202607.zip,0.1
19473,\shp,19473_R2_202607.zip,0.13
19473,\shp,19473_Rural_Building_202606.zip,0.0
19473,\shp,19473_Rural_Lot_202606.zip,2.27
19473,\shp,19473_Rural_Nomenclature_202606.zip,0.01
19473,\shp,19473_Rural_Sector_202606.zip,0.19
19473,\shp,19473_Rural_Vereda_202606.zip,0.31
19473,\shp,19473_Urban_Block_202606.zip,0.04
19473,\shp,19473_Urban_Building_202606.zip,0.08
19473,\shp,19473_Urban_Lot_202606.zip,0.12
19473,\shp,19473_Urban_Nomenclature_202606.zip,0.04
19473,\shp,19473_Urban_Nomenclature_Road_202606.zip,0.01
19473,\shp,19473_Urban_Perimeter_202606.zip,0.01
19473,\shp,19473_Urban_Sector_202606.zip,0.01
19513,\shp,19513_OSM_Road_202608.zip,0.27
19513,\shp,19513_R1_202607.zip,0.05
19513,\shp,19513_R2_202607.zip,0.06
19513,\shp,19513_Rural_Building_202606.zip,0.14
19513,\shp,19513_Rural_Lot_202606.zip,0.75
19513,\shp,19513_Rural_Nomenclature_202606.zip,0.15
19513,\shp,19513_Rural_Nomenclature_Road_202606.zip,0.04
19513,\shp,19513_Rural_Sector_202606.zip,0.04
19513,\shp,19513_Rural_Vereda_202606.zip,0.08
19513,\shp,19513_Urban_Block_202606.zip,0.05
19513,\shp,19513_Urban_Building_202606.zip,0.14
19513,\shp,19513_Urban_Lot_202606.zip,0.15
19513,\shp,19513_Urban_Nomenclature_202606.zip,0.08
19513,\shp,19513_Urban_Nomenclature_Road_202606.zip,0.01
19513,\shp,19513_Urban_Perimeter_202606.zip,0.0
19513,\shp,19513_Urban_Sector_202606.zip,0.0
19517,\shp,19517_OSM_Road_202608.zip,0.36
19517,\shp,19517_R1_202607.zip,0.04
19517,\shp,19517_R2_202607.zip,0.04
19517,\shp,19517_Rural_Building_202606.zip,0.01
19517,\shp,19517_Rural_Lot_202606.zip,0.65
19517,\shp,19517_Rural_Nomenclature_202606.zip,0.0
19517,\shp,19517_Rural_Nomenclature_Road_202606.zip,0.0
19517,\shp,19517_Rural_Sector_202606.zip,0.1
19517,\shp,19517_Rural_Vereda_202606.zip,0.22
19517,\shp,19517_Urban_Block_202606.zip,0.06
19517,\shp,19517_Urban_Building_202606.zip,0.13
19517,\shp,19517_Urban_Lot_202606.zip,0.17
19517,\shp,19517_Urban_Nomenclature_202606.zip,0.0
19517,\shp,19517_Urban_Nomenclature_Road_202606.zip,0.01
19517,\shp,19517_Urban_Perimeter_202606.zip,0.02
19517,\shp,19517_Urban_Sector_202606.zip,0.02
19532,\shp,19532_OSM_Road_202608.zip,0.28
19532,\shp,19532_R1_202607.zip,0.16
19532,\shp,19532_R2_202607.zip,0.19
19532,\shp,19532_Rural_Building_202606.zip,0.04
19532,\shp,19532_Rural_Lot_202606.zip,2.3
19532,\shp,19532_Rural_Nomenclature_202606.zip,0.0
19532,\shp,19532_Rural_Sector_202606.zip,0.25
19532,\shp,19532_Rural_Vereda_202606.zip,0.53
19532,\shp,19532_Urban_Block_202606.zip,0.27
19532,\shp,19532_Urban_Building_202606.zip,0.94
19532,\shp,19532_Urban_Lot_202606.zip,1.07
19532,\shp,19532_Urban_Nomenclature_202606.zip,0.36
19532,\shp,19532_Urban_Nomenclature_Road_202606.zip,0.03
19532,\shp,19532_Urban_Perimeter_202606.zip,0.05
19532,\shp,19532_Urban_Sector_202606.zip,0.05
19533,\shp,19533_OSM_Road_202608.zip,0.04
19533,\shp,19533_R1_202607.zip,0.02
19533,\shp,19533_R2_202607.zip,0.03
19533,\shp,19533_Rural_Building_202606.zip,0.08
19533,\shp,19533_Rural_Lot_202606.zip,2.1
19533,\shp,19533_Rural_Sector_202606.zip,0.36
19533,\shp,19533_Rural_Vereda_202606.zip,0.9
19533,\shp,19533_Urban_Block_202606.zip,0.09
19533,\shp,19533_Urban_Building_202606.zip,0.06
19533,\shp,19533_Urban_Lot_202606.zip,0.09
19533,\shp,19533_Urban_Neighborhood_202606.zip,0.01
19533,\shp,19533_Urban_Nomenclature_202606.zip,0.05
19533,\shp,19533_Urban_Perimeter_202606.zip,0.01
19533,\shp,19533_Urban_Sector_202606.zip,0.01
19548,\shp,19548_OSM_Road_202608.zip,0.27
19548,\shp,19548_R1_202607.zip,0.24
19548,\shp,19548_R2_202607.zip,0.25
19548,\shp,19548_Rural_Building_202606.zip,0.0
19548,\shp,19548_Rural_Lot_202606.zip,3.76
19548,\shp,19548_Rural_Nomenclature_202606.zip,0.02
19548,\shp,19548_Rural_Sector_202606.zip,0.21
19548,\shp,19548_Rural_Vereda_202606.zip,0.44
19548,\shp,19548_Urban_Block_202606.zip,0.43
19548,\shp,19548_Urban_Building_202606.zip,0.67
19548,\shp,19548_Urban_Lot_202606.zip,1.2
19548,\shp,19548_Urban_Nomenclature_202606.zip,0.39
19548,\shp,19548_Urban_Nomenclature_Road_202606.zip,0.03
19548,\shp,19548_Urban_Perimeter_202606.zip,0.03
19548,\shp,19548_Urban_Sector_202606.zip,0.03
19573,\shp,19573_OSM_Road_202608.zip,0.37
19573,\shp,19573_R1_202607.zip,0.18
19573,\shp,19573_R2_202607.zip,0.18
19573,\shp,19573_Rural_Lot_202606.zip,0.47
19573,\shp,19573_Rural_Nomenclature_202606.zip,0.0
19573,\shp,19573_Rural_Sector_202606.zip,0.04
19573,\shp,19573_Rural_Vereda_202606.zip,0.12
19573,\shp,19573_Urban_Block_202606.zip,0.39
19573,\shp,19573_Urban_Building_202606.zip,1.7
19573,\shp,19573_Urban_Lot_202606.zip,1.71
19573,\shp,19573_Urban_Nomenclature_202606.zip,0.61
19573,\shp,19573_Urban_Nomenclature_Road_202606.zip,0.05
19573,\shp,19573_Urban_Perimeter_202606.zip,0.02
19573,\shp,19573_Urban_Sector_202606.zip,0.02
19585,\shp,19585_OSM_Road_202608.zip,0.17
19585,\shp,19585_R1_202607.zip,0.03
19585,\shp,19585_R2_202607.zip,0.04
19585,\shp,19585_Rural_Building_202606.zip,0.0
19585,\shp,19585_Rural_Lot_202606.zip,1.05
19585,\shp,19585_Rural_Nomenclature_202606.zip,0.0
19585,\shp,19585_Rural_Sector_202606.zip,0.12
19585,\shp,19585_Rural_Vereda_202606.zip,0.34
19585,\shp,19585_Urban_Block_202606.zip,0.04
19585,\shp,19585_Urban_Building_202606.zip,0.07
19585,\shp,19585_Urban_Lot_202606.zip,0.1
19585,\shp,19585_Urban_Nomenclature_202606.zip,0.04
19585,\shp,19585_Urban_Nomenclature_Road_202606.zip,0.01
19585,\shp,19585_Urban_Perimeter_202606.zip,0.01
19585,\shp,19585_Urban_Sector_202606.zip,0.01
19622,\shp,19622_OSM_Road_202608.zip,0.21
19622,\shp,19622_R1_202607.zip,0.06
19622,\shp,19622_R2_202607.zip,0.06
19622,\shp,19622_Rural_Building_202606.zip,0.0
19622,\shp,19622_Rural_Lot_202606.zip,1.64
19622,\shp,19622_Rural_Nomenclature_202606.zip,0.0
19622,\shp,19622_Rural_Sector_202606.zip,0.08
19622,\shp,19622_Rural_Vereda_202606.zip,0.27
19622,\shp,19622_Urban_Block_202606.zip,0.04
19622,\shp,19622_Urban_Building_202606.zip,0.08
19622,\shp,19622_Urban_Lot_202606.zip,0.12
19622,\shp,19622_Urban_Nomenclature_202606.zip,0.03
19622,\shp,19622_Urban_Nomenclature_Road_202606.zip,0.01
19622,\shp,19622_Urban_Perimeter_202606.zip,0.01
19622,\shp,19622_Urban_Sector_202606.zip,0.01
19693,\shp,19693_OSM_Road_202608.zip,0.12
19693,\shp,19693_R1_202607.zip,0.08
19693,\shp,19693_R2_202607.zip,0.08
19693,\shp,19693_Rural_Lot_202606.zip,3.16
19693,\shp,19693_Rural_Nomenclature_202606.zip,0.0
19693,\shp,19693_Rural_Sector_202606.zip,0.08
19693,\shp,19693_Rural_Vereda_202606.zip,0.31
19693,\shp,19693_Urban_Block_202606.zip,0.05
19693,\shp,19693_Urban_Building_202606.zip,0.1
19693,\shp,19693_Urban_Lot_202606.zip,0.13
19693,\shp,19693_Urban_Nomenclature_202606.zip,0.01
19693,\shp,19693_Urban_Nomenclature_Road_202606.zip,0.01
19693,\shp,19693_Urban_Perimeter_202606.zip,0.01
19693,\shp,19693_Urban_Sector_202606.zip,0.01
19698,\shp,19698_OSM_Road_202608.zip,0.99
19698,\shp,19698_R1_202607.zip,0.52
19698,\shp,19698_R2_202607.zip,0.56
19698,\shp,19698_Rural_Building_202606.zip,0.11
19698,\shp,19698_Rural_Lot_202606.zip,5.43
19698,\shp,19698_Rural_Nomenclature_202606.zip,0.06
19698,\shp,19698_Rural_Nomenclature_Road_202606.zip,0.0
19698,\shp,19698_Rural_Sector_202606.zip,0.31
19698,\shp,19698_Rural_Vereda_202606.zip,0.64
19698,\shp,19698_Urban_Block_202606.zip,0.79
19698,\shp,19698_Urban_Building_202606.zip,2.9
19698,\shp,19698_Urban_Lot_202606.zip,3.15
19698,\shp,19698_Urban_Nomenclature_202606.zip,1.05
19698,\shp,19698_Urban_Nomenclature_Road_202606.zip,0.07
19698,\shp,19698_Urban_Perimeter_202606.zip,0.04
19698,\shp,19698_Urban_Sector_202606.zip,0.03
19701,\shp,19701_OSM_Road_202608.zip,0.1
19701,\shp,19701_R1_202607.zip,0.04
19701,\shp,19701_R2_202607.zip,0.03
19701,\shp,19701_Urban_Block_202606.zip,0.02
19701,\shp,19701_Urban_Building_202606.zip,0.05
19701,\shp,19701_Urban_Lot_202606.zip,0.06
19701,\shp,19701_Urban_Nomenclature_202606.zip,0.0
19701,\shp,19701_Urban_Nomenclature_Road_202606.zip,0.0
19701,\shp,19701_Urban_Perimeter_202606.zip,0.01
19701,\shp,19701_Urban_Sector_202606.zip,0.01
19743,\shp,19743_OSM_Road_202608.zip,0.41
19743,\shp,19743_R1_202607.zip,0.08
19743,\shp,19743_R2_202607.zip,0.09
19743,\shp,19743_Rural_Building_202606.zip,0.01
19743,\shp,19743_Rural_Lot_202606.zip,1.74
19743,\shp,19743_Rural_Nomenclature_202606.zip,0.0
19743,\shp,19743_Rural_Sector_202606.zip,0.12
19743,\shp,19743_Rural_Vereda_202606.zip,0.54
19743,\shp,19743_Urban_Block_202606.zip,0.14
19743,\shp,19743_Urban_Building_202606.zip,0.34
19743,\shp,19743_Urban_Lot_202606.zip,0.5
19743,\shp,19743_Urban_Nomenclature_202606.zip,0.16
19743,\shp,19743_Urban_Nomenclature_Road_202606.zip,0.02
19743,\shp,19743_Urban_Perimeter_202606.zip,0.02
19743,\shp,19743_Urban_Sector_202606.zip,0.02
19760,\shp,19760_OSM_Road_202608.zip,0.22
19760,\shp,19760_R1_202607.zip,0.07
19760,\shp,19760_R2_202607.zip,0.07
19760,\shp,19760_Rural_Building_202606.zip,0.03
19760,\shp,19760_Rural_Lot_202606.zip,2.21
19760,\shp,19760_Rural_Nomenclature_202606.zip,0.01
19760,\shp,19760_Rural_Sector_202606.zip,0.17
19760,\shp,19760_Rural_Vereda_202606.zip,0.34
19760,\shp,19760_Urban_Block_202606.zip,0.04
19760,\shp,19760_Urban_Building_202606.zip,0.07
19760,\shp,19760_Urban_Lot_202606.zip,0.09
19760,\shp,19760_Urban_Nomenclature_202606.zip,0.01
19760,\shp,19760_Urban_Nomenclature_Road_202606.zip,0.01
19760,\shp,19760_Urban_Perimeter_202606.zip,0.01
19760,\shp,19760_Urban_Sector_202606.zip,0.01
19780,\shp,19780_OSM_Road_202608.zip,0.37
19780,\shp,19780_R1_202607.zip,0.11
19780,\shp,19780_R2_202607.zip,0.12
19780,\shp,19780_Rural_Building_202606.zip,0.0
19780,\shp,19780_Rural_Lot_202606.zip,2.03
19780,\shp,19780_Rural_Nomenclature_202606.zip,0.0
19780,\shp,19780_Rural_Sector_202606.zip,0.12
19780,\shp,19780_Rural_Vereda_202606.zip,0.3
19780,\shp,19780_Urban_Block_202606.zip,0.1
19780,\shp,19780_Urban_Building_202606.zip,0.2
19780,\shp,19780_Urban_Lot_202606.zip,0.26
19780,\shp,19780_Urban_Nomenclature_202606.zip,0.07
19780,\shp,19780_Urban_Nomenclature_Road_202606.zip,0.01
19780,\shp,19780_Urban_Perimeter_202606.zip,0.01
19780,\shp,19780_Urban_Sector_202606.zip,0.01
19785,\shp,19785_OSM_Road_202608.zip,0.04
19785,\shp,19785_R1_202607.zip,0.04
19785,\shp,19785_R2_202607.zip,0.05
19785,\shp,19785_Rural_Building_202606.zip,0.0
19785,\shp,19785_Rural_Lot_202606.zip,1.25
19785,\shp,19785_Rural_Nomenclature_202606.zip,0.0
19785,\shp,19785_Rural_Sector_202606.zip,0.06
19785,\shp,19785_Rural_Vereda_202606.zip,0.15
19785,\shp,19785_Urban_Block_202606.zip,0.02
19785,\shp,19785_Urban_Building_202606.zip,0.06
19785,\shp,19785_Urban_Lot_202606.zip,0.06
19785,\shp,19785_Urban_Nomenclature_202606.zip,0.0
19785,\shp,19785_Urban_Nomenclature_Road_202606.zip,0.0
19785,\shp,19785_Urban_Perimeter_202606.zip,0.01
19785,\shp,19785_Urban_Sector_202606.zip,0.01
19807,\shp,19807_OSM_Road_202608.zip,0.24
19807,\shp,19807_R1_202607.zip,0.19
19807,\shp,19807_R2_202607.zip,0.24
19807,\shp,19807_Rural_Building_202606.zip,0.01
19807,\shp,19807_Rural_Lot_202606.zip,2.89
19807,\shp,19807_Rural_Nomenclature_202606.zip,0.04
19807,\shp,19807_Rural_Sector_202606.zip,0.29
19807,\shp,19807_Rural_Vereda_202606.zip,0.36
19807,\shp,19807_Urban_Block_202606.zip,0.15
19807,\shp,19807_Urban_Building_202606.zip,0.65
19807,\shp,19807_Urban_Lot_202606.zip,0.73
19807,\shp,19807_Urban_Nomenclature_202606.zip,0.24
19807,\shp,19807_Urban_Nomenclature_Road_202606.zip,0.02
19807,\shp,19807_Urban_Perimeter_202606.zip,0.02
19807,\shp,19807_Urban_Sector_202606.zip,0.02
19809,\shp,19809_OSM_Road_202608.zip,0.03
19809,\shp,19809_R1_202607.zip,0.03
19809,\shp,19809_R2_202607.zip,0.04
19809,\shp,19809_Rural_Building_202606.zip,0.0
19809,\shp,19809_Rural_Lot_202606.zip,0.46
19809,\shp,19809_Rural_Nomenclature_202606.zip,0.0
19809,\shp,19809_Rural_Sector_202606.zip,0.14
19809,\shp,19809_Rural_Vereda_202606.zip,0.22
19809,\shp,19809_Urban_Block_202606.zip,0.15
19809,\shp,19809_Urban_Building_202606.zip,0.32
19809,\shp,19809_Urban_Lot_202606.zip,0.23
19809,\shp,19809_Urban_Nomenclature_202606.zip,0.08
19809,\shp,19809_Urban_Nomenclature_Road_202606.zip,0.02
19809,\shp,19809_Urban_Perimeter_202606.zip,0.03
19809,\shp,19809_Urban_Sector_202606.zip,0.03
19821,\shp,19821_OSM_Road_202608.zip,0.23
19821,\shp,19821_R1_202607.zip,0.01
19821,\shp,19821_R2_202607.zip,0.02
19821,\shp,19821_Rural_Building_202606.zip,0.05
19821,\shp,19821_Rural_Lot_202606.zip,0.38
19821,\shp,19821_Rural_Nomenclature_202606.zip,0.01
19821,\shp,19821_Rural_Nomenclature_Road_202606.zip,0.01
19821,\shp,19821_Rural_Sector_202606.zip,0.05
19821,\shp,19821_Rural_Vereda_202606.zip,0.22
19821,\shp,19821_Urban_Block_202606.zip,0.03
19821,\shp,19821_Urban_Building_202606.zip,0.1
19821,\shp,19821_Urban_Lot_202606.zip,0.1
19821,\shp,19821_Urban_Nomenclature_202606.zip,0.04
19821,\shp,19821_Urban_Nomenclature_Road_202606.zip,0.01
19821,\shp,19821_Urban_Perimeter_202606.zip,0.0
19821,\shp,19821_Urban_Sector_202606.zip,0.0
19824,\shp,19824_OSM_Road_202608.zip,0.19
19824,\shp,19824_R1_202607.zip,0.07
19824,\shp,19824_R2_202607.zip,0.08
19824,\shp,19824_Rural_Building_202606.zip,0.0
19824,\shp,19824_Rural_Lot_202606.zip,1.57
19824,\shp,19824_Rural_Nomenclature_202606.zip,0.01
19824,\shp,19824_Rural_Sector_202606.zip,0.15
19824,\shp,19824_Rural_Vereda_202606.zip,0.3
19824,\shp,19824_Urban_Block_202606.zip,0.08
19824,\shp,19824_Urban_Building_202606.zip,0.09
19824,\shp,19824_Urban_Lot_202606.zip,0.16
19824,\shp,19824_Urban_Nomenclature_202606.zip,0.03
19824,\shp,19824_Urban_Nomenclature_Road_202606.zip,0.01
19824,\shp,19824_Urban_Perimeter_202606.zip,0.03
19824,\shp,19824_Urban_Sector_202606.zip,0.03
19845,\shp,19845_OSM_Road_202608.zip,0.09
19845,\shp,19845_R1_202607.zip,0.1
19845,\shp,19845_R2_202607.zip,0.1
19845,\shp,19845_Rural_Building_202606.zip,0.05
19845,\shp,19845_Rural_Lot_202606.zip,0.6
19845,\shp,19845_Rural_Nomenclature_202606.zip,0.0
19845,\shp,19845_Rural_Sector_202606.zip,0.04
19845,\shp,19845_Rural_Vereda_202606.zip,0.06
19845,\shp,19845_Urban_Block_202606.zip,0.18
19845,\shp,19845_Urban_Building_202606.zip,0.52
19845,\shp,19845_Urban_Lot_202606.zip,0.62
19845,\shp,19845_Urban_Nomenclature_202606.zip,0.25
19845,\shp,19845_Urban_Nomenclature_Road_202606.zip,0.01
19845,\shp,19845_Urban_Perimeter_202606.zip,0.01
19845,\shp,19845_Urban_Sector_202606.zip,0.01
20001,\shp,20001_OSM_Road_202608.zip,1.06
20001,\shp,20001_Rural_Lot_202001.zip,3.66
20001,\shp,20001_Urban_Lot_202001.zip,7.52
20011,\shp,20011_OSM_Road_202608.zip,0.42
20011,\shp,20011_R1_202607.zip,0.49
20011,\shp,20011_R2_202607.zip,0.51
20011,\shp,20011_Rural_Building_202606.zip,0.24
20011,\shp,20011_Rural_Lot_202606.zip,2.22
20011,\shp,20011_Rural_Nomenclature_202606.zip,0.24
20011,\shp,20011_Rural_Nomenclature_Road_202606.zip,0.0
20011,\shp,20011_Rural_Sector_202606.zip,0.1
20011,\shp,20011_Rural_Vereda_202606.zip,0.25
20011,\shp,20011_Urban_Block_202606.zip,0.96
20011,\shp,20011_Urban_Building_202606.zip,2.73
20011,\shp,20011_Urban_Lot_202606.zip,2.57
20011,\shp,20011_Urban_Nomenclature_202606.zip,1.24
20011,\shp,20011_Urban_Nomenclature_Road_202606.zip,0.16
20011,\shp,20011_Urban_Perimeter_202606.zip,0.03
20011,\shp,20011_Urban_Sector_202606.zip,0.06
20013,\shp,20013_OSM_Road_202608.zip,0.28
20013,\shp,20013_R1_202607.zip,0.24
20013,\shp,20013_R2_202607.zip,0.26
20013,\shp,20013_Rural_Building_202606.zip,0.02
20013,\shp,20013_Rural_Lot_202606.zip,0.96
20013,\shp,20013_Rural_Nomenclature_202606.zip,0.02
20013,\shp,20013_Rural_Sector_202606.zip,0.16
20013,\shp,20013_Rural_Vereda_202606.zip,0.23
20013,\shp,20013_Urban_Block_202606.zip,0.46
20013,\shp,20013_Urban_Building_202606.zip,1.42
20013,\shp,20013_Urban_Lot_202606.zip,1.23
20013,\shp,20013_Urban_Neighborhood_202606.zip,0.0
20013,\shp,20013_Urban_Nomenclature_202606.zip,0.62
20013,\shp,20013_Urban_Nomenclature_Road_202606.zip,0.04
20013,\shp,20013_Urban_Perimeter_202606.zip,0.0
20013,\shp,20013_Urban_Sector_202606.zip,0.0
20032,\shp,20032_OSM_Road_202608.zip,0.07
20032,\shp,20032_R1_202607.zip,0.09
20032,\shp,20032_R2_202607.zip,0.09
20032,\shp,20032_Rural_Building_202606.zip,0.04
20032,\shp,20032_Rural_Lot_202606.zip,0.32
20032,\shp,20032_Rural_Nomenclature_202606.zip,0.02
20032,\shp,20032_Rural_Sector_202606.zip,0.06
20032,\shp,20032_Rural_Vereda_202606.zip,0.07
20032,\shp,20032_Urban_Block_202606.zip,0.16
20032,\shp,20032_Urban_Building_202606.zip,0.43
20032,\shp,20032_Urban_Lot_202606.zip,0.34
20032,\shp,20032_Urban_Nomenclature_202606.zip,0.19
20032,\shp,20032_Urban_Nomenclature_Road_202606.zip,0.04
20032,\shp,20032_Urban_Perimeter_202606.zip,0.02
20032,\shp,20032_Urban_Sector_202606.zip,0.02
20045,\shp,20045_OSM_Road_202608.zip,0.11
20045,\shp,20045_R1_202607.zip,0.08
20045,\shp,20045_R2_202607.zip,0.09
20045,\shp,20045_Rural_Building_202606.zip,0.07
20045,\shp,20045_Rural_Lot_202606.zip,0.48
20045,\shp,20045_Rural_Nomenclature_202606.zip,0.07
20045,\shp,20045_Rural_Sector_202606.zip,0.09
20045,\shp,20045_Rural_Vereda_202606.zip,0.13
20045,\shp,20045_Urban_Block_202606.zip,0.14
20045,\shp,20045_Urban_Building_202606.zip,0.39
20045,\shp,20045_Urban_Lot_202606.zip,0.3
20045,\shp,20045_Urban_Nomenclature_202606.zip,0.2
20045,\shp,20045_Urban_Nomenclature_Road_202606.zip,0.04
20045,\shp,20045_Urban_Perimeter_202606.zip,0.01
20060,\shp,20060_OSM_Road_202608.zip,0.11
20060,\shp,20060_R1_202607.zip,0.15
20060,\shp,20060_R2_202607.zip,0.16
20060,\shp,20060_Rural_Building_202606.zip,0.05
20060,\shp,20060_Rural_Lot_202606.zip,0.28
20060,\shp,20060_Rural_Nomenclature_202606.zip,0.05
20060,\shp,20060_Rural_Nomenclature_Road_202606.zip,0.01
20060,\shp,20060_Rural_Sector_202606.zip,0.07
20060,\shp,20060_Rural_Vereda_202606.zip,0.06
20060,\shp,20060_Urban_Block_202606.zip,0.31
20060,\shp,20060_Urban_Building_202606.zip,0.94
20060,\shp,20060_Urban_Lot_202606.zip,0.79
20060,\shp,20060_Urban_Nomenclature_202606.zip,0.43
20060,\shp,20060_Urban_Nomenclature_Road_202606.zip,0.04
20060,\shp,20060_Urban_Perimeter_202606.zip,0.0
20175,\shp,20175_OSM_Road_202608.zip,0.21
20175,\shp,20175_R1_202607.zip,0.14
20175,\shp,20175_R2_202607.zip,0.15
20175,\shp,20175_Rural_Building_202606.zip,0.01
20175,\shp,20175_Rural_Lot_202606.zip,2.93
20175,\shp,20175_Rural_Nomenclature_202606.zip,0.01
20175,\shp,20175_Rural_Nomenclature_Road_202606.zip,0.01
20175,\shp,20175_Rural_Sector_202606.zip,0.9
20175,\shp,20175_Rural_Vereda_202606.zip,2.43
20175,\shp,20175_Urban_Block_202606.zip,0.35
20175,\shp,20175_Urban_Building_202606.zip,0.67
20175,\shp,20175_Urban_Lot_202606.zip,0.69
20175,\shp,20175_Urban_Nomenclature_202606.zip,0.39
20175,\shp,20175_Urban_Nomenclature_Road_202606.zip,0.05
20175,\shp,20175_Urban_Perimeter_202606.zip,0.02
20175,\shp,20175_Urban_Sector_202606.zip,0.06
20178,\shp,20178_OSM_Road_202608.zip,0.16
20178,\shp,20178_Rural_Lot_202001.zip,0.56
20178,\shp,20178_Urban_Lot_202001.zip,0.63
20228,\shp,20228_OSM_Road_202608.zip,0.14
20228,\shp,20228_R1_202607.zip,0.17
20228,\shp,20228_R2_202607.zip,0.17
20228,\shp,20228_Rural_Building_202606.zip,0.01
20228,\shp,20228_Rural_Lot_202606.zip,0.79
20228,\shp,20228_Rural_Nomenclature_202606.zip,0.02
20228,\shp,20228_Rural_Nomenclature_Road_202606.zip,0.0
20228,\shp,20228_Rural_Sector_202606.zip,0.09
20228,\shp,20228_Rural_Vereda_202606.zip,0.14
20228,\shp,20228_Urban_Block_202606.zip,0.38
20228,\shp,20228_Urban_Building_202606.zip,0.83
20228,\shp,20228_Urban_Lot_202606.zip,0.89
20228,\shp,20228_Urban_Neighborhood_202606.zip,0.02
20228,\shp,20228_Urban_Nomenclature_202606.zip,0.52
20228,\shp,20228_Urban_Nomenclature_Road_202606.zip,0.12
20228,\shp,20228_Urban_Perimeter_202606.zip,0.03
20228,\shp,20228_Urban_Sector_202606.zip,0.04
20238,\shp,20238_OSM_Road_202608.zip,0.2
20238,\shp,20238_R1_202607.zip,0.13
20238,\shp,20238_R2_202607.zip,0.14
20238,\shp,20238_Rural_Building_202606.zip,0.01
20238,\shp,20238_Rural_Lot_202606.zip,0.72
20238,\shp,20238_Rural_Nomenclature_202606.zip,0.01
20238,\shp,20238_Rural_Sector_202606.zip,0.07
20238,\shp,20238_Rural_Vereda_202606.zip,0.19
20238,\shp,20238_Urban_Block_202606.zip,0.3
20238,\shp,20238_Urban_Building_202606.zip,0.73
20238,\shp,20238_Urban_Lot_202606.zip,0.64
20238,\shp,20238_Urban_Nomenclature_202606.zip,0.33
20238,\shp,20238_Urban_Nomenclature_Road_202606.zip,0.05
20238,\shp,20238_Urban_Perimeter_202606.zip,0.0
20238,\shp,20238_Urban_Sector_202606.zip,0.0
20250,\shp,20250_OSM_Road_202608.zip,0.15
20250,\shp,20250_R1_202607.zip,0.17
20250,\shp,20250_R2_202607.zip,0.18
20250,\shp,20250_Rural_Building_202606.zip,0.03
20250,\shp,20250_Rural_Lot_202606.zip,0.42
20250,\shp,20250_Rural_Nomenclature_202606.zip,0.02
20250,\shp,20250_Rural_Sector_202606.zip,0.09
20250,\shp,20250_Rural_Vereda_202606.zip,0.1
20250,\shp,20250_Urban_Block_202606.zip,0.36
20250,\shp,20250_Urban_Building_202606.zip,0.9
20250,\shp,20250_Urban_Lot_202606.zip,0.77
20250,\shp,20250_Urban_Nomenclature_202606.zip,0.42
20250,\shp,20250_Urban_Nomenclature_Road_202606.zip,0.08
20250,\shp,20250_Urban_Perimeter_202606.zip,0.01
20250,\shp,20250_Urban_Sector_202606.zip,0.03
20261,\shp,20261_Rural_Lot_202001.zip,0.0
20295,\shp,20295_OSM_Road_202608.zip,0.06
20295,\shp,20295_R1_202607.zip,0.04
20295,\shp,20295_R2_202607.zip,0.06
20295,\shp,20295_Rural_Building_202606.zip,0.1
20295,\shp,20295_Rural_Lot_202606.zip,0.32
20295,\shp,20295_Rural_Nomenclature_202606.zip,0.08
20295,\shp,20295_Rural_Sector_202606.zip,0.09
20295,\shp,20295_Rural_Vereda_202606.zip,0.12
20295,\shp,20295_Urban_Block_202606.zip,0.19
20295,\shp,20295_Urban_Building_202606.zip,0.28
20295,\shp,20295_Urban_Lot_202606.zip,0.5
20295,\shp,20295_Urban_Nomenclature_202606.zip,0.29
20295,\shp,20295_Urban_Nomenclature_Road_202606.zip,0.0
20295,\shp,20295_Urban_Perimeter_202606.zip,0.02
20295,\shp,20295_Urban_Sector_202606.zip,0.02
20310,\shp,20310_OSM_Road_202608.zip,0.15
20310,\shp,20310_R1_202607.zip,0.02
20310,\shp,20310_R2_202607.zip,0.02
20310,\shp,20310_Rural_Building_202606.zip,0.0
20310,\shp,20310_Rural_Lot_202606.zip,0.26
20310,\shp,20310_Rural_Nomenclature_202606.zip,0.0
20310,\shp,20310_Rural_Sector_202606.zip,0.03
20310,\shp,20310_Rural_Vereda_202606.zip,0.07
20310,\shp,20310_Urban_Block_202606.zip,0.03
20310,\shp,20310_Urban_Building_202606.zip,0.06
20310,\shp,20310_Urban_Lot_202606.zip,0.06
20310,\shp,20310_Urban_Nomenclature_202606.zip,0.02
20310,\shp,20310_Urban_Nomenclature_Road_202606.zip,0.01
20310,\shp,20310_Urban_Perimeter_202606.zip,0.01
20310,\shp,20310_Urban_Sector_202606.zip,0.01
20383,\shp,20383_OSM_Road_202608.zip,0.17
20383,\shp,20383_R1_202607.zip,0.08
20383,\shp,20383_R2_202607.zip,0.09
20383,\shp,20383_Rural_Building_202606.zip,0.0
20383,\shp,20383_Rural_Lot_202606.zip,0.47
20383,\shp,20383_Rural_Nomenclature_202606.zip,0.0
20383,\shp,20383_Rural_Sector_202606.zip,0.04
20383,\shp,20383_Rural_Vereda_202606.zip,0.06
20383,\shp,20383_Urban_Block_202606.zip,0.15
20383,\shp,20383_Urban_Building_202606.zip,0.35
20383,\shp,20383_Urban_Lot_202606.zip,0.35
20383,\shp,20383_Urban_Nomenclature_202606.zip,0.21
20383,\shp,20383_Urban_Nomenclature_Road_202606.zip,0.02
20383,\shp,20383_Urban_Perimeter_202606.zip,0.01
20383,\shp,20383_Urban_Sector_202606.zip,0.01
20400,\shp,20400_OSM_Road_202608.zip,0.3
20400,\shp,20400_R1_202607.zip,0.12
20400,\shp,20400_R2_202607.zip,0.15
20400,\shp,20400_Rural_Building_202606.zip,0.29
20400,\shp,20400_Rural_Lot_202606.zip,0.72
20400,\shp,20400_Rural_Nomenclature_202606.zip,0.14
20400,\shp,20400_Rural_Sector_202606.zip,0.17
20400,\shp,20400_Rural_Vereda_202606.zip,0.2
20400,\shp,20400_Urban_Block_202606.zip,0.61
20400,\shp,20400_Urban_Building_202606.zip,0.56
20400,\shp,20400_Urban_Lot_202606.zip,1.37
20400,\shp,20400_Urban_Nomenclature_202606.zip,0.96
20400,\shp,20400_Urban_Nomenclature_Road_202606.zip,0.09
20400,\shp,20400_Urban_Perimeter_202606.zip,0.01
20400,\shp,20400_Urban_Sector_202606.zip,0.01
20443,\shp,20443_OSM_Road_202608.zip,0.05
20443,\shp,20443_R1_202607.zip,0.04
20443,\shp,20443_R2_202607.zip,0.06
20443,\shp,20443_Rural_Building_202606.zip,0.14
20443,\shp,20443_Rural_Lot_202606.zip,0.37
20443,\shp,20443_Rural_Nomenclature_202606.zip,0.06
20443,\shp,20443_Rural_Sector_202606.zip,0.04
20443,\shp,20443_Rural_Vereda_202606.zip,0.07
20443,\shp,20443_Urban_Block_202606.zip,0.13
20443,\shp,20443_Urban_Building_202606.zip,0.4
20443,\shp,20443_Urban_Lot_202606.zip,0.42
20443,\shp,20443_Urban_Nomenclature_202606.zip,0.13
20443,\shp,20443_Urban_Perimeter_202606.zip,0.01
20443,\shp,20443_Urban_Sector_202606.zip,0.01
20517,\shp,20517_OSM_Road_202608.zip,0.17
20517,\shp,20517_R1_202607.zip,0.1
20517,\shp,20517_R2_202607.zip,0.11
20517,\shp,20517_Rural_Building_202606.zip,0.05
20517,\shp,20517_Rural_Lot_202606.zip,0.5
20517,\shp,20517_Rural_Nomenclature_202606.zip,0.08
20517,\shp,20517_Rural_Sector_202606.zip,0.04
20517,\shp,20517_Rural_Vereda_202606.zip,0.06
20517,\shp,20517_Urban_Block_202606.zip,0.19
20517,\shp,20517_Urban_Building_202606.zip,0.48
20517,\shp,20517_Urban_Lot_202606.zip,0.49
20517,\shp,20517_Urban_Neighborhood_202606.zip,0.01
20517,\shp,20517_Urban_Nomenclature_202606.zip,0.24
20517,\shp,20517_Urban_Nomenclature_Road_202606.zip,0.04
20517,\shp,20517_Urban_Perimeter_202606.zip,0.01
20517,\shp,20517_Urban_Sector_202606.zip,0.01
20550,\shp,20550_OSM_Road_202608.zip,0.1
20550,\shp,20550_R1_202607.zip,0.11
20550,\shp,20550_R2_202607.zip,0.11
20550,\shp,20550_Rural_Lot_202606.zip,0.48
20550,\shp,20550_Rural_Nomenclature_202606.zip,0.0
20550,\shp,20550_Rural_Sector_202606.zip,0.05
20550,\shp,20550_Rural_Vereda_202606.zip,0.07
20550,\shp,20550_Urban_Block_202606.zip,0.23
20550,\shp,20550_Urban_Building_202606.zip,0.64
20550,\shp,20550_Urban_Lot_202606.zip,0.62
20550,\shp,20550_Urban_Nomenclature_202606.zip,0.34
20550,\shp,20550_Urban_Nomenclature_Road_202606.zip,0.05
20550,\shp,20550_Urban_Perimeter_202606.zip,0.01
20550,\shp,20550_Urban_Sector_202606.zip,0.01
20570,\shp,20570_OSM_Road_202608.zip,0.18
20570,\shp,20570_R1_202607.zip,0.05
20570,\shp,20570_R2_202607.zip,0.06
20570,\shp,20570_Rural_Building_202606.zip,0.01
20570,\shp,20570_Rural_Lot_202606.zip,0.47
20570,\shp,20570_Rural_Nomenclature_202606.zip,0.02
20570,\shp,20570_Rural_Sector_202606.zip,0.05
20570,\shp,20570_Rural_Vereda_202606.zip,0.06
20570,\shp,20570_Urban_Block_202606.zip,0.1
20570,\shp,20570_Urban_Building_202606.zip,0.21
20570,\shp,20570_Urban_Lot_202606.zip,0.22
20570,\shp,20570_Urban_Neighborhood_202606.zip,0.01
20570,\shp,20570_Urban_Nomenclature_202606.zip,0.07
20570,\shp,20570_Urban_Nomenclature_Road_202606.zip,0.01
20570,\shp,20570_Urban_Perimeter_202606.zip,0.01
20570,\shp,20570_Urban_Sector_202606.zip,0.01
20614,\shp,20614_OSM_Road_202608.zip,0.27
20614,\shp,20614_Rural_Lot_202001.zip,0.94
20614,\shp,20614_Urban_Lot_202001.zip,0.34
20621,\shp,20621_OSM_Road_202608.zip,0.2
20621,\shp,20621_R1_202607.zip,0.1
20621,\shp,20621_R2_202607.zip,0.15
20621,\shp,20621_Rural_Building_202606.zip,0.38
20621,\shp,20621_Rural_Lot_202606.zip,1.03
20621,\shp,20621_Rural_Nomenclature_202606.zip,0.04
20621,\shp,20621_Rural_Sector_202606.zip,0.25
20621,\shp,20621_Rural_Vereda_202606.zip,0.3
20621,\shp,20621_Urban_Block_202606.zip,0.3
20621,\shp,20621_Urban_Building_202606.zip,0.78
20621,\shp,20621_Urban_Lot_202606.zip,0.69
20621,\shp,20621_Urban_Nomenclature_202606.zip,0.31
20621,\shp,20621_Urban_Nomenclature_Road_202606.zip,0.05
20621,\shp,20621_Urban_Perimeter_202606.zip,0.01
20621,\shp,20621_Urban_Sector_202606.zip,0.01
20710,\shp,20710_OSM_Road_202608.zip,0.17
20710,\shp,20710_R1_202607.zip,0.1
20710,\shp,20710_R2_202607.zip,0.11
20710,\shp,20710_Rural_Building_202606.zip,0.04
20710,\shp,20710_Rural_Lot_202606.zip,0.9
20710,\shp,20710_Rural_Nomenclature_202606.zip,0.03
20710,\shp,20710_Rural_Sector_202606.zip,0.11
20710,\shp,20710_Rural_Vereda_202606.zip,0.2
20710,\shp,20710_Urban_Block_202606.zip,0.22
20710,\shp,20710_Urban_Building_202606.zip,0.6
20710,\shp,20710_Urban_Lot_202606.zip,0.61
20710,\shp,20710_Urban_Nomenclature_202606.zip,0.38
20710,\shp,20710_Urban_Nomenclature_Road_202606.zip,0.07
20710,\shp,20710_Urban_Perimeter_202606.zip,0.01
20710,\shp,20710_Urban_Sector_202606.zip,0.03
20750,\shp,20750_OSM_Road_202608.zip,0.07
20750,\shp,20750_R1_202607.zip,0.08
20750,\shp,20750_R2_202607.zip,0.13
20750,\shp,20750_Rural_Building_202606.zip,0.49
20750,\shp,20750_Rural_Lot_202606.zip,0.84
20750,\shp,20750_Rural_Nomenclature_202606.zip,0.13
20750,\shp,20750_Rural_Sector_202606.zip,0.1
20750,\shp,20750_Rural_Vereda_202606.zip,0.1
20750,\shp,20750_Urban_Block_202606.zip,0.23
20750,\shp,20750_Urban_Building_202606.zip,0.57
20750,\shp,20750_Urban_Lot_202606.zip,0.58
20750,\shp,20750_Urban_Nomenclature_202606.zip,0.31
20750,\shp,20750_Urban_Perimeter_202606.zip,0.01
20750,\shp,20750_Urban_Sector_202606.zip,0.01
20770,\shp,20770_OSM_Road_202608.zip,0.24
20770,\shp,20770_R1_202607.zip,0.14
20770,\shp,20770_R2_202607.zip,0.14
20770,\shp,20770_Rural_Building_202606.zip,0.01
20770,\shp,20770_Rural_Lot_202606.zip,0.94
20770,\shp,20770_Rural_Nomenclature_202606.zip,0.03
20770,\shp,20770_Rural_Sector_202606.zip,0.09
20770,\shp,20770_Rural_Vereda_202606.zip,0.15
20770,\shp,20770_Urban_Block_202606.zip,0.2
20770,\shp,20770_Urban_Building_202606.zip,0.49
20770,\shp,20770_Urban_Lot_202606.zip,0.56
20770,\shp,20770_Urban_Nomenclature_202606.zip,0.26
20770,\shp,20770_Urban_Nomenclature_Road_202606.zip,0.04
20770,\shp,20770_Urban_Perimeter_202606.zip,0.01
20770,\shp,20770_Urban_Sector_202606.zip,0.03
20787,\shp,20787_OSM_Road_202608.zip,0.1
20787,\shp,20787_R1_202607.zip,0.08
20787,\shp,20787_R2_202607.zip,0.09
20787,\shp,20787_Rural_Building_202606.zip,0.01
20787,\shp,20787_Rural_Lot_202606.zip,0.4
20787,\shp,20787_Rural_Nomenclature_202606.zip,0.0
20787,\shp,20787_Rural_Nomenclature_Road_202606.zip,0.0
20787,\shp,20787_Rural_Sector_202606.zip,0.03
20787,\shp,20787_Rural_Vereda_202606.zip,0.05
20787,\shp,20787_Urban_Block_202606.zip,0.16
20787,\shp,20787_Urban_Building_202606.zip,0.36
20787,\shp,20787_Urban_Lot_202606.zip,0.33
20787,\shp,20787_Urban_Neighborhood_202606.zip,0.01
20787,\shp,20787_Urban_Nomenclature_202606.zip,0.21
20787,\shp,20787_Urban_Nomenclature_Road_202606.zip,0.04
20787,\shp,20787_Urban_Perimeter_202606.zip,0.01
20787,\shp,20787_Urban_Sector_202606.zip,0.01
23001,\shp,23001_OSM_Road_202608.zip,1.18
23001,\shp,23001_Rural_Lot_202606.zip,2.97
23001,\shp,23001_Urban_Lot_202606.zip,7.59
23068,\shp,23068_OSM_Road_202608.zip,0.22
23068,\shp,23068_R1_202607.zip,0.16
23068,\shp,23068_R2_202607.zip,0.18
23068,\shp,23068_Rural_Building_202606.zip,0.0
23068,\shp,23068_Rural_Lot_202606.zip,1.03
23068,\shp,23068_Rural_Nomenclature_202606.zip,0.03
23068,\shp,23068_Rural_Sector_202606.zip,0.14
23068,\shp,23068_Rural_Vereda_202606.zip,0.41
23068,\shp,23068_Urban_Block_202606.zip,0.35
23068,\shp,23068_Urban_Building_202606.zip,0.84
23068,\shp,23068_Urban_Lot_202606.zip,0.8
23068,\shp,23068_Urban_Neighborhood_202606.zip,0.03
23068,\shp,23068_Urban_Nomenclature_202606.zip,0.27
23068,\shp,23068_Urban_Nomenclature_Road_202606.zip,0.07
23068,\shp,23068_Urban_Perimeter_202606.zip,0.04
23068,\shp,23068_Urban_Sector_202606.zip,0.04
23079,\shp,23079_OSM_Road_202608.zip,0.13
23079,\shp,23079_R1_202607.zip,0.07
23079,\shp,23079_R2_202607.zip,0.1
23079,\shp,23079_Rural_Building_202606.zip,0.0
23079,\shp,23079_Rural_Lot_202606.zip,0.56
23079,\shp,23079_Rural_Nomenclature_202606.zip,0.03
23079,\shp,23079_Rural_Sector_202606.zip,0.06
23079,\shp,23079_Rural_Vereda_202606.zip,0.21
23079,\shp,23079_Urban_Block_202606.zip,0.13
23079,\shp,23079_Urban_Building_202606.zip,0.34
23079,\shp,23079_Urban_Lot_202606.zip,0.28
23079,\shp,23079_Urban_Neighborhood_202606.zip,0.02
23079,\shp,23079_Urban_Nomenclature_202606.zip,0.13
23079,\shp,23079_Urban_Nomenclature_Road_202606.zip,0.03
23079,\shp,23079_Urban_Perimeter_202606.zip,0.02
23079,\shp,23079_Urban_Sector_202606.zip,0.02
23090,\shp,23090_OSM_Road_202608.zip,0.08
23090,\shp,23090_R1_202607.zip,0.05
23090,\shp,23090_R2_202607.zip,0.05
23090,\shp,23090_Rural_Building_202606.zip,0.0
23090,\shp,23090_Rural_Lot_202606.zip,0.65
23090,\shp,23090_Rural_Nomenclature_202606.zip,0.02
23090,\shp,23090_Rural_Sector_202606.zip,0.04
23090,\shp,23090_Rural_Vereda_202606.zip,0.17
23090,\shp,23090_Urban_Block_202606.zip,0.05
23090,\shp,23090_Urban_Building_202606.zip,0.15
23090,\shp,23090_Urban_Lot_202606.zip,0.1
23090,\shp,23090_Urban_Nomenclature_202606.zip,0.03
23090,\shp,23090_Urban_Nomenclature_Road_202606.zip,0.01
23090,\shp,23090_Urban_Perimeter_202606.zip,0.01
23090,\shp,23090_Urban_Sector_202606.zip,0.04
23162,\shp,23162_OSM_Road_202608.zip,0.24
23162,\shp,23162_R1_202607.zip,0.36
23162,\shp,23162_R2_202607.zip,0.37
23162,\shp,23162_Rural_Building_202606.zip,0.02
23162,\shp,23162_Rural_Lot_202606.zip,1.91
23162,\shp,23162_Rural_Nomenclature_202606.zip,0.37
23162,\shp,23162_Rural_Nomenclature_Road_202606.zip,0.01
23162,\shp,23162_Rural_Sector_202606.zip,0.12
23162,\shp,23162_Rural_Vereda_202606.zip,0.38
23162,\shp,23162_Urban_Block_202606.zip,0.45
23162,\shp,23162_Urban_Building_202606.zip,1.49
23162,\shp,23162_Urban_Lot_202606.zip,1.39
23162,\shp,23162_Urban_Neighborhood_202606.zip,0.01
23162,\shp,23162_Urban_Nomenclature_202606.zip,0.78
23162,\shp,23162_Urban_Nomenclature_Road_202606.zip,0.1
23162,\shp,23162_Urban_Perimeter_202606.zip,0.02
23162,\shp,23162_Urban_Sector_202606.zip,0.02
23168,\shp,23168_OSM_Road_202608.zip,0.05
23168,\shp,23168_R1_202607.zip,0.05
23168,\shp,23168_R2_202607.zip,0.06
23168,\shp,23168_Rural_Lot_202606.zip,0.45
23168,\shp,23168_Rural_Nomenclature_202606.zip,0.01
23168,\shp,23168_Rural_Sector_202606.zip,0.02
23168,\shp,23168_Rural_Vereda_202606.zip,0.12
23168,\shp,23168_Urban_Block_202606.zip,0.09
23168,\shp,23168_Urban_Building_202606.zip,0.14
23168,\shp,23168_Urban_Lot_202606.zip,0.32
23168,\shp,23168_Urban_Neighborhood_202606.zip,0.01
23168,\shp,23168_Urban_Nomenclature_202606.zip,0.15
23168,\shp,23168_Urban_Nomenclature_Road_202606.zip,0.02
23168,\shp,23168_Urban_Perimeter_202606.zip,0.01
23168,\shp,23168_Urban_Sector_202606.zip,0.01
23175,\shp,23175_Rural_Building_202606.zip,3.11
23175,\shp,23175_Rural_Lot_202606.zip,2.33
23175,\shp,23175_Rural_Nomenclature_202606.zip,0.05
23175,\shp,23175_Rural_Sector_202606.zip,0.08
23175,\shp,23175_Rural_Vereda_202606.zip,0.07
23175,\shp,23175_Urban_Block_202606.zip,0.33
23175,\shp,23175_Urban_Building_202606.zip,4.37
23175,\shp,23175_Urban_Lot_202606.zip,2.05
23175,\shp,23175_Urban_Neighborhood_202606.zip,0.03
23175,\shp,23175_Urban_Nomenclature_Road_202606.zip,0.03
23175,\shp,23175_Urban_Perimeter_202606.zip,0.03
23175,\shp,23175_Urban_Sector_202606.zip,0.03
23182,\shp,23182_OSM_Road_202608.zip,0.19
23182,\shp,23182_R1_202607.zip,0.17
23182,\shp,23182_R2_202607.zip,0.25
23182,\shp,23182_Rural_Building_202606.zip,0.97
23182,\shp,23182_Rural_Lot_202606.zip,2.53
23182,\shp,23182_Rural_Nomenclature_202606.zip,0.49
23182,\shp,23182_Rural_Sector_202606.zip,0.09
23182,\shp,23182_Rural_Vereda_202606.zip,0.43
23182,\shp,23182_Urban_Block_202606.zip,0.35
23182,\shp,23182_Urban_Building_202606.zip,0.8
23182,\shp,23182_Urban_Lot_202606.zip,1.02
23182,\shp,23182_Urban_Nomenclature_202606.zip,0.36
23182,\shp,23182_Urban_Nomenclature_Road_202606.zip,0.06
23182,\shp,23182_Urban_Perimeter_202606.zip,0.0
23182,\shp,23182_Urban_Sector_202606.zip,0.02
23189,\shp,23189_OSM_Road_202608.zip,0.24
23189,\shp,23189_R1_202607.zip,0.18
23189,\shp,23189_R2_202607.zip,0.21
23189,\shp,23189_Rural_Building_202606.zip,0.0
23189,\shp,23189_Rural_Lot_202606.zip,1.08
23189,\shp,23189_Rural_Nomenclature_202606.zip,0.08
23189,\shp,23189_Rural_Sector_202606.zip,0.1
23189,\shp,23189_Rural_Vereda_202606.zip,0.24
23189,\shp,23189_Urban_Block_202606.zip,0.27
23189,\shp,23189_Urban_Building_202606.zip,0.85
23189,\shp,23189_Urban_Lot_202606.zip,0.69
23189,\shp,23189_Urban_Nomenclature_202606.zip,0.19
23189,\shp,23189_Urban_Nomenclature_Road_202606.zip,0.05
23189,\shp,23189_Urban_Perimeter_202606.zip,0.01
23189,\shp,23189_Urban_Sector_202606.zip,0.01
23300,\shp,23300_OSM_Road_202608.zip,0.05
23300,\shp,23300_R1_202607.zip,0.05
23300,\shp,23300_R2_202607.zip,0.07
23300,\shp,23300_Rural_Building_202606.zip,0.23
23300,\shp,23300_Rural_Lot_202606.zip,0.59
23300,\shp,23300_Rural_Nomenclature_202606.zip,0.12
23300,\shp,23300_Rural_Sector_202606.zip,0.05
23300,\shp,23300_Rural_Vereda_202606.zip,0.11
23300,\shp,23300_Urban_Block_202606.zip,0.11
23300,\shp,23300_Urban_Building_202606.zip,0.15
23300,\shp,23300_Urban_Lot_202606.zip,0.28
23300,\shp,23300_Urban_Nomenclature_202606.zip,0.1
23300,\shp,23300_Urban_Nomenclature_Road_202606.zip,0.03
23300,\shp,23300_Urban_Perimeter_202606.zip,0.02
23300,\shp,23300_Urban_Sector_202606.zip,0.02
23350,\shp,23350_OSM_Road_202608.zip,0.06
23350,\shp,23350_R1_202607.zip,0.02
23350,\shp,23350_R2_202607.zip,0.04
23350,\shp,23350_Rural_Building_202606.zip,0.1
23350,\shp,23350_Rural_Lot_202606.zip,0.18
23350,\shp,23350_Rural_Nomenclature_202606.zip,0.04
23350,\shp,23350_Rural_Sector_202606.zip,0.03
23350,\shp,23350_Rural_Vereda_202606.zip,0.06
23350,\shp,23350_Urban_Block_202606.zip,0.13
23350,\shp,23350_Urban_Building_202606.zip,0.22
23350,\shp,23350_Urban_Lot_202606.zip,0.36
23350,\shp,23350_Urban_Nomenclature_202606.zip,0.07
23350,\shp,23350_Urban_Perimeter_202606.zip,0.01
23350,\shp,23350_Urban_Sector_202606.zip,0.01
23417,\shp,23417_OSM_Road_202608.zip,0.37
23417,\shp,23417_R1_202607.zip,0.36
23417,\shp,23417_R2_202607.zip,0.41
23417,\shp,23417_Rural_Building_202606.zip,0.0
23417,\shp,23417_Rural_Lot_202606.zip,1.31
23417,\shp,23417_Rural_Nomenclature_202606.zip,0.06
23417,\shp,23417_Rural_Sector_202606.zip,0.07
23417,\shp,23417_Rural_Vereda_202606.zip,0.26
23417,\shp,23417_Urban_Block_202606.zip,0.62
23417,\shp,23417_Urban_Building_202606.zip,1.83
23417,\shp,23417_Urban_Lot_202606.zip,1.37
23417,\shp,23417_Urban_Neighborhood_202606.zip,0.01
23417,\shp,23417_Urban_Nomenclature_202606.zip,0.91
23417,\shp,23417_Urban_Nomenclature_Road_202606.zip,0.15
23417,\shp,23417_Urban_Perimeter_202606.zip,0.02
23417,\shp,23417_Urban_Sector_202606.zip,0.03
23419,\shp,23419_OSM_Road_202608.zip,0.07
23419,\shp,23419_R1_202607.zip,0.05
23419,\shp,23419_R2_202607.zip,0.06
23419,\shp,23419_Rural_Lot_202606.zip,0.28
23419,\shp,23419_Rural_Nomenclature_202606.zip,0.01
23419,\shp,23419_Rural_Sector_202606.zip,0.02
23419,\shp,23419_Rural_Vereda_202606.zip,0.09
23419,\shp,23419_Urban_Block_202606.zip,0.01
23419,\shp,23419_Urban_Building_202606.zip,0.02
23419,\shp,23419_Urban_Lot_202606.zip,0.03
23419,\shp,23419_Urban_Neighborhood_202606.zip,0.0
23419,\shp,23419_Urban_Nomenclature_202606.zip,0.01
23419,\shp,23419_Urban_Nomenclature_Road_202606.zip,0.0
23419,\shp,23419_Urban_Perimeter_202606.zip,0.0
23419,\shp,23419_Urban_Sector_202606.zip,0.0
23464,\shp,23464_OSM_Road_202608.zip,0.04
23464,\shp,23464_R1_202607.zip,0.03
23464,\shp,23464_R2_202607.zip,0.06
23464,\shp,23464_Rural_Building_202606.zip,0.19
23464,\shp,23464_Rural_Lot_202606.zip,0.31
23464,\shp,23464_Rural_Nomenclature_202606.zip,0.1
23464,\shp,23464_Rural_Sector_202606.zip,0.03
23464,\shp,23464_Rural_Vereda_202606.zip,0.06
23464,\shp,23464_Urban_Block_202606.zip,0.12
23464,\shp,23464_Urban_Building_202606.zip,0.23
23464,\shp,23464_Urban_Lot_202606.zip,0.25
23464,\shp,23464_Urban_Nomenclature_202606.zip,0.15
23464,\shp,23464_Urban_Nomenclature_Road_202606.zip,0.02
23464,\shp,23464_Urban_Perimeter_202606.zip,0.01
23464,\shp,23464_Urban_Sector_202606.zip,0.01
23466,\shp,23466_OSM_Road_202608.zip,0.28
23466,\shp,23466_R1_202607.zip,0.19
23466,\shp,23466_R2_202607.zip,0.3
23466,\shp,23466_Rural_Building_202606.zip,0.21
23466,\shp,23466_Rural_Lot_202606.zip,1.27
23466,\shp,23466_Rural_Nomenclature_202606.zip,0.05
23466,\shp,23466_Rural_Sector_202606.zip,0.25
23466,\shp,23466_Rural_Vereda_202606.zip,0.43
23466,\shp,23466_Urban_Block_202606.zip,1.04
23466,\shp,23466_Urban_Building_202606.zip,1.9
23466,\shp,23466_Urban_Lot_202606.zip,2.44
23466,\shp,23466_Urban_Neighborhood_202606.zip,0.13
23466,\shp,23466_Urban_Nomenclature_202606.zip,0.9
23466,\shp,23466_Urban_Nomenclature_Road_202606.zip,0.14
23466,\shp,23466_Urban_Perimeter_202606.zip,0.05
23466,\shp,23466_Urban_Sector_202606.zip,0.11
23500,\shp,23500_OSM_Road_202608.zip,0.12
23500,\shp,23500_R1_202607.zip,0.08
23500,\shp,23500_R2_202607.zip,0.1
23500,\shp,23500_Rural_Building_202606.zip,0.05
23500,\shp,23500_Rural_Lot_202606.zip,0.15
23500,\shp,23500_Rural_Nomenclature_202606.zip,0.01
23500,\shp,23500_Rural_Sector_202606.zip,0.01
23500,\shp,23500_Rural_Vereda_202606.zip,0.05
23500,\shp,23500_Urban_Block_202606.zip,0.0
23500,\shp,23500_Urban_Building_202606.zip,0.0
23500,\shp,23500_Urban_Lot_202606.zip,0.01
23500,\shp,23500_Urban_Neighborhood_202606.zip,0.0
23500,\shp,23500_Urban_Nomenclature_202606.zip,0.0
23500,\shp,23500_Urban_Nomenclature_Road_202606.zip,0.0
23500,\shp,23500_Urban_Perimeter_202606.zip,0.0
23500,\shp,23500_Urban_Sector_202606.zip,0.0
23555,\shp,23555_OSM_Road_202608.zip,0.28
23555,\shp,23555_R1_202607.zip,0.24
23555,\shp,23555_R2_202607.zip,0.27
23555,\shp,23555_Rural_Building_202606.zip,0.0
23555,\shp,23555_Rural_Lot_202606.zip,1.17
23555,\shp,23555_Rural_Nomenclature_202606.zip,0.11
23555,\shp,23555_Rural_Sector_202606.zip,0.17
23555,\shp,23555_Rural_Vereda_202606.zip,0.31
23555,\shp,23555_Urban_Block_202606.zip,0.43
23555,\shp,23555_Urban_Building_202606.zip,1.49
23555,\shp,23555_Urban_Lot_202606.zip,1.23
23555,\shp,23555_Urban_Neighborhood_202606.zip,0.02
23555,\shp,23555_Urban_Nomenclature_202606.zip,0.74
23555,\shp,23555_Urban_Nomenclature_Road_202606.zip,0.1
23555,\shp,23555_Urban_Perimeter_202606.zip,0.03
23555,\shp,23555_Urban_Sector_202606.zip,0.03
23570,\shp,23570_OSM_Road_202608.zip,0.21
23570,\shp,23570_R1_202607.zip,0.09
23570,\shp,23570_R2_202607.zip,0.21
23570,\shp,23570_Rural_Building_202606.zip,0.57
23570,\shp,23570_Rural_Lot_202606.zip,1.8
23570,\shp,23570_Rural_Nomenclature_202606.zip,0.23
23570,\shp,23570_Rural_Sector_202606.zip,0.3
23570,\shp,23570_Rural_Vereda_202606.zip,0.59
23570,\shp,23570_Urban_Block_202606.zip,0.19
23570,\shp,23570_Urban_Building_202606.zip,0.55
23570,\shp,23570_Urban_Lot_202606.zip,0.6
23570,\shp,23570_Urban_Nomenclature_202606.zip,0.2
23570,\shp,23570_Urban_Perimeter_202606.zip,0.03
23570,\shp,23570_Urban_Sector_202606.zip,0.11
23574,\shp,23574_OSM_Road_202608.zip,0.1
23574,\shp,23574_R1_202607.zip,0.06
23574,\shp,23574_R2_202607.zip,0.08
23574,\shp,23574_Rural_Building_202606.zip,0.0
23574,\shp,23574_Rural_Lot_202606.zip,0.41
23574,\shp,23574_Rural_Nomenclature_202606.zip,0.02
23574,\shp,23574_Rural_Vereda_202606.zip,0.12
23574,\shp,23574_Urban_Block_202606.zip,0.02
23574,\shp,23574_Urban_Building_202606.zip,0.02
23574,\shp,23574_Urban_Lot_202606.zip,0.03
23574,\shp,23574_Urban_Neighborhood_202606.zip,0.0
23574,\shp,23574_Urban_Nomenclature_202606.zip,0.02
23574,\shp,23574_Urban_Nomenclature_Road_202606.zip,0.0
23574,\shp,23574_Urban_Perimeter_202606.zip,0.0
23574,\shp,23574_Urban_Sector_202606.zip,0.01
23580,\shp,23580_OSM_Road_202608.zip,0.18
23580,\shp,23580_R1_202607.zip,0.08
23580,\shp,23580_R2_202607.zip,0.17
23580,\shp,23580_Rural_Building_202606.zip,0.32
23580,\shp,23580_Rural_Lot_202606.zip,2.39
23580,\shp,23580_Rural_Nomenclature_202606.zip,0.21
23580,\shp,23580_Rural_Sector_202606.zip,0.1
23580,\shp,23580_Rural_Vereda_202606.zip,0.54
23580,\shp,23580_Urban_Block_202606.zip,0.21
23580,\shp,23580_Urban_Building_202606.zip,0.66
23580,\shp,23580_Urban_Lot_202606.zip,0.56
23580,\shp,23580_Urban_Neighborhood_202606.zip,0.02
23580,\shp,23580_Urban_Nomenclature_202606.zip,0.25
23580,\shp,23580_Urban_Nomenclature_Road_202606.zip,0.02
23580,\shp,23580_Urban_Perimeter_202606.zip,0.02
23580,\shp,23580_Urban_Sector_202606.zip,0.02
23586,\shp,23586_OSM_Road_202608.zip,0.05
23586,\shp,23586_R1_202607.zip,0.03
23586,\shp,23586_R2_202607.zip,0.05
23586,\shp,23586_Rural_Building_202606.zip,0.12
23586,\shp,23586_Rural_Lot_202606.zip,0.31
23586,\shp,23586_Rural_Nomenclature_202606.zip,0.07
23586,\shp,23586_Rural_Sector_202606.zip,0.05
23586,\shp,23586_Rural_Vereda_202606.zip,0.08
23586,\shp,23586_Urban_Block_202606.zip,0.11
23586,\shp,23586_Urban_Building_202606.zip,0.28
23586,\shp,23586_Urban_Lot_202606.zip,0.23
23586,\shp,23586_Urban_Nomenclature_202606.zip,0.13
23586,\shp,23586_Urban_Nomenclature_Road_202606.zip,0.02
23586,\shp,23586_Urban_Perimeter_202606.zip,0.01
23586,\shp,23586_Urban_Sector_202606.zip,0.01
23660,\shp,23660_OSM_Road_202608.zip,0.39
23660,\shp,23660_Rural_Lot_202001.zip,1.64
23660,\shp,23660_Urban_Lot_202001.zip,2.01
23670,\shp,23670_OSM_Road_202608.zip,0.08
23670,\shp,23670_R1_202607.zip,0.07
23670,\shp,23670_R2_202607.zip,0.07
23670,\shp,23670_Rural_Building_202606.zip,0.0
23670,\shp,23670_Rural_Lot_202606.zip,0.59
23670,\shp,23670_Rural_Nomenclature_202606.zip,0.03
23670,\shp,23670_Rural_Sector_202606.zip,0.04
23670,\shp,23670_Rural_Vereda_202606.zip,0.14
23670,\shp,23670_Urban_Block_202606.zip,0.08
23670,\shp,23670_Urban_Building_202606.zip,0.24
23670,\shp,23670_Urban_Lot_202606.zip,0.22
23670,\shp,23670_Urban_Nomenclature_202606.zip,0.04
23670,\shp,23670_Urban_Nomenclature_Road_202606.zip,0.02
23670,\shp,23670_Urban_Perimeter_202606.zip,0.01
23670,\shp,23670_Urban_Sector_202606.zip,0.08
23672,\shp,23672_OSM_Road_202608.zip,0.11
23672,\shp,23672_R1_202607.zip,0.09
23672,\shp,23672_R2_202607.zip,0.13
23672,\shp,23672_Rural_Building_202606.zip,0.19
23672,\shp,23672_Rural_Lot_202606.zip,0.55
23672,\shp,23672_Rural_Nomenclature_202606.zip,0.11
23672,\shp,23672_Rural_Sector_202606.zip,0.05
23672,\shp,23672_Rural_Vereda_202606.zip,0.13
23672,\shp,23672_Urban_Block_202606.zip,0.15
23672,\shp,23672_Urban_Building_202606.zip,0.25
23672,\shp,23672_Urban_Lot_202606.zip,0.41
23672,\shp,23672_Urban_Nomenclature_202606.zip,0.17
23672,\shp,23672_Urban_Nomenclature_Road_202606.zip,0.04
23672,\shp,23672_Urban_Perimeter_202606.zip,0.01
23672,\shp,23672_Urban_Sector_202606.zip,0.02
23675,\shp,23675_OSM_Road_202608.zip,0.09
23675,\shp,23675_R1_202607.zip,0.12
23675,\shp,23675_R2_202607.zip,0.14
23675,\shp,23675_Rural_Building_202606.zip,0.0
23675,\shp,23675_Rural_Lot_202606.zip,0.33
23675,\shp,23675_Rural_Nomenclature_202606.zip,0.01
23675,\shp,23675_Rural_Sector_202606.zip,0.01
23675,\shp,23675_Rural_Vereda_202606.zip,0.07
23675,\shp,23675_Urban_Block_202606.zip,0.03
23675,\shp,23675_Urban_Building_202606.zip,0.07
23675,\shp,23675_Urban_Lot_202606.zip,0.06
23675,\shp,23675_Urban_Nomenclature_202606.zip,0.0
23675,\shp,23675_Urban_Nomenclature_Road_202606.zip,0.01
23675,\shp,23675_Urban_Perimeter_202606.zip,0.0
23675,\shp,23675_Urban_Sector_202606.zip,0.0
23678,\shp,23678_OSM_Road_202608.zip,0.14
23678,\shp,23678_R1_202607.zip,0.07
23678,\shp,23678_R2_202607.zip,0.13
23678,\shp,23678_Rural_Building_202606.zip,0.53
23678,\shp,23678_Rural_Lot_202606.zip,1.76
23678,\shp,23678_Rural_Nomenclature_202606.zip,0.02
23678,\shp,23678_Rural_Sector_202606.zip,0.1
23678,\shp,23678_Rural_Vereda_202606.zip,0.35
23678,\shp,23678_Urban_Block_202606.zip,0.08
23678,\shp,23678_Urban_Building_202606.zip,0.21
23678,\shp,23678_Urban_Lot_202606.zip,0.19
23678,\shp,23678_Urban_Nomenclature_202606.zip,0.07
23678,\shp,23678_Urban_Nomenclature_Road_202606.zip,0.02
23678,\shp,23678_Urban_Perimeter_202606.zip,0.01
23678,\shp,23678_Urban_Sector_202606.zip,0.02
23682,\shp,23682_OSM_Road_202608.zip,0.09
23682,\shp,23682_R1_202607.zip,0.04
23682,\shp,23682_R2_202607.zip,0.04
23682,\shp,23682_Rural_Lot_202606.zip,0.29
23682,\shp,23682_Rural_Nomenclature_202606.zip,0.01
23682,\shp,23682_Rural_Sector_202606.zip,0.04
23682,\shp,23682_Rural_Vereda_202606.zip,0.11
23682,\shp,23682_Urban_Block_202606.zip,0.07
23682,\shp,23682_Urban_Building_202606.zip,0.19
23682,\shp,23682_Urban_Lot_202606.zip,0.16
23682,\shp,23682_Urban_Nomenclature_202606.zip,0.09
23682,\shp,23682_Urban_Nomenclature_Road_202606.zip,0.02
23682,\shp,23682_Urban_Perimeter_202606.zip,0.01
23682,\shp,23682_Urban_Sector_202606.zip,0.01
23686,\shp,23686_OSM_Road_202608.zip,0.14
23686,\shp,23686_R1_202607.zip,0.15
23686,\shp,23686_R2_202607.zip,0.18
23686,\shp,23686_Rural_Building_202606.zip,0.0
23686,\shp,23686_Rural_Lot_202606.zip,1.05
23686,\shp,23686_Rural_Nomenclature_202606.zip,0.08
23686,\shp,23686_Rural_Sector_202606.zip,0.08
23686,\shp,23686_Rural_Vereda_202606.zip,0.22
23686,\shp,23686_Urban_Block_202606.zip,0.16
23686,\shp,23686_Urban_Building_202606.zip,0.31
23686,\shp,23686_Urban_Lot_202606.zip,0.44
23686,\shp,23686_Urban_Nomenclature_202606.zip,0.12
23686,\shp,23686_Urban_Nomenclature_Road_202606.zip,0.04
23686,\shp,23686_Urban_Perimeter_202606.zip,0.02
23686,\shp,23686_Urban_Sector_202606.zip,0.02
23807,\shp,23807_OSM_Road_202608.zip,0.35
23807,\shp,23807_R1_202607.zip,0.18
23807,\shp,23807_R2_202607.zip,0.3
23807,\shp,23807_Rural_Building_202606.zip,0.57
23807,\shp,23807_Rural_Lot_202606.zip,2.79
23807,\shp,23807_Rural_Nomenclature_202606.zip,0.03
23807,\shp,23807_Rural_Sector_202606.zip,0.41
23807,\shp,23807_Rural_Vereda_202606.zip,1.1
23807,\shp,23807_Urban_Block_202606.zip,0.76
23807,\shp,23807_Urban_Building_202606.zip,1.43
23807,\shp,23807_Urban_Lot_202606.zip,1.68
23807,\shp,23807_Urban_Nomenclature_202606.zip,0.69
23807,\shp,23807_Urban_Nomenclature_Road_202606.zip,0.1
23807,\shp,23807_Urban_Perimeter_202606.zip,0.12
23807,\shp,23807_Urban_Sector_202606.zip,0.14
23815,\shp,23815_OSM_Road_202608.zip,0.05
23815,\shp,23815_R1_202607.zip,0.06
23815,\shp,23815_R2_202607.zip,0.06
23815,\shp,23815_Rural_Building_202606.zip,0.0
23815,\shp,23815_Rural_Lot_202606.zip,0.32
23815,\shp,23815_Rural_Nomenclature_202606.zip,0.0
23815,\shp,23815_Rural_Sector_202606.zip,0.03
23815,\shp,23815_Rural_Vereda_202606.zip,0.06
23815,\shp,23815_Urban_Block_202606.zip,0.07
23815,\shp,23815_Urban_Building_202606.zip,0.17
23815,\shp,23815_Urban_Lot_202606.zip,0.15
23815,\shp,23815_Urban_Nomenclature_202606.zip,0.07
23815,\shp,23815_Urban_Nomenclature_Road_202606.zip,0.01
23815,\shp,23815_Urban_Perimeter_202606.zip,0.01
23815,\shp,23815_Urban_Sector_202606.zip,0.01
23855,\shp,23855_OSM_Road_202608.zip,0.27
23855,\shp,23855_R1_202607.zip,0.08
23855,\shp,23855_R2_202607.zip,0.15
23855,\shp,23855_Rural_Building_202606.zip,0.26
23855,\shp,23855_Rural_Lot_202606.zip,2.44
23855,\shp,23855_Rural_Nomenclature_202606.zip,0.0
23855,\shp,23855_Rural_Sector_202606.zip,0.09
23855,\shp,23855_Rural_Vereda_202606.zip,0.52
23855,\shp,23855_Urban_Block_202606.zip,0.23
23855,\shp,23855_Urban_Building_202606.zip,0.56
23855,\shp,23855_Urban_Lot_202606.zip,0.55
23855,\shp,23855_Urban_Nomenclature_202606.zip,0.25
23855,\shp,23855_Urban_Nomenclature_Road_202606.zip,0.06
23855,\shp,23855_Urban_Perimeter_202606.zip,0.02
23855,\shp,23855_Urban_Sector_202606.zip,0.02
25001,\shp,25001_OSM_Road_202608.zip,0.09
25001,\shp,25001_R1_202607.zip,0.08
25001,\shp,25001_R2_202607.zip,0.11
25001,\shp,25001_Rural_Building_202606.zip,0.21
25001,\shp,25001_Rural_Lot_202606.zip,0.57
25001,\shp,25001_Rural_Nomenclature_202606.zip,0.1
25001,\shp,25001_Rural_Vereda_202606.zip,0.08
25001,\shp,25001_Urban_Block_202606.zip,0.21
25001,\shp,25001_Urban_Building_202606.zip,0.6
25001,\shp,25001_Urban_Lot_202606.zip,1.03
25001,\shp,25001_Urban_Nomenclature_202606.zip,0.24
25001,\shp,25001_Urban_Sector_202606.zip,0.01
25019,\shp,25019_Building_202306.zip,0.07
25019,\shp,25019_Lot_202306.zip,0.64
25019,\shp,25019_OSM_Road_202608.zip,0.09
25035,\shp,25035_Building_202306.zip,1.53
25035,\shp,25035_Lot_202306.zip,2.97
25035,\shp,25035_OSM_Road_202608.zip,0.27
25040,\shp,25040_Building_202306.zip,0.34
25040,\shp,25040_Lot_202306.zip,2.07
25040,\shp,25040_OSM_Road_202608.zip,0.18
25053,\shp,25053_Building_202306.zip,0.2
25053,\shp,25053_Lot_202306.zip,1.27
25053,\shp,25053_OSM_Road_202608.zip,0.14
25086,\shp,25086_OSM_Road_202608.zip,0.04
25086,\shp,25086_R1_202607.zip,0.02
25086,\shp,25086_R2_202607.zip,0.02
25086,\shp,25086_Rural_Building_202606.zip,0.0
25086,\shp,25086_Rural_Lot_202606.zip,0.17
25086,\shp,25086_Rural_Nomenclature_202606.zip,0.01
25086,\shp,25086_Rural_Sector_202606.zip,0.05
25086,\shp,25086_Rural_Vereda_202606.zip,0.07
25086,\shp,25086_Urban_Block_202606.zip,0.06
25086,\shp,25086_Urban_Building_202606.zip,0.04
25086,\shp,25086_Urban_Lot_202606.zip,0.08
25086,\shp,25086_Urban_Neighborhood_202606.zip,0.01
25086,\shp,25086_Urban_Nomenclature_202606.zip,0.01
25086,\shp,25086_Urban_Nomenclature_Road_202606.zip,0.0
25086,\shp,25086_Urban_Perimeter_202606.zip,0.01
25086,\shp,25086_Urban_Sector_202606.zip,0.01
25095,\shp,25095_Building_202306.zip,0.04
25095,\shp,25095_Lot_202306.zip,0.79
25095,\shp,25095_OSM_Road_202608.zip,0.07
25099,\shp,25099_OSM_Road_202608.zip,0.11
25099,\shp,25099_R1_202607.zip,0.05
25099,\shp,25099_R2_202607.zip,0.05
25099,\shp,25099_Rural_Building_202606.zip,0.01
25099,\shp,25099_Rural_Lot_202606.zip,0.57
25099,\shp,25099_Rural_Nomenclature_202606.zip,0.0
25099,\shp,25099_Rural_Sector_202606.zip,0.04
25099,\shp,25099_Rural_Vereda_202606.zip,0.09
25099,\shp,25099_Urban_Block_202606.zip,0.09
25099,\shp,25099_Urban_Building_202606.zip,0.26
25099,\shp,25099_Urban_Lot_202606.zip,0.25
25099,\shp,25099_Urban_Neighborhood_202606.zip,0.02
25099,\shp,25099_Urban_Nomenclature_202606.zip,0.16
25099,\shp,25099_Urban_Nomenclature_Road_202606.zip,0.03
25099,\shp,25099_Urban_Perimeter_202606.zip,0.02
25099,\shp,25099_Urban_Sector_202606.zip,0.02
25120,\shp,25120_OSM_Road_202608.zip,0.09
25120,\shp,25120_R1_202607.zip,0.03
25120,\shp,25120_R2_202607.zip,0.07
25120,\shp,25120_Rural_Building_202606.zip,0.25
25120,\shp,25120_Rural_Lot_202606.zip,1.09
25120,\shp,25120_Rural_Nomenclature_202606.zip,0.0
25120,\shp,25120_Rural_Sector_202606.zip,0.07
25120,\shp,25120_Rural_Vereda_202606.zip,0.13
25120,\shp,25120_Urban_Block_202606.zip,0.03
25120,\shp,25120_Urban_Building_202606.zip,0.04
25120,\shp,25120_Urban_Lot_202606.zip,0.05
25120,\shp,25120_Urban_Nomenclature_202606.zip,0.0
25120,\shp,25120_Urban_Nomenclature_Road_202606.zip,0.01
25120,\shp,25120_Urban_Perimeter_202606.zip,0.01
25120,\shp,25120_Urban_Sector_202606.zip,0.01
25123,\shp,25123_Building_202306.zip,1.28
25123,\shp,25123_Lot_202306.zip,1.2
25123,\shp,25123_OSM_Road_202608.zip,0.13
25126,\shp,25126_OSM_Road_202608.zip,0.35
25126,\shp,25126_Rural_Lot_202001.zip,1.2
25126,\shp,25126_Urban_Lot_202001.zip,0.74
25148,\shp,25148_OSM_Road_202608.zip,0.27
25148,\shp,25148_R1_202607.zip,0.1
25148,\shp,25148_R2_202607.zip,0.11
25148,\shp,25148_Rural_Lot_202606.zip,5.44
25148,\shp,25148_Rural_Nomenclature_202606.zip,0.0
25148,\shp,25148_Rural_Sector_202606.zip,0.5
25148,\shp,25148_Rural_Vereda_202606.zip,1.32
25148,\shp,25148_Urban_Block_202606.zip,0.08
25148,\shp,25148_Urban_Building_202606.zip,0.15
25148,\shp,25148_Urban_Lot_202606.zip,0.19
25148,\shp,25148_Urban_Neighborhood_202606.zip,0.02
25148,\shp,25148_Urban_Nomenclature_202606.zip,0.0
25148,\shp,25148_Urban_Nomenclature_Road_202606.zip,0.01
25148,\shp,25148_Urban_Perimeter_202606.zip,0.02
25148,\shp,25148_Urban_Sector_202606.zip,0.02
25151,\shp,25151_Building_202306.zip,0.37
25151,\shp,25151_Lot_202306.zip,3.15
25151,\shp,25151_OSM_Road_202608.zip,0.22
25154,\shp,25154_Building_202306.zip,0.1
25154,\shp,25154_Lot_202306.zip,2.42
25154,\shp,25154_OSM_Road_202608.zip,0.15
25168,\shp,25168_Building_202306.zip,0.54
25168,\shp,25168_Lot_202306.zip,2.42
25168,\shp,25168_OSM_Road_202608.zip,0.1
25175,\shp,25175_OSM_Road_202608.zip,0.67
25175,\shp,25175_R1_202607.zip,0.73
25175,\shp,25175_R2_202607.zip,0.8
25175,\shp,25175_Rural_Building_202606.zip,0.01
25175,\shp,25175_Rural_Lot_202606.zip,0.16
25175,\shp,25175_Rural_Nomenclature_202606.zip,0.01
25175,\shp,25175_Rural_Vereda_202606.zip,0.09
25175,\shp,25175_Urban_Block_202606.zip,0.03
25175,\shp,25175_Urban_Building_202606.zip,0.03
25175,\shp,25175_Urban_Lot_202606.zip,0.02
25175,\shp,25175_Urban_Nomenclature_202606.zip,0.94
25178,\shp,25178_Building_202306.zip,0.11
25178,\shp,25178_Lot_202306.zip,1.72
25178,\shp,25178_OSM_Road_202608.zip,0.2
25181,\shp,25181_OSM_Road_202608.zip,0.25
25181,\shp,25181_R1_202607.zip,0.14
25181,\shp,25181_R2_202607.zip,0.17
25181,\shp,25181_Rural_Building_202606.zip,0.02
25181,\shp,25181_Rural_Lot_202606.zip,1.67
25181,\shp,25181_Rural_Nomenclature_202606.zip,0.01
25181,\shp,25181_Rural_Sector_202606.zip,0.05
25181,\shp,25181_Rural_Vereda_202606.zip,0.27
25181,\shp,25181_Urban_Block_202606.zip,0.07
25181,\shp,25181_Urban_Building_202606.zip,0.2
25181,\shp,25181_Urban_Lot_202606.zip,0.24
25181,\shp,25181_Urban_Neighborhood_202606.zip,0.01
25181,\shp,25181_Urban_Nomenclature_202606.zip,0.13
25181,\shp,25181_Urban_Nomenclature_Road_202606.zip,0.01
25181,\shp,25181_Urban_Perimeter_202606.zip,0.01
25181,\shp,25181_Urban_Sector_202606.zip,0.01
25183,\shp,25183_OSM_Road_202608.zip,0.32
25183,\shp,25183_R1_202607.zip,0.15
25183,\shp,25183_R2_202607.zip,0.22
25183,\shp,25183_Rural_Building_202606.zip,0.6
25183,\shp,25183_Rural_Lot_202606.zip,5.92
25183,\shp,25183_Rural_Nomenclature_202606.zip,0.49
25183,\shp,25183_Rural_Sector_202606.zip,0.23
25183,\shp,25183_Rural_Vereda_202606.zip,0.62
25183,\shp,25183_Urban_Block_202606.zip,0.1
25183,\shp,25183_Urban_Building_202606.zip,0.35
25183,\shp,25183_Urban_Lot_202606.zip,0.47
25183,\shp,25183_Urban_Nomenclature_202606.zip,0.17
25183,\shp,25183_Urban_Perimeter_202606.zip,0.01
25183,\shp,25183_Urban_Sector_202606.zip,0.01
25200,\shp,25200_Building_202306.zip,0.45
25200,\shp,25200_Lot_202306.zip,2.15
25200,\shp,25200_OSM_Road_202608.zip,0.25
25214,\shp,25214_OSM_Road_202608.zip,0.25
25214,\shp,25214_Rural_Lot_202001.zip,0.54
25224,\shp,25224_Building_202306.zip,0.03
25224,\shp,25224_OSM_Road_202608.zip,0.14
25224,\shp,25224_Rural_Lot_202001.zip,0.87
25224,\shp,25224_Urban_Lot_202001.zip,0.08
25245,\shp,25245_Building_202306.zip,1.01
25245,\shp,25245_Lot_202306.zip,3.09
25245,\shp,25245_OSM_Road_202608.zip,0.29
25245,\shp,25245_Urban_Carto1000k_202109.gdb.zip,9.71
25258,\shp,25258_Building_202306.zip,0.06
25258,\shp,25258_Lot_202306.zip,1.01
25258,\shp,25258_OSM_Road_202608.zip,0.08
25260,\shp,25260_Building_202306.zip,0.39
25260,\shp,25260_Lot_202306.zip,0.96
25260,\shp,25260_OSM_Road_202608.zip,0.13
25269,\shp,25269_Building_202306.zip,5.82
25269,\shp,25269_Lot_202306.zip,5.3
25269,\shp,25269_OSM_Road_202608.zip,0.31
25279,\shp,25279_OSM_Road_202608.zip,0.23
25279,\shp,25279_Rural_Lot_202001.zip,2.7
25279,\shp,25279_Urban_Lot_202001.zip,0.2
25281,\shp,25281_Building_202306.zip,0.08
25281,\shp,25281_Lot_202306.zip,1.02
25281,\shp,25281_OSM_Road_202608.zip,0.11
25286,\shp,25286_OSM_Road_202608.zip,0.2
25286,\shp,25286_R1_202607.zip,0.37
25286,\shp,25286_R2_202607.zip,0.38
25286,\shp,25286_Rural_Building_202606.zip,0.25
25286,\shp,25286_Rural_Lot_202606.zip,0.38
25286,\shp,25286_Rural_Nomenclature_202606.zip,0.0
25286,\shp,25286_Rural_Sector_202606.zip,0.06
25286,\shp,25286_Rural_Vereda_202606.zip,0.05
25286,\shp,25286_Urban_Block_202606.zip,0.4
25286,\shp,25286_Urban_Building_202606.zip,2.63
25286,\shp,25286_Urban_Lot_202606.zip,1.36
25286,\shp,25286_Urban_Neighborhood_202606.zip,0.02
25286,\shp,25286_Urban_Nomenclature_202606.zip,0.7
25286,\shp,25286_Urban_Nomenclature_Road_202606.zip,0.05
25286,\shp,25286_Urban_Perimeter_202606.zip,0.02
25286,\shp,25286_Urban_Sector_202606.zip,0.02
25288,\shp,25288_Building_202306.zip,0.04
25288,\shp,25288_Lot_202306.zip,1.34
25288,\shp,25288_OSM_Road_202608.zip,0.11
25290,\shp,25290_Lot_202407.zip,8.54
25290,\shp,25290_OSM_Road_202608.zip,0.59
25293,\shp,25293_Building_202306.zip,0.14
25293,\shp,25293_Lot_202306.zip,2.79
25293,\shp,25293_OSM_Road_202608.zip,0.14
25295,\shp,25295_OSM_Road_202608.zip,0.09
25295,\shp,25295_R1_202607.zip,0.06
25295,\shp,25295_R2_202607.zip,0.1
25295,\shp,25295_Rural_Building_202606.zip,0.27
25295,\shp,25295_Rural_Lot_202606.zip,0.53
25295,\shp,25295_Rural_Nomenclature_202606.zip,0.0
25295,\shp,25295_Rural_Sector_202606.zip,0.02
25295,\shp,25295_Rural_Vereda_202606.zip,0.05
25295,\shp,25295_Urban_Block_202606.zip,0.07
25295,\shp,25295_Urban_Building_202606.zip,0.27
25295,\shp,25295_Urban_Lot_202606.zip,0.21
25295,\shp,25295_Urban_Nomenclature_202606.zip,0.06
25295,\shp,25295_Urban_Nomenclature_Road_202606.zip,0.01
25295,\shp,25295_Urban_Perimeter_202606.zip,0.01
25295,\shp,25295_Urban_Sector_202606.zip,0.01
25297,\shp,25297_Building_202306.zip,0.98
25297,\shp,25297_OSM_Road_202608.zip,0.12
25297,\shp,25297_Rural_Lot_202001.zip,4.16
25297,\shp,25297_Urban_Lot_202001.zip,0.21
25299,\shp,25299_Building_202306.zip,0.02
25299,\shp,25299_Lot_202306.zip,1.37
25299,\shp,25299_OSM_Road_202608.zip,0.07
25307,\shp,25307_OSM_Road_202608.zip,0.33
25307,\shp,25307_Rural_Lot_202001.zip,0.7
25307,\shp,25307_Urban_Lot_202001.zip,4.4
25312,\shp,25312_Building_202306.zip,0.11
25312,\shp,25312_Lot_202306.zip,0.66
25312,\shp,25312_OSM_Road_202608.zip,0.1
25317,\shp,25317_Building_202306.zip,0.2
25317,\shp,25317_Lot_202306.zip,1.76
25317,\shp,25317_OSM_Road_202608.zip,0.14
25320,\shp,25320_Building_202306.zip,1.33
25320,\shp,25320_Lot_202306.zip,4.82
25320,\shp,25320_OSM_Road_202608.zip,0.39
25322,\shp,25322_OSM_Road_202608.zip,0.35
25322,\shp,25322_R1_202607.zip,0.11
25322,\shp,25322_R2_202607.zip,0.12
25322,\shp,25322_Rural_Building_202606.zip,0.01
25322,\shp,25322_Rural_Lot_202606.zip,2.03
25322,\shp,25322_Rural_Nomenclature_202606.zip,0.01
25322,\shp,25322_Rural_Sector_202606.zip,0.09
25322,\shp,25322_Rural_Vereda_202606.zip,0.32
25322,\shp,25322_Urban_Block_202606.zip,0.05
25322,\shp,25322_Urban_Building_202606.zip,0.18
25322,\shp,25322_Urban_Lot_202606.zip,0.25
25322,\shp,25322_Urban_Neighborhood_202606.zip,0.01
25322,\shp,25322_Urban_Nomenclature_202606.zip,0.01
25322,\shp,25322_Urban_Nomenclature_Road_202606.zip,0.0
25322,\shp,25322_Urban_Perimeter_202606.zip,0.01
25322,\shp,25322_Urban_Sector_202606.zip,0.01
25324,\shp,25324_OSM_Road_202608.zip,0.02
25324,\shp,25324_R1_202607.zip,0.02
25324,\shp,25324_R2_202607.zip,0.02
25324,\shp,25324_Rural_Lot_202606.zip,0.23
25324,\shp,25324_Rural_Nomenclature_202606.zip,0.01
25324,\shp,25324_Rural_Sector_202606.zip,0.05
25324,\shp,25324_Rural_Vereda_202606.zip,0.07
25324,\shp,25324_Urban_Block_202606.zip,0.05
25324,\shp,25324_Urban_Building_202606.zip,0.08
25324,\shp,25324_Urban_Lot_202606.zip,0.12
25324,\shp,25324_Urban_Neighborhood_202606.zip,0.01
25324,\shp,25324_Urban_Nomenclature_202606.zip,0.03
25324,\shp,25324_Urban_Perimeter_202606.zip,0.01
25324,\shp,25324_Urban_Sector_202606.zip,0.01
25326,\shp,25326_Building_202306.zip,0.12
25326,\shp,25326_Lot_202306.zip,1.72
25326,\shp,25326_OSM_Road_202608.zip,0.27
25328,\shp,25328_Building_202306.zip,0.49
25328,\shp,25328_Lot_202306.zip,1.17
25328,\shp,25328_OSM_Road_202608.zip,0.07
25335,\shp,25335_Building_202306.zip,0.07
25335,\shp,25335_Lot_202306.zip,1.67
25335,\shp,25335_OSM_Road_202608.zip,0.11
25339,\shp,25339_OSM_Road_202608.zip,0.07
25339,\shp,25339_R1_202607.zip,0.04
25339,\shp,25339_R2_202607.zip,0.03
25339,\shp,25339_Rural_Building_202606.zip,0.0
25339,\shp,25339_Rural_Lot_202606.zip,1.76
25339,\shp,25339_Rural_Nomenclature_202606.zip,0.0
25339,\shp,25339_Rural_Sector_202606.zip,0.13
25339,\shp,25339_Rural_Vereda_202606.zip,0.36
25339,\shp,25339_Urban_Block_202606.zip,0.02
25339,\shp,25339_Urban_Building_202606.zip,0.06
25339,\shp,25339_Urban_Lot_202606.zip,0.06
25339,\shp,25339_Urban_Neighborhood_202606.zip,0.01
25339,\shp,25339_Urban_Nomenclature_202606.zip,0.02
25339,\shp,25339_Urban_Perimeter_202606.zip,0.01
25339,\shp,25339_Urban_Sector_202606.zip,0.01
25368,\shp,25368_Building_202306.zip,0.06
25368,\shp,25368_Lot_202306.zip,0.66
25368,\shp,25368_OSM_Road_202608.zip,0.07
25372,\shp,25372_Building_202306.zip,0.1
25372,\shp,25372_Lot_202306.zip,3.48
25372,\shp,25372_OSM_Road_202608.zip,0.17
25377,\shp,25377_OSM_Road_202608.zip,0.6
25377,\shp,25377_R1_202607.zip,0.25
25377,\shp,25377_R2_202607.zip,0.32
25377,\shp,25377_Rural_Building_202606.zip,1.26
25377,\shp,25377_Rural_Lot_202606.zip,6.19
25377,\shp,25377_Rural_Sector_202606.zip,0.18
25377,\shp,25377_Rural_Vereda_202606.zip,1.0
25377,\shp,25377_Urban_Block_202606.zip,0.15
25377,\shp,25377_Urban_Building_202606.zip,0.77
25377,\shp,25377_Urban_Lot_202606.zip,0.58
25377,\shp,25377_Urban_Neighborhood_202606.zip,0.01
25377,\shp,25377_Urban_Nomenclature_202606.zip,0.23
25377,\shp,25377_Urban_Perimeter_202606.zip,0.01
25377,\shp,25377_Urban_Sector_202606.zip,0.01
25386,\shp,25386_Building_202306.zip,5.03
25386,\shp,25386_Lot_202306.zip,4.18
25386,\shp,25386_OSM_Road_202608.zip,0.39
25394,\shp,25394_Building_202306.zip,0.91
25394,\shp,25394_Lot_202306.zip,2.54
25394,\shp,25394_OSM_Road_202608.zip,0.09
25398,\shp,25398_OSM_Road_202608.zip,0.1
25398,\shp,25398_Rural_Lot_202001.zip,0.93
25398,\shp,25398_Urban_Lot_202001.zip,0.04
25402,\shp,25402_OSM_Road_202608.zip,0.3
25402,\shp,25402_R1_202607.zip,0.15
25402,\shp,25402_R2_202607.zip,0.19
25402,\shp,25402_Rural_Building_202606.zip,1.01
25402,\shp,25402_Rural_Lot_202606.zip,2.24
25402,\shp,25402_Rural_Nomenclature_202606.zip,0.01
25402,\shp,25402_Rural_Sector_202606.zip,0.2
25402,\shp,25402_Rural_Vereda_202606.zip,0.37
25402,\shp,25402_Urban_Block_202606.zip,0.11
25402,\shp,25402_Urban_Building_202606.zip,0.5
25402,\shp,25402_Urban_Lot_202606.zip,0.35
25402,\shp,25402_Urban_Neighborhood_202606.zip,0.02
25402,\shp,25402_Urban_Nomenclature_202606.zip,0.13
25402,\shp,25402_Urban_Nomenclature_Road_202606.zip,0.02
25402,\shp,25402_Urban_Perimeter_202606.zip,0.02
25402,\shp,25402_Urban_Sector_202606.zip,0.02
25407,\shp,25407_Building_202306.zip,0.15
25407,\shp,25407_Lot_202306.zip,1.32
25407,\shp,25407_OSM_Road_202608.zip,0.23
25426,\shp,25426_OSM_Road_202608.zip,0.18
25426,\shp,25426_R1_202607.zip,0.11
25426,\shp,25426_R2_202607.zip,0.11
25426,\shp,25426_Rural_Building_202606.zip,0.0
25426,\shp,25426_Rural_Lot_202606.zip,1.58
25426,\shp,25426_Rural_Nomenclature_202606.zip,0.01
25426,\shp,25426_Rural_Sector_202606.zip,0.06
25426,\shp,25426_Rural_Vereda_202606.zip,0.15
25426,\shp,25426_Urban_Block_202606.zip,0.05
25426,\shp,25426_Urban_Building_202606.zip,0.08
25426,\shp,25426_Urban_Lot_202606.zip,0.13
25426,\shp,25426_Urban_Nomenclature_202606.zip,0.0
25426,\shp,25426_Urban_Perimeter_202606.zip,0.01
25426,\shp,25426_Urban_Sector_202606.zip,0.01
25430,\shp,25430_OSM_Road_202608.zip,0.3
25430,\shp,25430_R1_202607.zip,0.6
25430,\shp,25430_R2_202607.zip,0.52
25430,\shp,25430_Rural_Building_202606.zip,0.28
25430,\shp,25430_Rural_Lot_202606.zip,0.51
25430,\shp,25430_Rural_Nomenclature_202606.zip,0.07
25430,\shp,25430_Rural_Sector_202606.zip,0.08
25430,\shp,25430_Rural_Vereda_202606.zip,0.14
25430,\shp,25430_Urban_Block_202606.zip,0.1
25430,\shp,25430_Urban_Building_202606.zip,0.79
25430,\shp,25430_Urban_Lot_202606.zip,0.44
25430,\shp,25430_Urban_Neighborhood_202606.zip,0.01
25430,\shp,25430_Urban_Nomenclature_202606.zip,0.17
25430,\shp,25430_Urban_Nomenclature_Road_202606.zip,0.01
25430,\shp,25430_Urban_Perimeter_202606.zip,0.01
25430,\shp,25430_Urban_Sector_202606.zip,0.01
25436,\shp,25436_Building_202306.zip,0.08
25436,\shp,25436_Lot_202306.zip,2.08
25436,\shp,25436_OSM_Road_202608.zip,0.09
25438,\shp,25438_Building_202306.zip,0.27
25438,\shp,25438_Lot_202306.zip,2.23
25438,\shp,25438_OSM_Road_202608.zip,0.1
25473,\shp,25473_OSM_Road_202608.zip,0.33
25473,\shp,25473_R1_202607.zip,0.6
25473,\shp,25473_R2_202607.zip,0.49
25473,\shp,25473_Rural_Building_202606.zip,0.24
25473,\shp,25473_Rural_Lot_202606.zip,0.29
25473,\shp,25473_Rural_Nomenclature_202606.zip,0.0
25473,\shp,25473_Rural_Sector_202606.zip,0.05
25473,\shp,25473_Rural_Vereda_202606.zip,0.07
25473,\shp,25473_Urban_Block_202606.zip,0.77
25473,\shp,25473_Urban_Building_202606.zip,3.66
25473,\shp,25473_Urban_Lot_202606.zip,3.1
25473,\shp,25473_Urban_Nomenclature_202606.zip,0.0
25473,\shp,25473_Urban_Sector_202606.zip,0.02
25483,\shp,25483_Building_202306.zip,0.13
25483,\shp,25483_Lot_202306.zip,0.5
25483,\shp,25483_OSM_Road_202608.zip,0.03
25486,\shp,25486_Building_202306.zip,0.3
25486,\shp,25486_Lot_202306.zip,0.94
25486,\shp,25486_OSM_Road_202608.zip,0.14
25488,\shp,25488_OSM_Road_202608.zip,0.17
25488,\shp,25488_R1_202607.zip,0.06
25488,\shp,25488_R2_202607.zip,0.07
25488,\shp,25488_Rural_Building_202606.zip,0.02
25488,\shp,25488_Rural_Lot_202606.zip,0.62
25488,\shp,25488_Rural_Nomenclature_202606.zip,0.0
25488,\shp,25488_Rural_Sector_202606.zip,0.06
25488,\shp,25488_Rural_Vereda_202606.zip,0.1
25488,\shp,25488_Urban_Block_202606.zip,0.01
25488,\shp,25488_Urban_Building_202606.zip,0.01
25488,\shp,25488_Urban_Lot_202606.zip,0.01
25488,\shp,25488_Urban_Neighborhood_202606.zip,0.0
25488,\shp,25488_Urban_Nomenclature_202606.zip,0.01
25488,\shp,25488_Urban_Nomenclature_Road_202606.zip,0.0
25488,\shp,25488_Urban_Perimeter_202606.zip,0.0
25488,\shp,25488_Urban_Sector_202606.zip,0.0
25489,\shp,25489_Building_202306.zip,0.46
25489,\shp,25489_Lot_202306.zip,2.71
25489,\shp,25489_OSM_Road_202608.zip,0.07
25491,\shp,25491_Building_202306.zip,0.08
25491,\shp,25491_Lot_202306.zip,0.64
25491,\shp,25491_OSM_Road_202608.zip,0.16
25506,\shp,25506_Building_202306.zip,0.08
25506,\shp,25506_Lot_202306.zip,0.65
25506,\shp,25506_OSM_Road_202608.zip,0.05
25513,\shp,25513_OSM_Road_202608.zip,0.28
25513,\shp,25513_R1_202607.zip,0.22
25513,\shp,25513_R2_202607.zip,0.24
25513,\shp,25513_Rural_Building_202606.zip,0.0
25513,\shp,25513_Rural_Lot_202606.zip,2.35
25513,\shp,25513_Rural_Nomenclature_202606.zip,0.0
25513,\shp,25513_Rural_Sector_202606.zip,0.18
25513,\shp,25513_Rural_Vereda_202606.zip,0.47
25513,\shp,25513_Urban_Block_202606.zip,0.28
25513,\shp,25513_Urban_Building_202606.zip,0.8
25513,\shp,25513_Urban_Lot_202606.zip,0.89
25513,\shp,25513_Urban_Nomenclature_202606.zip,0.07
25513,\shp,25513_Urban_Perimeter_202606.zip,0.02
25513,\shp,25513_Urban_Sector_202606.zip,0.02
25518,\shp,25518_Building_202306.zip,0.06
25518,\shp,25518_Lot_202306.zip,1.55
25518,\shp,25518_OSM_Road_202608.zip,0.09
25524,\shp,25524_Building_202306.zip,0.07
25524,\shp,25524_Lot_202306.zip,0.61
25524,\shp,25524_OSM_Road_202608.zip,0.08
25530,\shp,25530_Building_202306.zip,0.14
25530,\shp,25530_Lot_202306.zip,1.01
25530,\shp,25530_OSM_Road_202608.zip,0.12
25535,\shp,25535_Building_202306.zip,0.1
25535,\shp,25535_Lot_202306.zip,1.59
25535,\shp,25535_OSM_Road_202608.zip,0.13
25572,\shp,25572_OSM_Road_202608.zip,0.14
25572,\shp,25572_R1_202607.zip,0.08
25572,\shp,25572_R2_202607.zip,0.09
25572,\shp,25572_Rural_Building_202606.zip,0.01
25572,\shp,25572_Rural_Lot_202606.zip,0.54
25572,\shp,25572_Rural_Nomenclature_202606.zip,0.0
25572,\shp,25572_Rural_Sector_202606.zip,0.07
25572,\shp,25572_Rural_Vereda_202606.zip,0.1
25572,\shp,25572_Urban_Block_202606.zip,0.02
25572,\shp,25572_Urban_Building_202606.zip,0.06
25572,\shp,25572_Urban_Lot_202606.zip,0.05
25572,\shp,25572_Urban_Neighborhood_202606.zip,0.01
25572,\shp,25572_Urban_Nomenclature_202606.zip,0.03
25572,\shp,25572_Urban_Nomenclature_Road_202606.zip,0.01
25572,\shp,25572_Urban_Perimeter_202606.zip,0.01
25572,\shp,25572_Urban_Sector_202606.zip,0.01
25580,\shp,25580_Building_202306.zip,0.05
25580,\shp,25580_Lot_202306.zip,0.84
25580,\shp,25580_OSM_Road_202608.zip,0.1
25592,\shp,25592_Building_202306.zip,0.71
25592,\shp,25592_Lot_202306.zip,2.4
25592,\shp,25592_OSM_Road_202608.zip,0.09
25594,\shp,25594_Building_202306.zip,0.07
25594,\shp,25594_Lot_202306.zip,2.16
25594,\shp,25594_OSM_Road_202608.zip,0.17
25596,\shp,25596_Building_202306.zip,0.09
25596,\shp,25596_Lot_202306.zip,1.16
25596,\shp,25596_OSM_Road_202608.zip,0.13
25599,\shp,25599_Building_202306.zip,1.54
25599,\shp,25599_Lot_202306.zip,2.05
25599,\shp,25599_OSM_Road_202608.zip,0.16
25612,\shp,25612_OSM_Road_202608.zip,0.17
25612,\shp,25612_R1_202607.zip,0.28
25612,\shp,25612_R2_202607.zip,0.25
25612,\shp,25612_Rural_Building_202606.zip,0.01
25612,\shp,25612_Rural_Lot_202606.zip,0.83
25612,\shp,25612_Rural_Nomenclature_202606.zip,0.01
25612,\shp,25612_Rural_Sector_202606.zip,0.04
25612,\shp,25612_Rural_Vereda_202606.zip,0.1
25612,\shp,25612_Urban_Block_202606.zip,0.12
25612,\shp,25612_Urban_Building_202606.zip,1.57
25612,\shp,25612_Urban_Lot_202606.zip,1.13
25612,\shp,25612_Urban_Nomenclature_202606.zip,0.34
25612,\shp,25612_Urban_Nomenclature_Road_202606.zip,0.03
25645,\shp,25645_Building_202306.zip,0.1
25645,\shp,25645_Lot_202306.zip,1.24
25645,\shp,25645_OSM_Road_202608.zip,0.2
25649,\shp,25649_OSM_Road_202608.zip,0.1
25649,\shp,25649_R1_202607.zip,0.07
25649,\shp,25649_R2_202607.zip,0.07
25649,\shp,25649_Rural_Building_202606.zip,0.0
25649,\shp,25649_Rural_Lot_202606.zip,0.78
25649,\shp,25649_Rural_Nomenclature_202606.zip,0.0
25649,\shp,25649_Rural_Sector_202606.zip,0.07
25649,\shp,25649_Rural_Vereda_202606.zip,0.1
25649,\shp,25649_Urban_Block_202606.zip,0.07
25649,\shp,25649_Urban_Building_202606.zip,0.13
25649,\shp,25649_Urban_Lot_202606.zip,0.19
25649,\shp,25649_Urban_Neighborhood_202606.zip,0.01
25649,\shp,25649_Urban_Nomenclature_202606.zip,0.0
25649,\shp,25649_Urban_Perimeter_202606.zip,0.01
25649,\shp,25649_Urban_Sector_202606.zip,0.01
25653,\shp,25653_Building_202306.zip,0.03
25653,\shp,25653_Lot_202306.zip,1.44
25653,\shp,25653_OSM_Road_202608.zip,0.11
25658,\shp,25658_OSM_Road_202608.zip,0.18
25658,\shp,25658_R1_202607.zip,0.08
25658,\shp,25658_R2_202607.zip,0.11
25658,\shp,25658_Rural_Building_202606.zip,0.04
25658,\shp,25658_Rural_Lot_202606.zip,1.21
25658,\shp,25658_Rural_Nomenclature_202606.zip,0.01
25658,\shp,25658_Rural_Sector_202606.zip,0.05
25658,\shp,25658_Rural_Vereda_202606.zip,0.12
25658,\shp,25658_Urban_Block_202606.zip,0.07
25658,\shp,25658_Urban_Building_202606.zip,0.27
25658,\shp,25658_Urban_Lot_202606.zip,0.22
25658,\shp,25658_Urban_Neighborhood_202606.zip,0.01
25658,\shp,25658_Urban_Nomenclature_202606.zip,0.07
25658,\shp,25658_Urban_Nomenclature_Road_202606.zip,0.01
25658,\shp,25658_Urban_Perimeter_202606.zip,0.01
25658,\shp,25658_Urban_Sector_202606.zip,0.01
25662,\shp,25662_Building_202306.zip,0.31
25662,\shp,25662_Lot_202306.zip,1.5
25662,\shp,25662_OSM_Road_202608.zip,0.17
25718,\shp,25718_Building_202306.zip,0.17
25718,\shp,25718_Lot_202306.zip,1.15
25718,\shp,25718_OSM_Road_202608.zip,0.22
25736,\shp,25736_OSM_Road_202608.zip,0.22
25736,\shp,25736_Rural_Lot_202001.zip,1.24
25736,\shp,25736_Urban_Lot_202001.zip,0.15
25740,\shp,25740_OSM_Road_202608.zip,0.2
25740,\shp,25740_R1_202607.zip,0.12
25740,\shp,25740_R2_202607.zip,0.13
25740,\shp,25740_Rural_Building_202606.zip,0.0
25740,\shp,25740_Rural_Lot_202606.zip,0.73
25740,\shp,25740_Rural_Nomenclature_202606.zip,0.01
25740,\shp,25740_Rural_Sector_202606.zip,0.05
25740,\shp,25740_Rural_Vereda_202606.zip,0.12
25740,\shp,25740_Urban_Block_202606.zip,0.25
25740,\shp,25740_Urban_Building_202606.zip,0.95
25740,\shp,25740_Urban_Lot_202606.zip,0.86
25740,\shp,25740_Urban_Neighborhood_202606.zip,0.02
25740,\shp,25740_Urban_Nomenclature_202606.zip,0.3
25740,\shp,25740_Urban_Nomenclature_Road_202606.zip,0.04
25740,\shp,25740_Urban_Perimeter_202606.zip,0.02
25740,\shp,25740_Urban_Sector_202606.zip,0.02
25743,\shp,25743_Building_202306.zip,1.03
25743,\shp,25743_Lot_202306.zip,3.05
25743,\shp,25743_OSM_Road_202608.zip,0.3
25745,\shp,25745_OSM_Road_202608.zip,0.12
25745,\shp,25745_R1_202607.zip,0.12
25745,\shp,25745_R2_202607.zip,0.12
25745,\shp,25745_Rural_Building_202606.zip,0.0
25745,\shp,25745_Rural_Lot_202606.zip,0.92
25745,\shp,25745_Rural_Nomenclature_202606.zip,0.01
25745,\shp,25745_Rural_Sector_202606.zip,0.04
25745,\shp,25745_Rural_Vereda_202606.zip,0.08
25745,\shp,25745_Urban_Block_202606.zip,0.13
25745,\shp,25745_Urban_Building_202606.zip,0.32
25745,\shp,25745_Urban_Lot_202606.zip,0.41
25745,\shp,25745_Urban_Neighborhood_202606.zip,0.01
25745,\shp,25745_Urban_Nomenclature_202606.zip,0.17
25745,\shp,25745_Urban_Nomenclature_Road_202606.zip,0.03
25745,\shp,25745_Urban_Perimeter_202606.zip,0.01
25745,\shp,25745_Urban_Sector_202606.zip,0.01
25754,\shp,25754_Lot_202201.zip,19.49
25754,\shp,25754_OSM_Road_202608.zip,1.02
25758,\shp,25758_OSM_Road_202608.zip,0.24
25758,\shp,25758_Rural_Lot_202001.zip,0.9
25758,\shp,25758_Urban_Lot_202001.zip,0.36
25769,\shp,25769_Building_202306.zip,0.44
25769,\shp,25769_Lot_202306.zip,2.0
25769,\shp,25769_OSM_Road_202608.zip,0.3
25772,\shp,25772_OSM_Road_202608.zip,0.21
25772,\shp,25772_R1_202607.zip,0.09
25772,\shp,25772_R2_202607.zip,0.14
25772,\shp,25772_Rural_Building_202606.zip,0.34
25772,\shp,25772_Rural_Lot_202606.zip,1.52
25772,\shp,25772_Rural_Nomenclature_202606.zip,0.26
25772,\shp,25772_Rural_Sector_202606.zip,0.1
25772,\shp,25772_Rural_Vereda_202606.zip,0.21
25772,\shp,25772_Urban_Block_202606.zip,0.12
25772,\shp,25772_Urban_Building_202606.zip,0.32
25772,\shp,25772_Urban_Lot_202606.zip,0.43
25772,\shp,25772_Urban_Nomenclature_202606.zip,0.13
25772,\shp,25772_Urban_Sector_202606.zip,0.03
25777,\shp,25777_Building_202306.zip,0.58
25777,\shp,25777_Lot_202306.zip,5.22
25777,\shp,25777_OSM_Road_202608.zip,0.09
25779,\shp,25779_Building_202306.zip,0.09
25779,\shp,25779_Lot_202306.zip,1.78
25779,\shp,25779_OSM_Road_202608.zip,0.12
25781,\shp,25781_Building_202306.zip,0.54
25781,\shp,25781_Lot_202306.zip,2.47
25781,\shp,25781_OSM_Road_202608.zip,0.13
25785,\shp,25785_OSM_Road_202608.zip,0.19
25785,\shp,25785_R1_202607.zip,0.11
25785,\shp,25785_R2_202607.zip,0.19
25785,\shp,25785_Rural_Building_202606.zip,1.11
25785,\shp,25785_Rural_Lot_202606.zip,1.47
25785,\shp,25785_Rural_Nomenclature_202606.zip,0.03
25785,\shp,25785_Rural_Sector_202606.zip,0.08
25785,\shp,25785_Rural_Vereda_202606.zip,0.11
25785,\shp,25785_Urban_Block_202606.zip,0.08
25785,\shp,25785_Urban_Building_202606.zip,0.46
25785,\shp,25785_Urban_Lot_202606.zip,0.3
25785,\shp,25785_Urban_Neighborhood_202606.zip,0.02
25785,\shp,25785_Urban_Nomenclature_202606.zip,0.12
25785,\shp,25785_Urban_Nomenclature_Road_202606.zip,0.01
25785,\shp,25785_Urban_Perimeter_202606.zip,0.02
25785,\shp,25785_Urban_Sector_202606.zip,0.02
25786,\shp,25786_Urban_Building_202606.zip,0.0
25793,\shp,25793_Building_202306.zip,0.64
25793,\shp,25793_Lot_202306.zip,2.48
25793,\shp,25793_OSM_Road_202608.zip,0.18
25797,\shp,25797_Building_202306.zip,0.14
25797,\shp,25797_Lot_202306.zip,1.22
25797,\shp,25797_OSM_Road_202608.zip,0.14
25799,\shp,25799_OSM_Road_202608.zip,0.22
25799,\shp,25799_R1_202607.zip,0.1
25799,\shp,25799_R2_202607.zip,0.1
25799,\shp,25799_Rural_Building_202606.zip,0.06
25799,\shp,25799_Rural_Lot_202606.zip,0.83
25799,\shp,25799_Rural_Nomenclature_202606.zip,0.0
25799,\shp,25799_Rural_Sector_202606.zip,0.22
25799,\shp,25799_Rural_Vereda_202606.zip,0.26
25799,\shp,25799_Urban_Block_202606.zip,0.07
25799,\shp,25799_Urban_Building_202606.zip,0.5
25799,\shp,25799_Urban_Lot_202606.zip,0.35
25799,\shp,25799_Urban_Neighborhood_202606.zip,0.06
25799,\shp,25799_Urban_Nomenclature_202606.zip,0.11
25799,\shp,25799_Urban_Sector_202606.zip,0.06
25805,\shp,25805_Building_202306.zip,0.05
25805,\shp,25805_Lot_202306.zip,0.63
25805,\shp,25805_OSM_Road_202608.zip,0.12
25807,\shp,25807_Building_202306.zip,0.05
25807,\shp,25807_Lot_202306.zip,1.18
25807,\shp,25807_OSM_Road_202608.zip,0.07
25815,\shp,25815_Building_202306.zip,0.96
25815,\shp,25815_Lot_202306.zip,2.28
25815,\shp,25815_OSM_Road_202608.zip,0.17
25817,\shp,25817_OSM_Road_202608.zip,0.21
25817,\shp,25817_R1_202607.zip,0.23
25817,\shp,25817_R2_202607.zip,0.25
25817,\shp,25817_Rural_Building_202606.zip,0.81
25817,\shp,25817_Rural_Lot_202606.zip,0.88
25817,\shp,25817_Rural_Sector_202606.zip,0.11
25817,\shp,25817_Rural_Vereda_202606.zip,0.12
25817,\shp,25817_Urban_Block_202606.zip,0.22
25817,\shp,25817_Urban_Building_202606.zip,1.45
25817,\shp,25817_Urban_Lot_202606.zip,0.77
25817,\shp,25817_Urban_Nomenclature_202606.zip,0.26
25817,\shp,25817_Urban_Perimeter_202606.zip,0.14
25817,\shp,25817_Urban_Sector_202606.zip,0.14
25823,\shp,25823_OSM_Road_202608.zip,0.06
25823,\shp,25823_R1_202607.zip,0.04
25823,\shp,25823_R2_202607.zip,0.04
25823,\shp,25823_Rural_Lot_202606.zip,1.07
25823,\shp,25823_Rural_Nomenclature_202606.zip,0.0
25823,\shp,25823_Rural_Sector_202606.zip,0.09
25823,\shp,25823_Rural_Vereda_202606.zip,0.23
25823,\shp,25823_Urban_Block_202606.zip,0.02
25823,\shp,25823_Urban_Building_202606.zip,0.04
25823,\shp,25823_Urban_Lot_202606.zip,0.05
25823,\shp,25823_Urban_Neighborhood_202606.zip,0.01
25823,\shp,25823_Urban_Nomenclature_202606.zip,0.0
25823,\shp,25823_Urban_Perimeter_202606.zip,0.01
25823,\shp,25823_Urban_Sector_202606.zip,0.01
25839,\shp,25839_Building_202306.zip,0.12
25839,\shp,25839_Lot_202306.zip,3.48
25839,\shp,25839_OSM_Road_202608.zip,0.17
25841,\shp,25841_Building_202306.zip,0.05
25841,\shp,25841_Lot_202306.zip,1.22
25841,\shp,25841_OSM_Road_202608.zip,0.16
25843,\shp,25843_Building_202306.zip,2.42
25843,\shp,25843_Lot_202306.zip,4.87
25843,\shp,25843_OSM_Road_202608.zip,0.23
25845,\shp,25845_Building_202306.zip,0.15
25845,\shp,25845_Lot_202306.zip,1.77
25845,\shp,25845_OSM_Road_202608.zip,0.12
25851,\shp,25851_OSM_Road_202608.zip,0.07
25851,\shp,25851_R1_202607.zip,0.04
25851,\shp,25851_R2_202607.zip,0.04
25851,\shp,25851_Rural_Building_202606.zip,0.02
25851,\shp,25851_Rural_Lot_202606.zip,0.47
25851,\shp,25851_Rural_Nomenclature_202606.zip,0.0
25851,\shp,25851_Rural_Sector_202606.zip,0.04
25851,\shp,25851_Rural_Vereda_202606.zip,0.1
25851,\shp,25851_Urban_Block_202606.zip,0.07
25851,\shp,25851_Urban_Building_202606.zip,0.25
25851,\shp,25851_Urban_Lot_202606.zip,0.19
25851,\shp,25851_Urban_Neighborhood_202606.zip,0.01
25851,\shp,25851_Urban_Nomenclature_202606.zip,0.05
25851,\shp,25851_Urban_Nomenclature_Road_202606.zip,0.03
25851,\shp,25851_Urban_Perimeter_202606.zip,0.01
25851,\shp,25851_Urban_Sector_202606.zip,0.01
25862,\shp,25862_Building_202306.zip,0.85
25862,\shp,25862_Lot_202306.zip,2.47
25862,\shp,25862_OSM_Road_202608.zip,0.09
25867,\shp,25867_Building_202306.zip,0.05
25867,\shp,25867_Lot_202306.zip,0.67
25867,\shp,25867_OSM_Road_202608.zip,0.08
25871,\shp,25871_Building_202306.zip,0.03
25871,\shp,25871_Lot_202306.zip,0.39
25871,\shp,25871_OSM_Road_202608.zip,0.03
25873,\shp,25873_Building_202306.zip,0.23
25873,\shp,25873_Lot_202306.zip,2.62
25873,\shp,25873_OSM_Road_202608.zip,0.41
25875,\shp,25875_Building_202306.zip,2.58
25875,\shp,25875_Lot_202306.zip,4.3
25875,\shp,25875_OSM_Road_202608.zip,0.33
25878,\shp,25878_Building_202306.zip,1.37
25878,\shp,25878_Lot_202306.zip,1.95
25878,\shp,25878_OSM_Road_202608.zip,0.2
25885,\shp,25885_Building_202306.zip,0.11
25885,\shp,25885_Lot_202306.zip,3.86
25885,\shp,25885_OSM_Road_202608.zip,0.24
25898,\shp,25898_Building_202306.zip,0.11
25898,\shp,25898_Lot_202306.zip,0.72
25898,\shp,25898_OSM_Road_202608.zip,0.1
25899,\shp,25899_Lot_202211.zip,5.25
25899,\shp,25899_OSM_Road_202608.zip,0.4
27001,\shp,27001_OSM_Road_202608.zip,0.2
27001,\shp,27001_R1_202607.zip,0.57
27001,\shp,27001_R2_202607.zip,0.55
27001,\shp,27001_Rural_Building_202606.zip,0.13
27001,\shp,27001_Rural_Lot_202606.zip,0.68
27001,\shp,27001_Rural_Nomenclature_202606.zip,0.0
27001,\shp,27001_Rural_Nomenclature_Road_202606.zip,0.01
27001,\shp,27001_Rural_Sector_202606.zip,0.19
27001,\shp,27001_Rural_Vereda_202606.zip,0.71
27001,\shp,27001_Urban_Block_202606.zip,0.63
27001,\shp,27001_Urban_Building_202606.zip,1.86
27001,\shp,27001_Urban_Lot_202606.zip,1.66
27001,\shp,27001_Urban_Neighborhood_202606.zip,0.03
27001,\shp,27001_Urban_Nomenclature_202606.zip,0.8
27001,\shp,27001_Urban_Nomenclature_Road_202606.zip,0.09
27001,\shp,27001_Urban_Perimeter_202606.zip,0.03
27001,\shp,27001_Urban_Sector_202606.zip,0.03
27006,\shp,27006_OSM_Road_202608.zip,0.12
27006,\shp,27006_R1_202607.zip,0.07
27006,\shp,27006_R2_202607.zip,0.07
27006,\shp,27006_Rural_Lot_202606.zip,0.14
27006,\shp,27006_Rural_Nomenclature_202606.zip,0.0
27006,\shp,27006_Rural_Sector_202606.zip,0.04
27006,\shp,27006_Rural_Vereda_202606.zip,0.04
27006,\shp,27006_Urban_Block_202606.zip,0.03
27006,\shp,27006_Urban_Building_202606.zip,0.04
27006,\shp,27006_Urban_Lot_202606.zip,0.05
27006,\shp,27006_Urban_Neighborhood_202606.zip,0.0
27006,\shp,27006_Urban_Nomenclature_202606.zip,0.02
27006,\shp,27006_Urban_Nomenclature_Road_202606.zip,0.0
27006,\shp,27006_Urban_Perimeter_202606.zip,0.0
27006,\shp,27006_Urban_Sector_202606.zip,0.0
27025,\shp,27025_OSM_Road_202608.zip,0.01
27025,\shp,27025_R1_202607.zip,0.01
27025,\shp,27025_R2_202607.zip,0.01
27025,\shp,27025_Rural_Lot_202606.zip,0.18
27025,\shp,27025_Urban_Block_202606.zip,0.03
27025,\shp,27025_Urban_Building_202606.zip,0.04
27025,\shp,27025_Urban_Lot_202606.zip,0.06
27025,\shp,27025_Urban_Nomenclature_202606.zip,0.03
27025,\shp,27025_Urban_Nomenclature_Road_202606.zip,0.0
27025,\shp,27025_Urban_Perimeter_202606.zip,0.0
27050,\shp,27050_OSM_Road_202608.zip,0.02
27050,\shp,27050_R1_202607.zip,0.01
27050,\shp,27050_R2_202607.zip,0.01
27050,\shp,27050_Rural_Lot_202606.zip,0.06
27050,\shp,27050_Urban_Block_202606.zip,0.03
27050,\shp,27050_Urban_Building_202606.zip,0.06
27050,\shp,27050_Urban_Lot_202606.zip,0.08
27050,\shp,27050_Urban_Nomenclature_202606.zip,0.03
27050,\shp,27050_Urban_Nomenclature_Road_202606.zip,0.01
27050,\shp,27050_Urban_Perimeter_202606.zip,0.0
27073,\shp,27073_OSM_Road_202608.zip,0.01
27073,\shp,27073_R1_202607.zip,0.01
27073,\shp,27073_R2_202607.zip,0.01
27073,\shp,27073_Rural_Lot_202606.zip,0.03
27073,\shp,27073_Urban_Block_202606.zip,0.02
27073,\shp,27073_Urban_Building_202606.zip,0.04
27073,\shp,27073_Urban_Lot_202606.zip,0.06
27073,\shp,27073_Urban_Nomenclature_202606.zip,0.03
27073,\shp,27073_Urban_Nomenclature_Road_202606.zip,0.0
27073,\shp,27073_Urban_Perimeter_202606.zip,0.0
27075,\shp,27075_OSM_Road_202608.zip,0.03
27075,\shp,27075_R1_202607.zip,0.04
27075,\shp,27075_R2_202607.zip,0.03
27075,\shp,27075_Rural_Lot_202606.zip,0.05
27077,\shp,27077_OSM_Road_202608.zip,0.03
27077,\shp,27077_R1_202607.zip,0.01
27077,\shp,27077_R2_202607.zip,0.01
27077,\shp,27077_Rural_Lot_202606.zip,0.33
27077,\shp,27077_Urban_Block_202606.zip,0.01
27077,\shp,27077_Urban_Building_202606.zip,0.01
27077,\shp,27077_Urban_Lot_202606.zip,0.02
27077,\shp,27077_Urban_Nomenclature_202606.zip,0.01
27077,\shp,27077_Urban_Nomenclature_Road_202606.zip,0.0
27099,\shp,27099_OSM_Road_202608.zip,0.01
27099,\shp,27099_R1_202607.zip,0.02
27099,\shp,27099_R2_202607.zip,0.02
27099,\shp,27099_Rural_Lot_202606.zip,0.35
27099,\shp,27099_Rural_Nomenclature_202606.zip,0.0
27099,\shp,27099_Rural_Sector_202606.zip,0.08
27099,\shp,27099_Rural_Vereda_202606.zip,0.11
27099,\shp,27099_Urban_Block_202606.zip,0.05
27099,\shp,27099_Urban_Building_202606.zip,0.18
27099,\shp,27099_Urban_Lot_202606.zip,0.08
27099,\shp,27099_Urban_Neighborhood_202606.zip,0.0
27099,\shp,27099_Urban_Nomenclature_202606.zip,0.04
27099,\shp,27099_Urban_Nomenclature_Road_202606.zip,0.02
27099,\shp,27099_Urban_Perimeter_202606.zip,0.01
27099,\shp,27099_Urban_Sector_202606.zip,0.0
27135,\shp,27135_OSM_Road_202608.zip,0.01
27135,\shp,27135_R1_202607.zip,0.0
27135,\shp,27135_R2_202607.zip,0.0
27135,\shp,27135_Rural_Lot_202606.zip,0.05
27135,\shp,27135_Urban_Block_202606.zip,0.02
27135,\shp,27135_Urban_Building_202606.zip,0.03
27135,\shp,27135_Urban_Lot_202606.zip,0.02
27135,\shp,27135_Urban_Nomenclature_202606.zip,0.02
27135,\shp,27135_Urban_Nomenclature_Road_202606.zip,0.0
27135,\shp,27135_Urban_Perimeter_202606.zip,0.0
27150,\shp,27150_OSM_Road_202608.zip,0.05
27150,\shp,27150_R1_202607.zip,0.0
27150,\shp,27150_R2_202607.zip,0.0
27150,\shp,27150_Rural_Lot_202606.zip,0.22
27160,\shp,27160_OSM_Road_202608.zip,0.01
27160,\shp,27160_R1_202607.zip,0.02
27160,\shp,27160_R2_202607.zip,0.02
27160,\shp,27160_Rural_Lot_202606.zip,0.08
27160,\shp,27160_Urban_Block_202606.zip,0.04
27160,\shp,27160_Urban_Building_202606.zip,0.07
27160,\shp,27160_Urban_Lot_202606.zip,0.1
27160,\shp,27160_Urban_Nomenclature_202606.zip,0.05
27160,\shp,27160_Urban_Nomenclature_Road_202606.zip,0.01
27160,\shp,27160_Urban_Perimeter_202606.zip,0.01
27205,\shp,27205_OSM_Road_202608.zip,0.03
27205,\shp,27205_R1_202607.zip,0.05
27205,\shp,27205_R2_202607.zip,0.05
27205,\shp,27205_Rural_Lot_202606.zip,0.05
27205,\shp,27205_Rural_Nomenclature_202606.zip,0.0
27205,\shp,27205_Rural_Sector_202606.zip,0.04
27205,\shp,27205_Rural_Vereda_202606.zip,0.04
27205,\shp,27205_Urban_Block_202606.zip,0.15
27205,\shp,27205_Urban_Building_202606.zip,0.24
27205,\shp,27205_Urban_Lot_202606.zip,0.27
27205,\shp,27205_Urban_Nomenclature_202606.zip,0.11
27205,\shp,27205_Urban_Nomenclature_Road_202606.zip,0.01
27205,\shp,27205_Urban_Perimeter_202606.zip,0.01
27245,\shp,27245_OSM_Road_202608.zip,0.11
27245,\shp,27245_R1_202607.zip,0.04
27245,\shp,27245_R2_202607.zip,0.04
27245,\shp,27245_Rural_Building_202606.zip,0.03
27245,\shp,27245_Rural_Lot_202606.zip,0.54
27245,\shp,27245_Rural_Nomenclature_202606.zip,0.01
27245,\shp,27245_Rural_Sector_202606.zip,0.05
27245,\shp,27245_Rural_Vereda_202606.zip,0.08
27245,\shp,27245_Urban_Block_202606.zip,0.06
27245,\shp,27245_Urban_Building_202606.zip,0.09
27245,\shp,27245_Urban_Lot_202606.zip,0.13
27245,\shp,27245_Urban_Nomenclature_202606.zip,0.04
27245,\shp,27245_Urban_Nomenclature_Road_202606.zip,0.0
27245,\shp,27245_Urban_Perimeter_202606.zip,0.01
27250,\shp,27250_OSM_Road_202608.zip,0.01
27250,\shp,27250_R1_202607.zip,0.0
27250,\shp,27250_R2_202607.zip,0.0
27250,\shp,27250_Rural_Lot_202606.zip,0.29
27361,\shp,27361_OSM_Road_202608.zip,0.03
27361,\shp,27361_R1_202607.zip,0.09
27361,\shp,27361_R2_202607.zip,0.09
27361,\shp,27361_Rural_Building_202606.zip,0.02
27361,\shp,27361_Rural_Lot_202606.zip,0.19
27361,\shp,27361_Rural_Nomenclature_202606.zip,0.0
27361,\shp,27361_Rural_Sector_202606.zip,0.13
27361,\shp,27361_Rural_Vereda_202606.zip,0.13
27361,\shp,27361_Urban_Block_202606.zip,0.2
27361,\shp,27361_Urban_Building_202606.zip,0.46
27361,\shp,27361_Urban_Lot_202606.zip,0.46
27361,\shp,27361_Urban_Nomenclature_202606.zip,0.2
27361,\shp,27361_Urban_Nomenclature_Road_202606.zip,0.02
27361,\shp,27361_Urban_Perimeter_202606.zip,0.01
27372,\shp,27372_OSM_Road_202608.zip,0.01
27372,\shp,27372_R1_202607.zip,0.01
27372,\shp,27372_R2_202607.zip,0.01
27372,\shp,27372_Rural_Lot_202606.zip,0.1
27413,\shp,27413_OSM_Road_202608.zip,0.01
27413,\shp,27413_R1_202607.zip,0.02
27413,\shp,27413_R2_202607.zip,0.01
27413,\shp,27413_Rural_Lot_202606.zip,0.08
27413,\shp,27413_Rural_Vereda_202606.zip,0.03
27413,\shp,27413_Urban_Block_202606.zip,0.04
27413,\shp,27413_Urban_Building_202606.zip,0.06
27413,\shp,27413_Urban_Lot_202606.zip,0.08
27413,\shp,27413_Urban_Nomenclature_202606.zip,0.03
27413,\shp,27413_Urban_Nomenclature_Road_202606.zip,0.01
27413,\shp,27413_Urban_Perimeter_202606.zip,0.01
27425,\shp,27425_OSM_Road_202608.zip,0.04
27425,\shp,27425_R1_202607.zip,0.0
27425,\shp,27425_R2_202607.zip,0.0
27425,\shp,27425_Rural_Lot_202606.zip,0.16
27430,\shp,27430_OSM_Road_202608.zip,0.02
27430,\shp,27430_R1_202607.zip,0.0
27430,\shp,27430_R2_202607.zip,0.0
27430,\shp,27430_Urban_Lot_202606.zip,0.02
27450,\shp,27450_OSM_Road_202608.zip,0.01
27450,\shp,27450_R1_202607.zip,0.01
27450,\shp,27450_R2_202607.zip,0.01
27450,\shp,27450_Rural_Lot_202606.zip,0.14
27450,\shp,27450_Urban_Block_202606.zip,0.03
27450,\shp,27450_Urban_Building_202606.zip,0.06
27450,\shp,27450_Urban_Lot_202606.zip,0.08
27450,\shp,27450_Urban_Nomenclature_202606.zip,0.04
27450,\shp,27450_Urban_Nomenclature_Road_202606.zip,0.01
27450,\shp,27450_Urban_Perimeter_202606.zip,0.0
27491,\shp,27491_OSM_Road_202608.zip,0.01
27491,\shp,27491_R1_202607.zip,0.01
27491,\shp,27491_R2_202607.zip,0.01
27491,\shp,27491_Rural_Lot_202606.zip,0.07
27491,\shp,27491_Urban_Block_202606.zip,0.02
27491,\shp,27491_Urban_Building_202606.zip,0.03
27491,\shp,27491_Urban_Lot_202606.zip,0.04
27491,\shp,27491_Urban_Nomenclature_202606.zip,0.02
27491,\shp,27491_Urban_Nomenclature_Road_202606.zip,0.0
27491,\shp,27491_Urban_Perimeter_202606.zip,0.01
27493,\shp,27493_OSM_Road_202608.zip,0.09
27493,\shp,27493_R1_202607.zip,0.05
27493,\shp,27493_R2_202607.zip,0.06
27493,\shp,27493_Rural_Lot_202606.zip,0.29
27493,\shp,27493_Urban_Lot_202606.zip,0.01
27495,\shp,27495_OSM_Road_202608.zip,0.02
27495,\shp,27495_R1_202607.zip,0.03
27495,\shp,27495_R2_202607.zip,0.03
27495,\shp,27495_Rural_Lot_202606.zip,0.04
27495,\shp,27495_Rural_Sector_202606.zip,0.02
27495,\shp,27495_Rural_Vereda_202606.zip,0.02
27580,\shp,27580_OSM_Road_202608.zip,0.01
27580,\shp,27580_R1_202607.zip,0.0
27580,\shp,27580_R2_202607.zip,0.0
27580,\shp,27580_Rural_Lot_202606.zip,0.07
27600,\shp,27600_OSM_Road_202608.zip,0.02
27600,\shp,27600_R1_202607.zip,0.01
27600,\shp,27600_R2_202607.zip,0.01
27600,\shp,27600_Rural_Lot_202606.zip,0.13
27600,\shp,27600_Urban_Block_202606.zip,0.02
27600,\shp,27600_Urban_Building_202606.zip,0.04
27600,\shp,27600_Urban_Lot_202606.zip,0.05
27600,\shp,27600_Urban_Nomenclature_202606.zip,0.03
27600,\shp,27600_Urban_Nomenclature_Road_202606.zip,0.01
27600,\shp,27600_Urban_Perimeter_202606.zip,0.0
27615,\shp,27615_OSM_Road_202608.zip,0.06
27615,\shp,27615_R1_202607.zip,0.04
27615,\shp,27615_R2_202607.zip,0.04
27615,\shp,27615_Rural_Lot_202606.zip,0.64
27615,\shp,27615_Rural_Nomenclature_202606.zip,0.0
27615,\shp,27615_Rural_Sector_202606.zip,0.16
27615,\shp,27615_Rural_Vereda_202606.zip,0.38
27615,\shp,27615_Urban_Block_202606.zip,0.09
27615,\shp,27615_Urban_Building_202606.zip,0.24
27615,\shp,27615_Urban_Lot_202606.zip,0.14
27615,\shp,27615_Urban_Nomenclature_202606.zip,0.12
27615,\shp,27615_Urban_Nomenclature_Road_202606.zip,0.01
27615,\shp,27615_Urban_Perimeter_202606.zip,0.0
27660,\shp,27660_OSM_Road_202608.zip,0.04
27660,\shp,27660_R1_202607.zip,0.02
27660,\shp,27660_R2_202607.zip,0.02
27660,\shp,27660_Rural_Building_202606.zip,0.01
27660,\shp,27660_Rural_Lot_202606.zip,0.69
27660,\shp,27660_Rural_Nomenclature_202606.zip,0.01
27660,\shp,27660_Rural_Sector_202606.zip,0.07
27660,\shp,27660_Rural_Vereda_202606.zip,0.23
27660,\shp,27660_Urban_Block_202606.zip,0.04
27660,\shp,27660_Urban_Building_202606.zip,0.07
27660,\shp,27660_Urban_Lot_202606.zip,0.07
27660,\shp,27660_Urban_Nomenclature_202606.zip,0.02
27660,\shp,27660_Urban_Nomenclature_Road_202606.zip,0.01
27660,\shp,27660_Urban_Perimeter_202606.zip,0.01
27745,\shp,27745_OSM_Road_202608.zip,0.02
27745,\shp,27745_R1_202607.zip,0.0
27745,\shp,27745_R2_202607.zip,0.0
27745,\shp,27745_Rural_Lot_202606.zip,0.08
27745,\shp,27745_Urban_Block_202606.zip,0.01
27745,\shp,27745_Urban_Building_202606.zip,0.01
27745,\shp,27745_Urban_Lot_202606.zip,0.02
27745,\shp,27745_Urban_Nomenclature_202606.zip,0.01
27745,\shp,27745_Urban_Nomenclature_Road_202606.zip,0.0
27745,\shp,27745_Urban_Perimeter_202606.zip,0.0
27787,\shp,27787_OSM_Road_202608.zip,0.03
27787,\shp,27787_R1_202607.zip,0.05
27787,\shp,27787_R2_202607.zip,0.04
27787,\shp,27787_Rural_Building_202606.zip,0.0
27787,\shp,27787_Rural_Lot_202606.zip,0.11
27787,\shp,27787_Urban_Block_202606.zip,0.14
27787,\shp,27787_Urban_Building_202606.zip,0.23
27787,\shp,27787_Urban_Lot_202606.zip,0.37
27787,\shp,27787_Urban_Nomenclature_202606.zip,0.12
27787,\shp,27787_Urban_Nomenclature_Road_202606.zip,0.01
27787,\shp,27787_Urban_Perimeter_202606.zip,0.01
27800,\shp,27800_OSM_Road_202608.zip,0.08
27800,\shp,27800_R1_202607.zip,0.03
27800,\shp,27800_R2_202607.zip,0.03
27800,\shp,27800_Rural_Lot_202606.zip,0.08
27800,\shp,27800_Urban_Block_202606.zip,0.07
27800,\shp,27800_Urban_Building_202606.zip,0.09
27800,\shp,27800_Urban_Lot_202606.zip,0.13
27800,\shp,27800_Urban_Nomenclature_202606.zip,0.08
27800,\shp,27800_Urban_Nomenclature_Road_202606.zip,0.01
27800,\shp,27800_Urban_Perimeter_202606.zip,0.01
27800,\shp,27800_Urban_Sector_202606.zip,0.0
27810,\shp,27810_OSM_Road_202608.zip,0.02
27810,\shp,27810_R1_202607.zip,0.01
27810,\shp,27810_R2_202607.zip,0.01
27810,\shp,27810_Rural_Lot_202606.zip,0.05
27810,\shp,27810_Urban_Block_202606.zip,0.03
27810,\shp,27810_Urban_Building_202606.zip,0.04
27810,\shp,27810_Urban_Lot_202606.zip,0.06
27810,\shp,27810_Urban_Nomenclature_202606.zip,0.03
27810,\shp,27810_Urban_Nomenclature_Road_202606.zip,0.0
27810,\shp,27810_Urban_Perimeter_202606.zip,0.0
27873,\shp,27873_Rural_Lot_202001.zip,0.0
27873,\shp,27873_Urban_Lot_202001.zip,0.0
27877,\shp,27877_Rural_Lot_202001.zip,0.0
41001,\shp,41001_OSM_Road_202608.zip,0.86
41001,\shp,41001_Rural_Lot_202001.zip,2.74
41001,\shp,41001_Urban_Lot_202001.zip,8.96
41006,\shp,41006_OSM_Road_202608.zip,0.34
41006,\shp,41006_R1_202607.zip,0.11
41006,\shp,41006_R2_202607.zip,0.08
41006,\shp,41006_Urban_Block_202606.zip,0.07
41006,\shp,41006_Urban_Building_202606.zip,0.19
41006,\shp,41006_Urban_Lot_202606.zip,0.19
41006,\shp,41006_Urban_Nomenclature_202606.zip,0.14
41006,\shp,41006_Urban_Nomenclature_Road_202606.zip,0.03
41006,\shp,41006_Urban_Perimeter_202606.zip,0.01
41013,\shp,41013_OSM_Road_202608.zip,0.12
41013,\shp,41013_R1_202607.zip,0.05
41013,\shp,41013_R2_202607.zip,0.09
41013,\shp,41013_Rural_Building_202606.zip,0.19
41013,\shp,41013_Rural_Lot_202606.zip,1.3
41013,\shp,41013_Rural_Nomenclature_202606.zip,0.1
41013,\shp,41013_Rural_Sector_202606.zip,0.42
41013,\shp,41013_Rural_Vereda_202606.zip,0.59
41013,\shp,41013_Urban_Block_202606.zip,0.15
41013,\shp,41013_Urban_Building_202606.zip,0.29
41013,\shp,41013_Urban_Lot_202606.zip,0.41
41013,\shp,41013_Urban_Nomenclature_202606.zip,0.15
41013,\shp,41013_Urban_Nomenclature_Road_202606.zip,0.01
41013,\shp,41013_Urban_Perimeter_202606.zip,0.01
41013,\shp,41013_Urban_Sector_202606.zip,0.1
41016,\shp,41016_OSM_Road_202608.zip,0.21
41016,\shp,41016_R1_202607.zip,0.07
41016,\shp,41016_R2_202607.zip,0.13
41016,\shp,41016_Rural_Building_202606.zip,0.31
41016,\shp,41016_Rural_Lot_202606.zip,2.57
41016,\shp,41016_Rural_Nomenclature_202606.zip,0.04
41016,\shp,41016_Rural_Sector_202606.zip,0.34
41016,\shp,41016_Rural_Vereda_202606.zip,0.74
41016,\shp,41016_Urban_Block_202606.zip,0.23
41016,\shp,41016_Urban_Building_202606.zip,0.51
41016,\shp,41016_Urban_Lot_202606.zip,0.59
41016,\shp,41016_Urban_Nomenclature_202606.zip,0.27
41016,\shp,41016_Urban_Nomenclature_Road_202606.zip,0.02
41016,\shp,41016_Urban_Perimeter_202606.zip,0.03
41020,\shp,41020_OSM_Road_202608.zip,0.17
41020,\shp,41020_R1_202607.zip,0.12
41020,\shp,41020_R2_202607.zip,0.19
41020,\shp,41020_Rural_Building_202606.zip,0.87
41020,\shp,41020_Rural_Lot_202606.zip,1.79
41020,\shp,41020_Rural_Nomenclature_202606.zip,0.31
41020,\shp,41020_Rural_Sector_202606.zip,0.15
41020,\shp,41020_Rural_Vereda_202606.zip,0.44
41020,\shp,41020_Urban_Block_202606.zip,0.28
41020,\shp,41020_Urban_Building_202606.zip,0.61
41020,\shp,41020_Urban_Lot_202606.zip,0.82
41020,\shp,41020_Urban_Nomenclature_202606.zip,0.32
41020,\shp,41020_Urban_Nomenclature_Road_202606.zip,0.05
41020,\shp,41020_Urban_Perimeter_202606.zip,0.01
41020,\shp,41020_Urban_Sector_202606.zip,0.13
41026,\shp,41026_OSM_Road_202608.zip,0.05
41026,\shp,41026_R1_202607.zip,0.03
41026,\shp,41026_R2_202607.zip,0.03
41026,\shp,41026_Rural_Building_202606.zip,0.0
41026,\shp,41026_Rural_Lot_202606.zip,0.46
41026,\shp,41026_Rural_Nomenclature_202606.zip,0.0
41026,\shp,41026_Rural_Nomenclature_Road_202606.zip,0.0
41026,\shp,41026_Rural_Sector_202606.zip,0.05
41026,\shp,41026_Rural_Vereda_202606.zip,0.1
41026,\shp,41026_Urban_Block_202606.zip,0.03
41026,\shp,41026_Urban_Building_202606.zip,0.09
41026,\shp,41026_Urban_Lot_202606.zip,0.12
41026,\shp,41026_Urban_Nomenclature_202606.zip,0.01
41026,\shp,41026_Urban_Nomenclature_Road_202606.zip,0.01
41026,\shp,41026_Urban_Perimeter_202606.zip,0.0
41026,\shp,41026_Urban_Sector_202606.zip,0.0
41078,\shp,41078_OSM_Road_202608.zip,0.12
41078,\shp,41078_R1_202607.zip,0.04
41078,\shp,41078_R2_202607.zip,0.05
41078,\shp,41078_Rural_Building_202606.zip,0.0
41078,\shp,41078_Rural_Lot_202606.zip,1.18
41078,\shp,41078_Rural_Nomenclature_202606.zip,0.01
41078,\shp,41078_Rural_Sector_202606.zip,0.11
41078,\shp,41078_Rural_Vereda_202606.zip,0.33
41078,\shp,41078_Urban_Block_202606.zip,0.05
41078,\shp,41078_Urban_Building_202606.zip,0.17
41078,\shp,41078_Urban_Lot_202606.zip,0.15
41078,\shp,41078_Urban_Nomenclature_202606.zip,0.04
41078,\shp,41078_Urban_Nomenclature_Road_202606.zip,0.01
41078,\shp,41078_Urban_Perimeter_202606.zip,0.01
41078,\shp,41078_Urban_Sector_202606.zip,0.01
41132,\shp,41132_OSM_Road_202608.zip,0.2
41132,\shp,41132_R1_202607.zip,0.19
41132,\shp,41132_R2_202607.zip,0.2
41132,\shp,41132_Rural_Building_202606.zip,0.03
41132,\shp,41132_Rural_Lot_202606.zip,1.3
41132,\shp,41132_Rural_Nomenclature_202606.zip,0.05
41132,\shp,41132_Rural_Sector_202606.zip,0.05
41132,\shp,41132_Rural_Vereda_202606.zip,0.23
41132,\shp,41132_Urban_Block_202606.zip,0.35
41132,\shp,41132_Urban_Building_202606.zip,0.95
41132,\shp,41132_Urban_Lot_202606.zip,1.03
41132,\shp,41132_Urban_Nomenclature_202606.zip,0.59
41132,\shp,41132_Urban_Nomenclature_Road_202606.zip,0.08
41132,\shp,41132_Urban_Perimeter_202606.zip,0.01
41132,\shp,41132_Urban_Sector_202606.zip,0.01
4115,\shp,4115_Rural_Lot_202606.zip,0.0
41206,\shp,41206_OSM_Road_202608.zip,0.19
41206,\shp,41206_R1_202607.zip,0.06
41206,\shp,41206_R2_202607.zip,0.04
41206,\shp,41206_Urban_Block_202606.zip,0.06
41206,\shp,41206_Urban_Building_202606.zip,0.09
41206,\shp,41206_Urban_Lot_202606.zip,0.13
41206,\shp,41206_Urban_Nomenclature_202606.zip,0.02
41206,\shp,41206_Urban_Nomenclature_Road_202606.zip,0.01
41206,\shp,41206_Urban_Perimeter_202606.zip,0.01
41244,\shp,41244_OSM_Road_202608.zip,0.04
41244,\shp,41244_R1_202607.zip,0.03
41244,\shp,41244_R2_202607.zip,0.03
41244,\shp,41244_Rural_Building_202606.zip,0.0
41244,\shp,41244_Rural_Lot_202606.zip,0.38
41244,\shp,41244_Rural_Nomenclature_202606.zip,0.0
41244,\shp,41244_Rural_Sector_202606.zip,0.03
41244,\shp,41244_Rural_Vereda_202606.zip,0.08
41244,\shp,41244_Urban_Block_202606.zip,0.03
41244,\shp,41244_Urban_Building_202606.zip,0.06
41244,\shp,41244_Urban_Lot_202606.zip,0.07
41244,\shp,41244_Urban_Nomenclature_202606.zip,0.0
41244,\shp,41244_Urban_Nomenclature_Road_202606.zip,0.0
41244,\shp,41244_Urban_Perimeter_202606.zip,0.01
41244,\shp,41244_Urban_Sector_202606.zip,0.01
41298,\shp,41298_OSM_Road_202608.zip,0.38
41298,\shp,41298_Rural_Lot_202001.zip,2.06
41298,\shp,41298_Urban_Lot_202001.zip,1.35
41301,\shp,41301_Urban_Lot_202606.zip,0.0
41306,\shp,41306_OSM_Road_202608.zip,0.26
41306,\shp,41306_R1_202607.zip,0.14
41306,\shp,41306_R2_202607.zip,0.23
41306,\shp,41306_Rural_Building_202606.zip,1.08
41306,\shp,41306_Rural_Lot_202606.zip,3.9
41306,\shp,41306_Rural_Nomenclature_202606.zip,0.31
41306,\shp,41306_Rural_Sector_202606.zip,0.35
41306,\shp,41306_Rural_Vereda_202606.zip,0.89
41306,\shp,41306_Urban_Block_202606.zip,0.2
41306,\shp,41306_Urban_Building_202606.zip,0.64
41306,\shp,41306_Urban_Lot_202606.zip,0.64
41306,\shp,41306_Urban_Nomenclature_202606.zip,0.22
41306,\shp,41306_Urban_Perimeter_202606.zip,0.15
41306,\shp,41306_Urban_Sector_202606.zip,0.13
41319,\shp,41319_OSM_Road_202608.zip,0.11
41319,\shp,41319_R1_202607.zip,0.07
41319,\shp,41319_R2_202607.zip,0.07
41319,\shp,41319_Rural_Building_202606.zip,0.03
41319,\shp,41319_Rural_Lot_202606.zip,0.86
41319,\shp,41319_Rural_Nomenclature_202606.zip,0.02
41319,\shp,41319_Rural_Sector_202606.zip,0.02
41319,\shp,41319_Rural_Vereda_202606.zip,0.12
41319,\shp,41319_Urban_Block_202606.zip,0.06
41319,\shp,41319_Urban_Building_202606.zip,0.18
41319,\shp,41319_Urban_Lot_202606.zip,0.21
41319,\shp,41319_Urban_Nomenclature_202606.zip,0.02
41319,\shp,41319_Urban_Nomenclature_Road_202606.zip,0.01
41319,\shp,41319_Urban_Perimeter_202606.zip,0.01
41319,\shp,41319_Urban_Sector_202606.zip,0.01
41349,\shp,41349_OSM_Road_202608.zip,0.08
41349,\shp,41349_R1_202607.zip,0.04
41349,\shp,41349_R2_202607.zip,0.04
41349,\shp,41349_Rural_Building_202606.zip,0.01
41349,\shp,41349_Rural_Lot_202606.zip,0.63
41349,\shp,41349_Rural_Nomenclature_202606.zip,0.0
41349,\shp,41349_Rural_Sector_202606.zip,0.08
41349,\shp,41349_Rural_Vereda_202606.zip,0.1
41349,\shp,41349_Urban_Block_202606.zip,0.06
41349,\shp,41349_Urban_Building_202606.zip,0.18
41349,\shp,41349_Urban_Lot_202606.zip,0.21
41349,\shp,41349_Urban_Nomenclature_202606.zip,0.03
41349,\shp,41349_Urban_Nomenclature_Road_202606.zip,0.0
41349,\shp,41349_Urban_Perimeter_202606.zip,0.0
41349,\shp,41349_Urban_Sector_202606.zip,0.0
41357,\shp,41357_OSM_Road_202608.zip,0.09
41357,\shp,41357_R1_202607.zip,0.05
41357,\shp,41357_R2_202607.zip,0.05
41357,\shp,41357_Rural_Building_202606.zip,0.0
41357,\shp,41357_Rural_Lot_202606.zip,0.61
41357,\shp,41357_Rural_Nomenclature_202606.zip,0.0
41357,\shp,41357_Rural_Sector_202606.zip,0.03
41357,\shp,41357_Rural_Vereda_202606.zip,0.14
41357,\shp,41357_Urban_Block_202606.zip,0.07
41357,\shp,41357_Urban_Building_202606.zip,0.17
41357,\shp,41357_Urban_Lot_202606.zip,0.21
41357,\shp,41357_Urban_Neighborhood_202606.zip,0.0
41357,\shp,41357_Urban_Nomenclature_202606.zip,0.02
41357,\shp,41357_Urban_Nomenclature_Road_202606.zip,0.01
41357,\shp,41357_Urban_Perimeter_202606.zip,0.01
41357,\shp,41357_Urban_Sector_202606.zip,0.0
41359,\shp,41359_OSM_Road_202608.zip,0.22
41359,\shp,41359_R1_202607.zip,0.12
41359,\shp,41359_R2_202607.zip,0.14
41359,\shp,41359_Rural_Building_202606.zip,0.0
41359,\shp,41359_Rural_Lot_202606.zip,1.89
41359,\shp,41359_Rural_Nomenclature_202606.zip,0.03
41359,\shp,41359_Rural_Sector_202606.zip,0.06
41359,\shp,41359_Rural_Vereda_202606.zip,0.39
41359,\shp,41359_Urban_Block_202606.zip,0.08
41359,\shp,41359_Urban_Building_202606.zip,0.21
41359,\shp,41359_Urban_Lot_202606.zip,0.19
41359,\shp,41359_Urban_Neighborhood_202606.zip,0.0
41359,\shp,41359_Urban_Nomenclature_202606.zip,0.13
41359,\shp,41359_Urban_Nomenclature_Road_202606.zip,0.0
41359,\shp,41359_Urban_Perimeter_202606.zip,0.07
41359,\shp,41359_Urban_Sector_202606.zip,0.0
41378,\shp,41378_OSM_Road_202608.zip,0.09
41378,\shp,41378_R1_202607.zip,0.06
41378,\shp,41378_R2_202607.zip,0.07
41378,\shp,41378_Rural_Building_202606.zip,0.01
41378,\shp,41378_Rural_Lot_202606.zip,0.73
41378,\shp,41378_Rural_Nomenclature_202606.zip,0.02
41378,\shp,41378_Rural_Nomenclature_Road_202606.zip,0.0
41378,\shp,41378_Rural_Sector_202606.zip,0.04
41378,\shp,41378_Rural_Vereda_202606.zip,0.14
41378,\shp,41378_Urban_Block_202606.zip,0.09
41378,\shp,41378_Urban_Building_202606.zip,0.19
41378,\shp,41378_Urban_Lot_202606.zip,0.25
41378,\shp,41378_Urban_Nomenclature_202606.zip,0.07
41378,\shp,41378_Urban_Nomenclature_Road_202606.zip,0.01
41378,\shp,41378_Urban_Perimeter_202606.zip,0.01
41378,\shp,41378_Urban_Sector_202606.zip,0.01
41396,\shp,41396_OSM_Road_202608.zip,0.48
41396,\shp,41396_R1_202607.zip,0.25
41396,\shp,41396_R2_202607.zip,0.44
41396,\shp,41396_Rural_Building_202606.zip,1.12
41396,\shp,41396_Rural_Lot_202606.zip,5.36
41396,\shp,41396_Rural_Nomenclature_202606.zip,0.72
41396,\shp,41396_Rural_Nomenclature_Road_202606.zip,0.03
41396,\shp,41396_Rural_Sector_202606.zip,1.14
41396,\shp,41396_Rural_Vereda_202606.zip,1.89
41396,\shp,41396_Urban_Block_202606.zip,0.64
41396,\shp,41396_Urban_Building_202606.zip,1.36
41396,\shp,41396_Urban_Lot_202606.zip,1.82
41396,\shp,41396_Urban_Neighborhood_202606.zip,0.12
41396,\shp,41396_Urban_Nomenclature_202606.zip,0.58
41396,\shp,41396_Urban_Nomenclature_Road_202606.zip,0.14
41396,\shp,41396_Urban_Perimeter_202606.zip,0.02
41396,\shp,41396_Urban_Sector_202606.zip,0.02
41483,\shp,41483_OSM_Road_202608.zip,0.08
41483,\shp,41483_R1_202607.zip,0.03
41483,\shp,41483_R2_202607.zip,0.03
41483,\shp,41483_Rural_Building_202606.zip,0.0
41483,\shp,41483_Rural_Lot_202606.zip,0.42
41483,\shp,41483_Rural_Nomenclature_202606.zip,0.01
41483,\shp,41483_Rural_Sector_202606.zip,0.02
41483,\shp,41483_Rural_Vereda_202606.zip,0.06
41483,\shp,41483_Urban_Block_202606.zip,0.03
41483,\shp,41483_Urban_Building_202606.zip,0.06
41483,\shp,41483_Urban_Lot_202606.zip,0.09
41483,\shp,41483_Urban_Nomenclature_202606.zip,0.01
41483,\shp,41483_Urban_Nomenclature_Road_202606.zip,0.01
41483,\shp,41483_Urban_Perimeter_202606.zip,0.0
41483,\shp,41483_Urban_Sector_202606.zip,0.0
41503,\shp,41503_OSM_Road_202608.zip,0.1
41503,\shp,41503_R1_202607.zip,0.05
41503,\shp,41503_R2_202607.zip,0.05
41503,\shp,41503_Rural_Building_202606.zip,0.0
41503,\shp,41503_Rural_Lot_202606.zip,1.07
41503,\shp,41503_Rural_Nomenclature_202606.zip,0.01
41503,\shp,41503_Rural_Sector_202606.zip,0.04
41503,\shp,41503_Rural_Vereda_202606.zip,0.18
41503,\shp,41503_Urban_Block_202606.zip,0.04
41503,\shp,41503_Urban_Building_202606.zip,0.1
41503,\shp,41503_Urban_Lot_202606.zip,0.09
41503,\shp,41503_Urban_Neighborhood_202606.zip,0.0
41503,\shp,41503_Urban_Nomenclature_202606.zip,0.05
41503,\shp,41503_Urban_Nomenclature_Road_202606.zip,0.01
41503,\shp,41503_Urban_Perimeter_202606.zip,0.0
41503,\shp,41503_Urban_Sector_202606.zip,0.0
41518,\shp,41518_OSM_Road_202608.zip,0.1
41518,\shp,41518_R1_202607.zip,0.03
41518,\shp,41518_R2_202607.zip,0.03
41518,\shp,41518_Rural_Building_202606.zip,0.01
41518,\shp,41518_Rural_Lot_202606.zip,0.55
41518,\shp,41518_Rural_Nomenclature_202606.zip,0.01
41518,\shp,41518_Rural_Sector_202606.zip,0.04
41518,\shp,41518_Rural_Vereda_202606.zip,0.1
41518,\shp,41518_Urban_Block_202606.zip,0.04
41518,\shp,41518_Urban_Building_202606.zip,0.08
41518,\shp,41518_Urban_Lot_202606.zip,0.11
41518,\shp,41518_Urban_Neighborhood_202606.zip,0.01
41518,\shp,41518_Urban_Nomenclature_202606.zip,0.0
41518,\shp,41518_Urban_Nomenclature_Road_202606.zip,0.01
41518,\shp,41518_Urban_Perimeter_202606.zip,0.01
41518,\shp,41518_Urban_Sector_202606.zip,0.01
41524,\shp,41524_OSM_Road_202608.zip,0.31
41524,\shp,41524_R1_202607.zip,0.22
41524,\shp,41524_R2_202607.zip,0.22
41524,\shp,41524_Rural_Building_202606.zip,0.19
41524,\shp,41524_Rural_Lot_202606.zip,2.1
41524,\shp,41524_Rural_Nomenclature_202606.zip,0.09
41524,\shp,41524_Rural_Sector_202606.zip,0.09
41524,\shp,41524_Rural_Vereda_202606.zip,0.35
41524,\shp,41524_Urban_Block_202606.zip,0.25
41524,\shp,41524_Urban_Building_202606.zip,0.81
41524,\shp,41524_Urban_Lot_202606.zip,0.88
41524,\shp,41524_Urban_Neighborhood_202606.zip,0.01
41524,\shp,41524_Urban_Nomenclature_202606.zip,0.42
41524,\shp,41524_Urban_Nomenclature_Road_202606.zip,0.07
41524,\shp,41524_Urban_Perimeter_202606.zip,0.01
41524,\shp,41524_Urban_Sector_202606.zip,0.01
41530,\shp,41530_OSM_Road_202608.zip,0.12
41530,\shp,41530_R1_202607.zip,0.04
41530,\shp,41530_R2_202607.zip,0.05
41530,\shp,41530_Rural_Building_202606.zip,0.0
41530,\shp,41530_Rural_Lot_202606.zip,1.01
41530,\shp,41530_Rural_Nomenclature_202606.zip,0.0
41530,\shp,41530_Rural_Sector_202606.zip,0.04
41530,\shp,41530_Rural_Vereda_202606.zip,0.29
41530,\shp,41530_Urban_Block_202606.zip,0.03
41530,\shp,41530_Urban_Building_202606.zip,0.07
41530,\shp,41530_Urban_Lot_202606.zip,0.06
41530,\shp,41530_Urban_Nomenclature_202606.zip,0.04
41530,\shp,41530_Urban_Nomenclature_Road_202606.zip,0.01
41530,\shp,41530_Urban_Sector_202606.zip,0.01
41548,\shp,41548_OSM_Road_202608.zip,0.13
41548,\shp,41548_R1_202607.zip,0.06
41548,\shp,41548_R2_202607.zip,0.11
41548,\shp,41548_Rural_Building_202606.zip,0.45
41548,\shp,41548_Rural_Lot_202606.zip,2.76
41548,\shp,41548_Rural_Nomenclature_202606.zip,0.21
41548,\shp,41548_Rural_Sector_202606.zip,1.01
41548,\shp,41548_Rural_Vereda_202606.zip,1.32
41548,\shp,41548_Urban_Block_202606.zip,0.08
41548,\shp,41548_Urban_Building_202606.zip,0.17
41548,\shp,41548_Urban_Lot_202606.zip,0.27
41548,\shp,41548_Urban_Nomenclature_202606.zip,0.11
41548,\shp,41548_Urban_Nomenclature_Road_202606.zip,0.01
41548,\shp,41548_Urban_Perimeter_202606.zip,0.01
41548,\shp,41548_Urban_Sector_202606.zip,0.07
41551,\shp,41551_OSM_Road_202608.zip,0.83
41551,\shp,41551_R1_202607.zip,0.56
41551,\shp,41551_R2_202607.zip,0.57
41551,\shp,41551_Rural_Building_202606.zip,0.1
41551,\shp,41551_Rural_Lot_202606.zip,3.88
41551,\shp,41551_Rural_Nomenclature_202606.zip,0.28
41551,\shp,41551_Rural_Sector_202606.zip,0.08
41551,\shp,41551_Rural_Vereda_202606.zip,0.61
41551,\shp,41551_Urban_Block_202606.zip,0.87
41551,\shp,41551_Urban_Building_202606.zip,2.95
41551,\shp,41551_Urban_Lot_202606.zip,3.46
41551,\shp,41551_Urban_Nomenclature_202606.zip,0.75
41551,\shp,41551_Urban_Nomenclature_Road_202606.zip,0.13
41551,\shp,41551_Urban_Perimeter_202606.zip,0.02
41551,\shp,41551_Urban_Sector_202606.zip,0.03
41615,\shp,41615_OSM_Road_202608.zip,0.2
41615,\shp,41615_R1_202607.zip,0.22
41615,\shp,41615_R2_202607.zip,0.24
41615,\shp,41615_Rural_Building_202606.zip,0.07
41615,\shp,41615_Rural_Lot_202606.zip,1.58
41615,\shp,41615_Rural_Nomenclature_202606.zip,0.14
41615,\shp,41615_Rural_Sector_202606.zip,0.05
41615,\shp,41615_Rural_Vereda_202606.zip,0.88
41615,\shp,41615_Urban_Block_202606.zip,0.34
41615,\shp,41615_Urban_Building_202606.zip,0.89
41615,\shp,41615_Urban_Lot_202606.zip,0.9
41615,\shp,41615_Urban_Neighborhood_202606.zip,0.03
41615,\shp,41615_Urban_Nomenclature_202606.zip,0.41
41615,\shp,41615_Urban_Nomenclature_Road_202606.zip,0.07
41615,\shp,41615_Urban_Perimeter_202606.zip,0.03
41615,\shp,41615_Urban_Sector_202606.zip,0.03
41660,\shp,41660_OSM_Road_202608.zip,0.09
41660,\shp,41660_R1_202607.zip,0.05
41660,\shp,41660_R2_202607.zip,0.06
41660,\shp,41660_Rural_Building_202606.zip,0.02
41660,\shp,41660_Rural_Lot_202606.zip,1.23
41660,\shp,41660_Rural_Nomenclature_202606.zip,0.02
41660,\shp,41660_Rural_Sector_202606.zip,0.08
41660,\shp,41660_Rural_Vereda_202606.zip,0.26
41660,\shp,41660_Urban_Block_202606.zip,0.04
41660,\shp,41660_Urban_Building_202606.zip,0.09
41660,\shp,41660_Urban_Lot_202606.zip,0.08
41660,\shp,41660_Urban_Nomenclature_202606.zip,0.05
41660,\shp,41660_Urban_Nomenclature_Road_202606.zip,0.0
41660,\shp,41660_Urban_Perimeter_202606.zip,0.01
41660,\shp,41660_Urban_Sector_202606.zip,0.01
41668,\shp,41668_OSM_Road_202608.zip,0.26
41668,\shp,41668_R1_202607.zip,0.13
41668,\shp,41668_R2_202607.zip,0.14
41668,\shp,41668_Rural_Building_202606.zip,0.0
41668,\shp,41668_Rural_Lot_202606.zip,2.26
41668,\shp,41668_Rural_Nomenclature_202606.zip,0.04
41668,\shp,41668_Rural_Sector_202606.zip,0.06
41668,\shp,41668_Rural_Vereda_202606.zip,0.47
41668,\shp,41668_Urban_Block_202606.zip,0.13
41668,\shp,41668_Urban_Building_202606.zip,0.44
41668,\shp,41668_Urban_Lot_202606.zip,0.39
41668,\shp,41668_Urban_Nomenclature_202606.zip,0.22
41668,\shp,41668_Urban_Nomenclature_Road_202606.zip,0.02
41668,\shp,41668_Urban_Perimeter_202606.zip,0.01
41668,\shp,41668_Urban_Sector_202606.zip,0.01
41676,\shp,41676_OSM_Road_202608.zip,0.16
41676,\shp,41676_R1_202607.zip,0.04
41676,\shp,41676_R2_202607.zip,0.05
41676,\shp,41676_Rural_Building_202606.zip,0.0
41676,\shp,41676_Rural_Lot_202606.zip,1.04
41676,\shp,41676_Rural_Nomenclature_202606.zip,0.01
41676,\shp,41676_Rural_Sector_202606.zip,0.03
41676,\shp,41676_Rural_Vereda_202606.zip,0.26
41676,\shp,41676_Urban_Block_202606.zip,0.07
41676,\shp,41676_Urban_Building_202606.zip,0.14
41676,\shp,41676_Urban_Lot_202606.zip,0.2
41676,\shp,41676_Urban_Neighborhood_202606.zip,0.01
41676,\shp,41676_Urban_Nomenclature_202606.zip,0.03
41676,\shp,41676_Urban_Nomenclature_Road_202606.zip,0.01
41676,\shp,41676_Urban_Perimeter_202606.zip,0.01
41676,\shp,41676_Urban_Sector_202606.zip,0.01
41770,\shp,41770_OSM_Road_202608.zip,0.16
41770,\shp,41770_R1_202607.zip,0.07
41770,\shp,41770_R2_202607.zip,0.07
41770,\shp,41770_Rural_Building_202606.zip,0.01
41770,\shp,41770_Rural_Lot_202606.zip,1.02
41770,\shp,41770_Rural_Nomenclature_202606.zip,0.01
41770,\shp,41770_Rural_Sector_202606.zip,0.06
41770,\shp,41770_Rural_Vereda_202606.zip,0.14
41770,\shp,41770_Urban_Block_202606.zip,0.05
41770,\shp,41770_Urban_Building_202606.zip,0.17
41770,\shp,41770_Urban_Lot_202606.zip,0.16
41770,\shp,41770_Urban_Nomenclature_202606.zip,0.01
41770,\shp,41770_Urban_Nomenclature_Road_202606.zip,0.0
41770,\shp,41770_Urban_Perimeter_202606.zip,0.01
41791,\shp,41791_OSM_Road_202608.zip,0.12
41791,\shp,41791_R1_202607.zip,0.11
41791,\shp,41791_R2_202607.zip,0.12
41791,\shp,41791_Rural_Building_202606.zip,0.01
41791,\shp,41791_Rural_Lot_202606.zip,1.61
41791,\shp,41791_Rural_Nomenclature_202606.zip,0.01
41791,\shp,41791_Rural_Sector_202606.zip,0.09
41791,\shp,41791_Rural_Vereda_202606.zip,0.36
41791,\shp,41791_Urban_Block_202606.zip,0.1
41791,\shp,41791_Urban_Building_202606.zip,0.27
41791,\shp,41791_Urban_Lot_202606.zip,0.28
41791,\shp,41791_Urban_Nomenclature_202606.zip,0.12
41791,\shp,41791_Urban_Nomenclature_Road_202606.zip,0.02
41791,\shp,41791_Urban_Perimeter_202606.zip,0.02
41791,\shp,41791_Urban_Sector_202606.zip,0.02
41797,\shp,41797_OSM_Road_202608.zip,0.12
41797,\shp,41797_R1_202607.zip,0.05
41797,\shp,41797_R2_202607.zip,0.05
41797,\shp,41797_Rural_Building_202606.zip,0.0
41797,\shp,41797_Rural_Lot_202606.zip,0.5
41797,\shp,41797_Rural_Nomenclature_202606.zip,0.01
41797,\shp,41797_Rural_Sector_202606.zip,0.03
41797,\shp,41797_Rural_Vereda_202606.zip,0.09
41797,\shp,41797_Urban_Block_202606.zip,0.13
41797,\shp,41797_Urban_Building_202606.zip,0.36
41797,\shp,41797_Urban_Lot_202606.zip,0.4
41797,\shp,41797_Urban_Nomenclature_202606.zip,0.15
41797,\shp,41797_Urban_Nomenclature_Road_202606.zip,0.04
41797,\shp,41797_Urban_Perimeter_202606.zip,0.02
41797,\shp,41797_Urban_Sector_202606.zip,0.02
41799,\shp,41799_OSM_Road_202608.zip,0.14
41799,\shp,41799_R1_202607.zip,0.06
41799,\shp,41799_R2_202607.zip,0.07
41799,\shp,41799_Rural_Building_202606.zip,0.01
41799,\shp,41799_Rural_Lot_202606.zip,1.07
41799,\shp,41799_Rural_Nomenclature_202606.zip,0.02
41799,\shp,41799_Rural_Sector_202606.zip,0.05
41799,\shp,41799_Rural_Vereda_202606.zip,0.2
41799,\shp,41799_Urban_Block_202606.zip,0.09
41799,\shp,41799_Urban_Building_202606.zip,0.23
41799,\shp,41799_Urban_Lot_202606.zip,0.24
41799,\shp,41799_Urban_Nomenclature_202606.zip,0.03
41799,\shp,41799_Urban_Nomenclature_Road_202606.zip,0.01
41799,\shp,41799_Urban_Perimeter_202606.zip,0.01
41799,\shp,41799_Urban_Sector_202606.zip,0.01
41801,\shp,41801_OSM_Road_202608.zip,0.09
41801,\shp,41801_R1_202607.zip,0.05
41801,\shp,41801_R2_202607.zip,0.05
41801,\shp,41801_Rural_Building_202606.zip,0.01
41801,\shp,41801_Rural_Lot_202606.zip,0.55
41801,\shp,41801_Rural_Nomenclature_202606.zip,0.03
41801,\shp,41801_Rural_Nomenclature_Road_202606.zip,0.01
41801,\shp,41801_Rural_Sector_202606.zip,0.04
41801,\shp,41801_Rural_Vereda_202606.zip,0.12
41801,\shp,41801_Urban_Block_202606.zip,0.05
41801,\shp,41801_Urban_Building_202606.zip,0.12
41801,\shp,41801_Urban_Lot_202606.zip,0.14
41801,\shp,41801_Urban_Neighborhood_202606.zip,0.0
41801,\shp,41801_Urban_Nomenclature_202606.zip,0.01
41801,\shp,41801_Urban_Nomenclature_Road_202606.zip,0.01
41801,\shp,41801_Urban_Perimeter_202606.zip,0.0
41801,\shp,41801_Urban_Sector_202606.zip,0.0
41807,\shp,41807_OSM_Road_202608.zip,0.17
41807,\shp,41807_R1_202607.zip,0.14
41807,\shp,41807_R2_202607.zip,0.15
41807,\shp,41807_Rural_Building_202606.zip,0.01
41807,\shp,41807_Rural_Lot_202606.zip,2.04
41807,\shp,41807_Rural_Nomenclature_202606.zip,0.02
41807,\shp,41807_Rural_Sector_202606.zip,0.08
41807,\shp,41807_Rural_Vereda_202606.zip,0.28
41807,\shp,41807_Urban_Block_202606.zip,0.11
41807,\shp,41807_Urban_Building_202606.zip,0.33
41807,\shp,41807_Urban_Lot_202606.zip,0.33
41807,\shp,41807_Urban_Nomenclature_202606.zip,0.14
41807,\shp,41807_Urban_Nomenclature_Road_202606.zip,0.02
41807,\shp,41807_Urban_Perimeter_202606.zip,0.01
41807,\shp,41807_Urban_Sector_202606.zip,0.01
41872,\shp,41872_OSM_Road_202608.zip,0.14
41872,\shp,41872_R1_202607.zip,0.07
41872,\shp,41872_R2_202607.zip,0.07
41872,\shp,41872_Rural_Building_202606.zip,0.0
41872,\shp,41872_Rural_Lot_202606.zip,0.54
41872,\shp,41872_Rural_Nomenclature_202606.zip,0.01
41872,\shp,41872_Rural_Sector_202606.zip,0.07
41872,\shp,41872_Rural_Vereda_202606.zip,0.12
41872,\shp,41872_Urban_Block_202606.zip,0.17
41872,\shp,41872_Urban_Building_202606.zip,0.3
41872,\shp,41872_Urban_Lot_202606.zip,0.34
41872,\shp,41872_Urban_Neighborhood_202606.zip,0.01
41872,\shp,41872_Urban_Nomenclature_202606.zip,0.03
41872,\shp,41872_Urban_Nomenclature_Road_202606.zip,0.03
41872,\shp,41872_Urban_Perimeter_202606.zip,0.02
41872,\shp,41872_Urban_Sector_202606.zip,0.02
41879,\shp,41879_Urban_Building_202606.zip,0.0
41885,\shp,41885_OSM_Road_202608.zip,0.07
41885,\shp,41885_R1_202607.zip,0.06
41885,\shp,41885_R2_202607.zip,0.06
41885,\shp,41885_Rural_Building_202606.zip,0.01
41885,\shp,41885_Rural_Lot_202606.zip,0.65
41885,\shp,41885_Rural_Nomenclature_202606.zip,0.0
41885,\shp,41885_Rural_Sector_202606.zip,0.05
41885,\shp,41885_Rural_Vereda_202606.zip,0.09
41885,\shp,41885_Urban_Block_202606.zip,0.09
41885,\shp,41885_Urban_Building_202606.zip,0.29
41885,\shp,41885_Urban_Lot_202606.zip,0.28
41885,\shp,41885_Urban_Neighborhood_202606.zip,0.01
41885,\shp,41885_Urban_Nomenclature_202606.zip,0.16
41885,\shp,41885_Urban_Nomenclature_Road_202606.zip,0.02
41885,\shp,41885_Urban_Perimeter_202606.zip,0.01
41885,\shp,41885_Urban_Sector_202606.zip,0.01
44001,\shp,44001_OSM_Road_202608.zip,0.55
44001,\shp,44001_R1_202607.zip,0.69
44001,\shp,44001_R2_202607.zip,0.68
44001,\shp,44001_Rural_Building_202606.zip,0.0
44001,\shp,44001_Rural_Lot_202606.zip,1.61
44001,\shp,44001_Rural_Nomenclature_202606.zip,0.04
44001,\shp,44001_Rural_Sector_202606.zip,0.41
44001,\shp,44001_Rural_Vereda_202606.zip,0.48
44001,\shp,44001_Urban_Block_202606.zip,0.2
44001,\shp,44001_Urban_Building_202606.zip,0.33
44001,\shp,44001_Urban_Lot_202606.zip,0.42
44001,\shp,44001_Urban_Neighborhood_202606.zip,0.0
44001,\shp,44001_Urban_Nomenclature_202606.zip,0.27
44001,\shp,44001_Urban_Nomenclature_Road_202606.zip,0.04
44001,\shp,44001_Urban_Perimeter_202606.zip,0.01
44001,\shp,44001_Urban_Sector_202606.zip,0.0
44035,\shp,44035_OSM_Road_202608.zip,0.15
44035,\shp,44035_R1_202607.zip,0.06
44035,\shp,44035_R2_202607.zip,0.06
44035,\shp,44035_Rural_Building_202606.zip,0.05
44035,\shp,44035_Rural_Lot_202606.zip,0.33
44035,\shp,44035_Rural_Nomenclature_202606.zip,0.0
44035,\shp,44035_Rural_Nomenclature_Road_202606.zip,0.0
44035,\shp,44035_Rural_Sector_202606.zip,0.08
44035,\shp,44035_Rural_Vereda_202606.zip,0.14
44035,\shp,44035_Urban_Block_202606.zip,0.11
44035,\shp,44035_Urban_Building_202606.zip,0.28
44035,\shp,44035_Urban_Lot_202606.zip,0.27
44035,\shp,44035_Urban_Nomenclature_202606.zip,0.17
44035,\shp,44035_Urban_Nomenclature_Road_202606.zip,0.03
44035,\shp,44035_Urban_Perimeter_202606.zip,0.01
44078,\shp,44078_OSM_Road_202608.zip,0.19
44078,\shp,44078_R1_202607.zip,0.08
44078,\shp,44078_R2_202607.zip,0.1
44078,\shp,44078_Rural_Building_202606.zip,0.16
44078,\shp,44078_Rural_Lot_202606.zip,0.95
44078,\shp,44078_Rural_Nomenclature_202606.zip,0.0
44078,\shp,44078_Rural_Nomenclature_Road_202606.zip,0.0
44078,\shp,44078_Rural_Sector_202606.zip,0.18
44078,\shp,44078_Rural_Vereda_202606.zip,0.23
44078,\shp,44078_Urban_Block_202606.zip,0.3
44078,\shp,44078_Urban_Building_202606.zip,0.59
44078,\shp,44078_Urban_Lot_202606.zip,0.64
44078,\shp,44078_Urban_Neighborhood_202606.zip,0.01
44078,\shp,44078_Urban_Nomenclature_202606.zip,0.39
44078,\shp,44078_Urban_Nomenclature_Road_202606.zip,0.0
44078,\shp,44078_Urban_Perimeter_202606.zip,0.01
44078,\shp,44078_Urban_Sector_202606.zip,0.01
44090,\shp,44090_OSM_Road_202608.zip,0.25
44090,\shp,44090_R1_202607.zip,0.08
44090,\shp,44090_R2_202607.zip,0.09
44090,\shp,44090_Rural_Building_202606.zip,0.0
44090,\shp,44090_Rural_Lot_202606.zip,0.37
44090,\shp,44090_Rural_Nomenclature_202606.zip,0.01
44090,\shp,44090_Rural_Nomenclature_Road_202606.zip,0.0
44090,\shp,44090_Rural_Sector_202606.zip,0.08
44090,\shp,44090_Rural_Vereda_202606.zip,0.13
44090,\shp,44090_Urban_Block_202606.zip,0.13
44090,\shp,44090_Urban_Building_202606.zip,0.17
44090,\shp,44090_Urban_Lot_202606.zip,0.26
44090,\shp,44090_Urban_Neighborhood_202606.zip,0.0
44090,\shp,44090_Urban_Nomenclature_202606.zip,0.19
44090,\shp,44090_Urban_Nomenclature_Road_202606.zip,0.03
44090,\shp,44090_Urban_Perimeter_202606.zip,0.01
44090,\shp,44090_Urban_Sector_202606.zip,0.08
44098,\shp,44098_OSM_Road_202608.zip,0.06
44098,\shp,44098_R1_202607.zip,0.04
44098,\shp,44098_R2_202607.zip,0.05
44098,\shp,44098_Rural_Building_202606.zip,0.02
44098,\shp,44098_Rural_Lot_202606.zip,0.77
44098,\shp,44098_Rural_Sector_202606.zip,0.12
44098,\shp,44098_Rural_Vereda_202606.zip,0.16
44098,\shp,44098_Urban_Block_202606.zip,0.04
44098,\shp,44098_Urban_Building_202606.zip,0.09
44098,\shp,44098_Urban_Lot_202606.zip,0.08
44098,\shp,44098_Urban_Neighborhood_202606.zip,0.0
44098,\shp,44098_Urban_Nomenclature_202606.zip,0.03
44098,\shp,44098_Urban_Nomenclature_Road_202606.zip,0.01
44098,\shp,44098_Urban_Perimeter_202606.zip,0.0
44098,\shp,44098_Urban_Sector_202606.zip,0.0
44110,\shp,44110_OSM_Road_202608.zip,0.04
44110,\shp,44110_R1_202607.zip,0.03
44110,\shp,44110_R2_202607.zip,0.03
44110,\shp,44110_Rural_Building_202606.zip,0.0
44110,\shp,44110_Rural_Lot_202606.zip,0.11
44110,\shp,44110_Rural_Nomenclature_202606.zip,0.0
44110,\shp,44110_Rural_Sector_202606.zip,0.03
44110,\shp,44110_Rural_Vereda_202606.zip,0.03
44110,\shp,44110_Urban_Block_202606.zip,0.08
44110,\shp,44110_Urban_Building_202606.zip,0.14
44110,\shp,44110_Urban_Lot_202606.zip,0.18
44110,\shp,44110_Urban_Nomenclature_202606.zip,0.1
44110,\shp,44110_Urban_Nomenclature_Road_202606.zip,0.01
44110,\shp,44110_Urban_Perimeter_202606.zip,0.0
44279,\shp,44279_OSM_Road_202608.zip,0.17
44279,\shp,44279_R1_202607.zip,0.13
44279,\shp,44279_R2_202607.zip,0.16
44279,\shp,44279_Rural_Building_202606.zip,0.05
44279,\shp,44279_Rural_Lot_202606.zip,0.4
44279,\shp,44279_Rural_Nomenclature_202606.zip,0.0
44279,\shp,44279_Urban_Block_202606.zip,0.54
44279,\shp,44279_Urban_Building_202606.zip,1.24
44279,\shp,44279_Urban_Lot_202606.zip,1.43
44279,\shp,44279_Urban_Neighborhood_202606.zip,0.02
44279,\shp,44279_Urban_Nomenclature_202606.zip,0.6
44279,\shp,44279_Urban_Nomenclature_Road_202606.zip,0.03
44279,\shp,44279_Urban_Perimeter_202606.zip,0.02
44279,\shp,44279_Urban_Sector_202606.zip,0.02
44378,\shp,44378_OSM_Road_202608.zip,0.07
44378,\shp,44378_R1_202607.zip,0.04
44378,\shp,44378_R2_202607.zip,0.05
44378,\shp,44378_Rural_Building_202606.zip,0.04
44378,\shp,44378_Rural_Lot_202606.zip,0.25
44378,\shp,44378_Rural_Nomenclature_202606.zip,0.0
44378,\shp,44378_Rural_Sector_202606.zip,0.08
44378,\shp,44378_Rural_Vereda_202606.zip,0.09
44378,\shp,44378_Urban_Block_202606.zip,0.14
44378,\shp,44378_Urban_Building_202606.zip,0.33
44378,\shp,44378_Urban_Lot_202606.zip,0.37
44378,\shp,44378_Urban_Neighborhood_202606.zip,0.0
44378,\shp,44378_Urban_Nomenclature_202606.zip,0.18
44378,\shp,44378_Urban_Nomenclature_Road_202606.zip,0.04
44378,\shp,44378_Urban_Perimeter_202606.zip,0.0
44378,\shp,44378_Urban_Sector_202606.zip,0.0
44420,\shp,44420_OSM_Road_202608.zip,0.03
44420,\shp,44420_R1_202607.zip,0.02
44420,\shp,44420_R2_202607.zip,0.02
44420,\shp,44420_Rural_Building_202606.zip,0.02
44420,\shp,44420_Rural_Lot_202606.zip,0.12
44420,\shp,44420_Rural_Nomenclature_202606.zip,0.0
44420,\shp,44420_Rural_Sector_202606.zip,0.04
44420,\shp,44420_Rural_Vereda_202606.zip,0.04
44420,\shp,44420_Urban_Block_202606.zip,0.03
44420,\shp,44420_Urban_Building_202606.zip,0.05
44420,\shp,44420_Urban_Lot_202606.zip,0.05
44420,\shp,44420_Urban_Nomenclature_202606.zip,0.03
44420,\shp,44420_Urban_Nomenclature_Road_202606.zip,0.01
44420,\shp,44420_Urban_Perimeter_202606.zip,0.0
44420,\shp,44420_Urban_Sector_202606.zip,0.0
44430,\shp,44430_OSM_Road_202608.zip,0.76
44430,\shp,44430_R1_202607.zip,0.4
44430,\shp,44430_R2_202607.zip,0.4
44430,\shp,44430_Rural_Building_202606.zip,0.02
44430,\shp,44430_Rural_Lot_202606.zip,0.27
44430,\shp,44430_Rural_Nomenclature_202606.zip,0.02
44430,\shp,44430_Rural_Nomenclature_Road_202606.zip,0.02
44430,\shp,44430_Rural_Sector_202606.zip,0.11
44430,\shp,44430_Rural_Vereda_202606.zip,0.12
44430,\shp,44430_Urban_Block_202606.zip,1.15
44430,\shp,44430_Urban_Building_202606.zip,2.56
44430,\shp,44430_Urban_Lot_202606.zip,3.09
44430,\shp,44430_Urban_Neighborhood_202606.zip,0.09
44430,\shp,44430_Urban_Nomenclature_202606.zip,1.58
44430,\shp,44430_Urban_Nomenclature_Road_202606.zip,0.25
44430,\shp,44430_Urban_Perimeter_202606.zip,0.01
44430,\shp,44430_Urban_Sector_202606.zip,0.02
44487,\shp,44487_Urban_Lot_202001.zip,0.0
44560,\shp,44560_OSM_Road_202608.zip,0.41
44560,\shp,44560_R1_202607.zip,0.05
44560,\shp,44560_R2_202607.zip,0.05
44560,\shp,44560_Rural_Building_202606.zip,0.04
44560,\shp,44560_Rural_Lot_202606.zip,0.08
44560,\shp,44560_Rural_Nomenclature_202606.zip,0.02
44560,\shp,44560_Rural_Sector_202606.zip,0.08
44560,\shp,44560_Rural_Vereda_202606.zip,0.07
44560,\shp,44560_Urban_Block_202606.zip,0.0
44560,\shp,44560_Urban_Lot_202606.zip,0.0
44560,\shp,44560_Urban_Perimeter_202606.zip,0.0
44560,\shp,44560_Urban_Sector_202606.zip,0.0
44650,\shp,44650_OSM_Road_202608.zip,0.3
44650,\shp,44650_R1_202607.zip,0.2
44650,\shp,44650_R2_202607.zip,0.25
44650,\shp,44650_Rural_Building_202606.zip,0.01
44650,\shp,44650_Rural_Lot_202606.zip,1.34
44650,\shp,44650_Rural_Nomenclature_202606.zip,0.01
44650,\shp,44650_Rural_Nomenclature_Road_202606.zip,0.0
44650,\shp,44650_Rural_Sector_202606.zip,0.36
44650,\shp,44650_Rural_Vereda_202606.zip,0.37
44650,\shp,44650_Urban_Block_202606.zip,0.71
44650,\shp,44650_Urban_Building_202606.zip,1.43
44650,\shp,44650_Urban_Lot_202606.zip,1.72
44650,\shp,44650_Urban_Neighborhood_202606.zip,0.01
44650,\shp,44650_Urban_Nomenclature_202606.zip,0.97
44650,\shp,44650_Urban_Nomenclature_Road_202606.zip,0.15
44650,\shp,44650_Urban_Perimeter_202606.zip,0.07
44650,\shp,44650_Urban_Sector_202606.zip,0.01
44847,\shp,44847_OSM_Road_202608.zip,1.29
44847,\shp,44847_R1_202607.zip,0.05
44847,\shp,44847_R2_202607.zip,0.05
44847,\shp,44847_Rural_Building_202606.zip,0.14
44847,\shp,44847_Rural_Lot_202606.zip,0.03
44847,\shp,44847_Rural_Nomenclature_202606.zip,0.08
44847,\shp,44847_Rural_Nomenclature_Road_202606.zip,0.01
44847,\shp,44847_Rural_Sector_202606.zip,0.03
44847,\shp,44847_Rural_Vereda_202606.zip,0.03
44847,\shp,44847_Urban_Block_202606.zip,0.11
44847,\shp,44847_Urban_Building_202606.zip,0.16
44847,\shp,44847_Urban_Lot_202606.zip,0.28
44847,\shp,44847_Urban_Neighborhood_202606.zip,0.01
44847,\shp,44847_Urban_Nomenclature_202606.zip,0.17
44847,\shp,44847_Urban_Nomenclature_Road_202606.zip,0.03
44847,\shp,44847_Urban_Perimeter_202606.zip,0.0
44847,\shp,44847_Urban_Sector_202606.zip,0.01
44855,\shp,44855_OSM_Road_202608.zip,0.08
44855,\shp,44855_R1_202607.zip,0.04
44855,\shp,44855_R2_202607.zip,0.04
44855,\shp,44855_Rural_Lot_202606.zip,0.23
44855,\shp,44855_Rural_Nomenclature_202606.zip,0.0
44855,\shp,44855_Rural_Sector_202606.zip,0.05
44855,\shp,44855_Rural_Vereda_202606.zip,0.05
44855,\shp,44855_Urban_Block_202606.zip,0.11
44855,\shp,44855_Urban_Building_202606.zip,0.29
44855,\shp,44855_Urban_Lot_202606.zip,0.25
44855,\shp,44855_Urban_Nomenclature_202606.zip,0.18
44855,\shp,44855_Urban_Nomenclature_Road_202606.zip,0.01
44855,\shp,44855_Urban_Perimeter_202606.zip,0.01
44874,\shp,44874_OSM_Road_202608.zip,0.07
44874,\shp,44874_R1_202607.zip,0.09
44874,\shp,44874_R2_202607.zip,0.09
44874,\shp,44874_Rural_Building_202606.zip,0.0
44874,\shp,44874_Rural_Lot_202606.zip,0.19
44874,\shp,44874_Rural_Nomenclature_202606.zip,0.0
44874,\shp,44874_Rural_Sector_202606.zip,0.06
44874,\shp,44874_Rural_Vereda_202606.zip,0.06
44874,\shp,44874_Urban_Block_202606.zip,0.26
44874,\shp,44874_Urban_Building_202606.zip,0.5
44874,\shp,44874_Urban_Lot_202606.zip,0.62
44874,\shp,44874_Urban_Nomenclature_202606.zip,0.31
44874,\shp,44874_Urban_Nomenclature_Road_202606.zip,0.04
44874,\shp,44874_Urban_Perimeter_202606.zip,0.0
47001,\shp,47001_OSM_Road_202608.zip,1.28
47001,\shp,47001_Rural_Lot_202001.zip,1.49
47001,\shp,47001_Urban_Lot_202001.zip,0.36
47030,\shp,47030_OSM_Road_202608.zip,0.07
47030,\shp,47030_R1_202607.zip,0.04
47030,\shp,47030_R2_202607.zip,0.04
47030,\shp,47030_Rural_Building_202606.zip,0.02
47030,\shp,47030_Rural_Lot_202606.zip,0.18
47030,\shp,47030_Rural_Nomenclature_202606.zip,0.0
47030,\shp,47030_Rural_Nomenclature_Road_202606.zip,0.0
47030,\shp,47030_Rural_Sector_202606.zip,0.04
47030,\shp,47030_Rural_Vereda_202606.zip,0.05
47030,\shp,47030_Urban_Block_202606.zip,0.1
47030,\shp,47030_Urban_Building_202606.zip,0.17
47030,\shp,47030_Urban_Lot_202606.zip,0.19
47030,\shp,47030_Urban_Neighborhood_202606.zip,0.01
47030,\shp,47030_Urban_Nomenclature_202606.zip,0.13
47030,\shp,47030_Urban_Nomenclature_Road_202606.zip,0.02
47030,\shp,47030_Urban_Perimeter_202606.zip,0.0
47030,\shp,47030_Urban_Sector_202606.zip,0.01
47053,\shp,47053_OSM_Road_202608.zip,0.21
47053,\shp,47053_R1_202607.zip,0.1
47053,\shp,47053_R2_202607.zip,0.14
47053,\shp,47053_Rural_Building_202606.zip,0.07
47053,\shp,47053_Rural_Lot_202606.zip,1.14
47053,\shp,47053_Rural_Nomenclature_202606.zip,0.0
47053,\shp,47053_Rural_Sector_202606.zip,0.18
47053,\shp,47053_Rural_Vereda_202606.zip,0.37
47053,\shp,47053_Urban_Block_202606.zip,0.43
47053,\shp,47053_Urban_Building_202606.zip,0.5
47053,\shp,47053_Urban_Lot_202606.zip,0.97
47053,\shp,47053_Urban_Nomenclature_202606.zip,0.46
47053,\shp,47053_Urban_Nomenclature_Road_202606.zip,0.09
47053,\shp,47053_Urban_Perimeter_202606.zip,0.01
47053,\shp,47053_Urban_Sector_202606.zip,0.02
47058,\shp,47058_OSM_Road_202608.zip,0.14
47058,\shp,47058_R1_202607.zip,0.12
47058,\shp,47058_R2_202607.zip,0.13
47058,\shp,47058_Rural_Building_202606.zip,0.0
47058,\shp,47058_Rural_Lot_202606.zip,0.66
47058,\shp,47058_Rural_Nomenclature_202606.zip,0.01
47058,\shp,47058_Rural_Sector_202606.zip,0.11
47058,\shp,47058_Rural_Vereda_202606.zip,0.11
47058,\shp,47058_Urban_Block_202606.zip,0.29
47058,\shp,47058_Urban_Building_202606.zip,0.62
47058,\shp,47058_Urban_Lot_202606.zip,0.61
47058,\shp,47058_Urban_Neighborhood_202606.zip,0.01
47058,\shp,47058_Urban_Nomenclature_202606.zip,0.37
47058,\shp,47058_Urban_Nomenclature_Road_202606.zip,0.08
47058,\shp,47058_Urban_Perimeter_202606.zip,0.01
47058,\shp,47058_Urban_Sector_202606.zip,0.01
47161,\shp,47161_OSM_Road_202608.zip,0.03
47161,\shp,47161_R1_202607.zip,0.04
47161,\shp,47161_R2_202607.zip,0.04
47161,\shp,47161_Rural_Building_202606.zip,0.0
47161,\shp,47161_Rural_Lot_202606.zip,0.14
47161,\shp,47161_Rural_Nomenclature_202606.zip,0.0
47161,\shp,47161_Rural_Sector_202606.zip,0.02
47161,\shp,47161_Rural_Vereda_202606.zip,0.03
47161,\shp,47161_Urban_Block_202606.zip,0.12
47161,\shp,47161_Urban_Building_202606.zip,0.23
47161,\shp,47161_Urban_Lot_202606.zip,0.23
47161,\shp,47161_Urban_Neighborhood_202606.zip,0.01
47161,\shp,47161_Urban_Nomenclature_202606.zip,0.12
47161,\shp,47161_Urban_Nomenclature_Road_202606.zip,0.02
47161,\shp,47161_Urban_Perimeter_202606.zip,0.01
47161,\shp,47161_Urban_Sector_202606.zip,0.01
47170,\shp,47170_OSM_Road_202608.zip,0.05
47170,\shp,47170_R1_202607.zip,0.08
47170,\shp,47170_R2_202607.zip,0.08
47170,\shp,47170_Rural_Building_202606.zip,0.01
47170,\shp,47170_Rural_Lot_202606.zip,0.28
47170,\shp,47170_Rural_Nomenclature_202606.zip,0.01
47170,\shp,47170_Rural_Sector_202606.zip,0.04
47170,\shp,47170_Rural_Vereda_202606.zip,0.05
47170,\shp,47170_Urban_Block_202606.zip,0.19
47170,\shp,47170_Urban_Building_202606.zip,0.42
47170,\shp,47170_Urban_Lot_202606.zip,0.35
47170,\shp,47170_Urban_Neighborhood_202606.zip,0.01
47170,\shp,47170_Urban_Nomenclature_202606.zip,0.2
47170,\shp,47170_Urban_Nomenclature_Road_202606.zip,0.03
47170,\shp,47170_Urban_Perimeter_202606.zip,0.01
47170,\shp,47170_Urban_Sector_202606.zip,0.01
47189,\shp,47189_OSM_Road_202608.zip,0.42
47189,\shp,47189_R1_202607.zip,0.29
47189,\shp,47189_R2_202607.zip,0.34
47189,\shp,47189_Rural_Building_202606.zip,0.0
47189,\shp,47189_Rural_Lot_202606.zip,1.27
47189,\shp,47189_Rural_Nomenclature_202606.zip,0.0
47189,\shp,47189_Rural_Sector_202606.zip,0.11
47189,\shp,47189_Rural_Vereda_202606.zip,0.21
47189,\shp,47189_Urban_Block_202606.zip,0.04
47189,\shp,47189_Urban_Building_202606.zip,0.05
47189,\shp,47189_Urban_Lot_202606.zip,0.06
47189,\shp,47189_Urban_Neighborhood_202606.zip,0.01
47189,\shp,47189_Urban_Nomenclature_202606.zip,0.03
47189,\shp,47189_Urban_Nomenclature_Road_202606.zip,0.01
47189,\shp,47189_Urban_Perimeter_202606.zip,0.01
47189,\shp,47189_Urban_Sector_202606.zip,0.01
47205,\shp,47205_OSM_Road_202608.zip,0.03
47205,\shp,47205_R1_202607.zip,0.04
47205,\shp,47205_R2_202607.zip,0.04
47205,\shp,47205_Rural_Building_202606.zip,0.0
47205,\shp,47205_Rural_Lot_202606.zip,0.12
47205,\shp,47205_Rural_Nomenclature_202606.zip,0.0
47205,\shp,47205_Rural_Sector_202606.zip,0.02
47205,\shp,47205_Rural_Vereda_202606.zip,0.03
47205,\shp,47205_Urban_Block_202606.zip,0.14
47205,\shp,47205_Urban_Building_202606.zip,0.26
47205,\shp,47205_Urban_Lot_202606.zip,0.25
47205,\shp,47205_Urban_Neighborhood_202606.zip,0.01
47205,\shp,47205_Urban_Nomenclature_202606.zip,0.15
47205,\shp,47205_Urban_Nomenclature_Road_202606.zip,0.03
47205,\shp,47205_Urban_Perimeter_202606.zip,0.01
47205,\shp,47205_Urban_Sector_202606.zip,0.01
47245,\shp,47245_OSM_Road_202608.zip,0.13
47245,\shp,47245_R1_202607.zip,0.24
47245,\shp,47245_R2_202607.zip,0.25
47245,\shp,47245_Rural_Building_202606.zip,0.02
47245,\shp,47245_Rural_Lot_202606.zip,0.63
47245,\shp,47245_Rural_Nomenclature_202606.zip,0.01
47245,\shp,47245_Rural_Nomenclature_Road_202606.zip,0.0
47245,\shp,47245_Rural_Sector_202606.zip,0.11
47245,\shp,47245_Rural_Vereda_202606.zip,0.23
47245,\shp,47245_Urban_Block_202606.zip,0.49
47245,\shp,47245_Urban_Building_202606.zip,1.27
47245,\shp,47245_Urban_Lot_202606.zip,1.22
47245,\shp,47245_Urban_Neighborhood_202606.zip,0.03
47245,\shp,47245_Urban_Nomenclature_202606.zip,0.77
47245,\shp,47245_Urban_Nomenclature_Road_202606.zip,0.11
47245,\shp,47245_Urban_Perimeter_202606.zip,0.02
47245,\shp,47245_Urban_Sector_202606.zip,0.02
47258,\shp,47258_OSM_Road_202608.zip,0.07
47258,\shp,47258_R1_202607.zip,0.07
47258,\shp,47258_R2_202607.zip,0.07
47258,\shp,47258_Rural_Building_202606.zip,0.0
47258,\shp,47258_Rural_Lot_202606.zip,0.56
47258,\shp,47258_Rural_Nomenclature_202606.zip,0.0
47258,\shp,47258_Rural_Sector_202606.zip,0.05
47258,\shp,47258_Rural_Vereda_202606.zip,0.11
47258,\shp,47258_Urban_Block_202606.zip,0.25
47258,\shp,47258_Urban_Building_202606.zip,0.32
47258,\shp,47258_Urban_Lot_202606.zip,0.49
47258,\shp,47258_Urban_Neighborhood_202606.zip,0.03
47258,\shp,47258_Urban_Nomenclature_202606.zip,0.19
47258,\shp,47258_Urban_Nomenclature_Road_202606.zip,0.06
47258,\shp,47258_Urban_Perimeter_202606.zip,0.04
47258,\shp,47258_Urban_Sector_202606.zip,0.04
47268,\shp,47268_OSM_Road_202608.zip,0.07
47268,\shp,47268_R1_202607.zip,0.04
47268,\shp,47268_R2_202607.zip,0.06
47268,\shp,47268_Rural_Building_202606.zip,0.13
47268,\shp,47268_Rural_Lot_202606.zip,1.1
47268,\shp,47268_Rural_Nomenclature_202606.zip,0.07
47268,\shp,47268_Rural_Sector_202606.zip,0.15
47268,\shp,47268_Rural_Vereda_202606.zip,0.22
47268,\shp,47268_Urban_Block_202606.zip,0.17
47268,\shp,47268_Urban_Building_202606.zip,0.13
47268,\shp,47268_Urban_Lot_202606.zip,0.33
47268,\shp,47268_Urban_Nomenclature_202606.zip,0.17
47268,\shp,47268_Urban_Nomenclature_Road_202606.zip,0.04
47268,\shp,47268_Urban_Perimeter_202606.zip,0.01
47268,\shp,47268_Urban_Sector_202606.zip,0.02
47288,\shp,47288_OSM_Road_202608.zip,0.23
47288,\shp,47288_R1_202607.zip,0.18
47288,\shp,47288_R2_202607.zip,0.19
47288,\shp,47288_Rural_Building_202606.zip,0.14
47288,\shp,47288_Rural_Lot_202606.zip,0.92
47288,\shp,47288_Rural_Sector_202606.zip,0.23
47288,\shp,47288_Rural_Vereda_202606.zip,0.26
47288,\shp,47288_Urban_Block_202606.zip,0.7
47288,\shp,47288_Urban_Building_202606.zip,1.13
47288,\shp,47288_Urban_Lot_202606.zip,1.84
47288,\shp,47288_Urban_Nomenclature_202606.zip,0.95
47288,\shp,47288_Urban_Nomenclature_Road_202606.zip,0.11
47288,\shp,47288_Urban_Perimeter_202606.zip,0.03
47288,\shp,47288_Urban_Sector_202606.zip,0.05
47318,\shp,47318_OSM_Road_202608.zip,0.13
47318,\shp,47318_R1_202607.zip,0.11
47318,\shp,47318_R2_202607.zip,0.11
47318,\shp,47318_Rural_Building_202606.zip,0.0
47318,\shp,47318_Rural_Lot_202606.zip,0.5
47318,\shp,47318_Rural_Nomenclature_202606.zip,0.01
47318,\shp,47318_Rural_Sector_202606.zip,0.08
47318,\shp,47318_Rural_Vereda_202606.zip,0.12
47318,\shp,47318_Urban_Block_202606.zip,0.24
47318,\shp,47318_Urban_Building_202606.zip,0.44
47318,\shp,47318_Urban_Lot_202606.zip,0.49
47318,\shp,47318_Urban_Neighborhood_202606.zip,0.02
47318,\shp,47318_Urban_Nomenclature_202606.zip,0.26
47318,\shp,47318_Urban_Nomenclature_Road_202606.zip,0.05
47318,\shp,47318_Urban_Perimeter_202606.zip,0.02
47318,\shp,47318_Urban_Sector_202606.zip,0.02
47460,\shp,47460_OSM_Road_202608.zip,0.08
47460,\shp,47460_R1_202607.zip,0.08
47460,\shp,47460_R2_202607.zip,0.1
47460,\shp,47460_Rural_Building_202606.zip,0.01
47460,\shp,47460_Rural_Lot_202606.zip,0.38
47460,\shp,47460_Rural_Nomenclature_202606.zip,0.0
47460,\shp,47460_Rural_Sector_202606.zip,0.06
47460,\shp,47460_Rural_Vereda_202606.zip,0.08
47460,\shp,47460_Urban_Block_202606.zip,0.16
47460,\shp,47460_Urban_Building_202606.zip,0.45
47460,\shp,47460_Urban_Lot_202606.zip,0.33
47460,\shp,47460_Urban_Neighborhood_202606.zip,0.02
47460,\shp,47460_Urban_Nomenclature_202606.zip,0.2
47460,\shp,47460_Urban_Nomenclature_Road_202606.zip,0.04
47460,\shp,47460_Urban_Perimeter_202606.zip,0.02
47460,\shp,47460_Urban_Sector_202606.zip,0.02
47541,\shp,47541_OSM_Road_202608.zip,0.04
47541,\shp,47541_R1_202607.zip,0.05
47541,\shp,47541_R2_202607.zip,0.06
47541,\shp,47541_Rural_Lot_202606.zip,0.49
47541,\shp,47541_Rural_Nomenclature_202606.zip,0.0
47541,\shp,47541_Rural_Sector_202606.zip,0.06
47541,\shp,47541_Rural_Vereda_202606.zip,0.09
47541,\shp,47541_Urban_Block_202606.zip,0.11
47541,\shp,47541_Urban_Building_202606.zip,0.21
47541,\shp,47541_Urban_Lot_202606.zip,0.2
47541,\shp,47541_Urban_Neighborhood_202606.zip,0.01
47541,\shp,47541_Urban_Nomenclature_202606.zip,0.13
47541,\shp,47541_Urban_Nomenclature_Road_202606.zip,0.03
47541,\shp,47541_Urban_Perimeter_202606.zip,0.01
47541,\shp,47541_Urban_Sector_202606.zip,0.01
47545,\shp,47545_OSM_Road_202608.zip,0.07
47545,\shp,47545_R1_202607.zip,0.05
47545,\shp,47545_R2_202607.zip,0.06
47545,\shp,47545_Rural_Building_202606.zip,0.04
47545,\shp,47545_Rural_Lot_202606.zip,1.55
47545,\shp,47545_Rural_Nomenclature_202606.zip,0.03
47545,\shp,47545_Rural_Sector_202606.zip,1.22
47545,\shp,47545_Rural_Vereda_202606.zip,1.14
47545,\shp,47545_Urban_Block_202606.zip,0.09
47545,\shp,47545_Urban_Building_202606.zip,0.22
47545,\shp,47545_Urban_Lot_202606.zip,0.19
47545,\shp,47545_Urban_Neighborhood_202606.zip,0.02
47545,\shp,47545_Urban_Nomenclature_202606.zip,0.12
47545,\shp,47545_Urban_Nomenclature_Road_202606.zip,0.03
47545,\shp,47545_Urban_Perimeter_202606.zip,0.02
47545,\shp,47545_Urban_Sector_202606.zip,0.02
47551,\shp,47551_OSM_Road_202608.zip,0.19
47551,\shp,47551_R1_202607.zip,0.18
47551,\shp,47551_R2_202607.zip,0.2
47551,\shp,47551_Rural_Building_202606.zip,0.02
47551,\shp,47551_Rural_Lot_202606.zip,0.85
47551,\shp,47551_Rural_Nomenclature_202606.zip,0.03
47551,\shp,47551_Rural_Sector_202606.zip,0.1
47551,\shp,47551_Rural_Vereda_202606.zip,0.14
47551,\shp,47551_Urban_Block_202606.zip,0.42
47551,\shp,47551_Urban_Building_202606.zip,0.83
47551,\shp,47551_Urban_Lot_202606.zip,0.82
47551,\shp,47551_Urban_Neighborhood_202606.zip,0.02
47551,\shp,47551_Urban_Nomenclature_202606.zip,0.43
47551,\shp,47551_Urban_Nomenclature_Road_202606.zip,0.07
47551,\shp,47551_Urban_Perimeter_202606.zip,0.01
47551,\shp,47551_Urban_Sector_202606.zip,0.02
47555,\shp,47555_OSM_Road_202608.zip,0.17
47555,\shp,47555_R1_202607.zip,0.22
47555,\shp,47555_R2_202607.zip,0.23
47555,\shp,47555_Rural_Building_202606.zip,0.0
47555,\shp,47555_Rural_Lot_202606.zip,0.67
47555,\shp,47555_Rural_Nomenclature_202606.zip,0.01
47555,\shp,47555_Rural_Sector_202606.zip,0.12
47555,\shp,47555_Rural_Vereda_202606.zip,0.16
47555,\shp,47555_Urban_Block_202606.zip,0.49
47555,\shp,47555_Urban_Building_202606.zip,1.2
47555,\shp,47555_Urban_Lot_202606.zip,1.09
47555,\shp,47555_Urban_Neighborhood_202606.zip,0.01
47555,\shp,47555_Urban_Nomenclature_202606.zip,0.66
47555,\shp,47555_Urban_Nomenclature_Road_202606.zip,0.07
47555,\shp,47555_Urban_Perimeter_202606.zip,0.01
47555,\shp,47555_Urban_Sector_202606.zip,0.01
47570,\shp,47570_OSM_Road_202608.zip,0.05
47570,\shp,47570_R1_202607.zip,0.09
47570,\shp,47570_R2_202607.zip,0.08
47570,\shp,47570_Rural_Building_202606.zip,0.0
47570,\shp,47570_Rural_Lot_202606.zip,0.6
47570,\shp,47570_Rural_Nomenclature_202606.zip,0.0
47570,\shp,47570_Rural_Sector_202606.zip,0.53
47570,\shp,47570_Rural_Vereda_202606.zip,0.52
47570,\shp,47570_Urban_Block_202606.zip,0.01
47570,\shp,47570_Urban_Building_202606.zip,0.01
47570,\shp,47570_Urban_Lot_202606.zip,0.02
47570,\shp,47570_Urban_Neighborhood_202606.zip,0.0
47570,\shp,47570_Urban_Nomenclature_Road_202606.zip,0.0
47570,\shp,47570_Urban_Perimeter_202606.zip,0.0
47570,\shp,47570_Urban_Sector_202606.zip,0.0
47605,\shp,47605_OSM_Road_202608.zip,0.04
47605,\shp,47605_R1_202607.zip,0.04
47605,\shp,47605_R2_202607.zip,0.04
47605,\shp,47605_Rural_Building_202606.zip,0.0
47605,\shp,47605_Rural_Lot_202606.zip,1.36
47605,\shp,47605_Rural_Nomenclature_202606.zip,0.0
47605,\shp,47605_Rural_Sector_202606.zip,0.28
47605,\shp,47605_Rural_Vereda_202606.zip,0.28
47605,\shp,47605_Urban_Block_202606.zip,0.1
47605,\shp,47605_Urban_Building_202606.zip,0.19
47605,\shp,47605_Urban_Lot_202606.zip,0.17
47605,\shp,47605_Urban_Neighborhood_202606.zip,0.02
47605,\shp,47605_Urban_Nomenclature_202606.zip,0.11
47605,\shp,47605_Urban_Nomenclature_Road_202606.zip,0.03
47605,\shp,47605_Urban_Perimeter_202606.zip,0.02
47605,\shp,47605_Urban_Sector_202606.zip,0.02
47660,\shp,47660_OSM_Road_202608.zip,0.13
47660,\shp,47660_R1_202607.zip,0.07
47660,\shp,47660_R2_202607.zip,0.08
47660,\shp,47660_Rural_Building_202606.zip,0.03
47660,\shp,47660_Rural_Lot_202606.zip,0.45
47660,\shp,47660_Rural_Nomenclature_202606.zip,0.02
47660,\shp,47660_Rural_Sector_202606.zip,0.14
47660,\shp,47660_Rural_Vereda_202606.zip,0.15
47660,\shp,47660_Urban_Block_202606.zip,0.09
47660,\shp,47660_Urban_Building_202606.zip,0.22
47660,\shp,47660_Urban_Lot_202606.zip,0.17
47660,\shp,47660_Urban_Neighborhood_202606.zip,0.02
47660,\shp,47660_Urban_Nomenclature_202606.zip,0.1
47660,\shp,47660_Urban_Nomenclature_Road_202606.zip,0.02
47660,\shp,47660_Urban_Perimeter_202606.zip,0.02
47660,\shp,47660_Urban_Sector_202606.zip,0.02
47675,\shp,47675_OSM_Road_202608.zip,0.05
47675,\shp,47675_R1_202607.zip,0.04
47675,\shp,47675_R2_202607.zip,0.05
47675,\shp,47675_Rural_Building_202606.zip,0.01
47675,\shp,47675_Rural_Lot_202606.zip,0.19
47675,\shp,47675_Rural_Nomenclature_202606.zip,0.0
47675,\shp,47675_Rural_Sector_202606.zip,0.04
47675,\shp,47675_Rural_Vereda_202606.zip,0.05
47675,\shp,47675_Urban_Block_202606.zip,0.14
47675,\shp,47675_Urban_Building_202606.zip,0.32
47675,\shp,47675_Urban_Lot_202606.zip,0.26
47675,\shp,47675_Urban_Neighborhood_202606.zip,0.0
47675,\shp,47675_Urban_Nomenclature_202606.zip,0.07
47675,\shp,47675_Urban_Nomenclature_Road_202606.zip,0.02
47675,\shp,47675_Urban_Perimeter_202606.zip,0.0
47675,\shp,47675_Urban_Sector_202606.zip,0.0
47692,\shp,47692_OSM_Road_202608.zip,0.07
47692,\shp,47692_R1_202607.zip,0.08
47692,\shp,47692_R2_202607.zip,0.09
47692,\shp,47692_Rural_Building_202606.zip,0.01
47692,\shp,47692_Rural_Lot_202606.zip,0.32
47692,\shp,47692_Rural_Nomenclature_202606.zip,0.01
47692,\shp,47692_Rural_Nomenclature_Road_202606.zip,0.0
47692,\shp,47692_Rural_Sector_202606.zip,0.07
47692,\shp,47692_Rural_Vereda_202606.zip,0.1
47692,\shp,47692_Urban_Block_202606.zip,0.21
47692,\shp,47692_Urban_Building_202606.zip,0.4
47692,\shp,47692_Urban_Lot_202606.zip,0.37
47692,\shp,47692_Urban_Neighborhood_202606.zip,0.01
47692,\shp,47692_Urban_Nomenclature_202606.zip,0.22
47692,\shp,47692_Urban_Nomenclature_Road_202606.zip,0.07
47692,\shp,47692_Urban_Perimeter_202606.zip,0.01
47692,\shp,47692_Urban_Sector_202606.zip,0.01
47703,\shp,47703_OSM_Road_202608.zip,0.04
47703,\shp,47703_R1_202607.zip,0.03
47703,\shp,47703_R2_202607.zip,0.03
47703,\shp,47703_Rural_Building_202606.zip,0.0
47703,\shp,47703_Rural_Lot_202606.zip,0.24
47703,\shp,47703_Rural_Nomenclature_202606.zip,0.0
47703,\shp,47703_Rural_Sector_202606.zip,0.06
47703,\shp,47703_Rural_Vereda_202606.zip,0.06
47703,\shp,47703_Urban_Block_202606.zip,0.08
47703,\shp,47703_Urban_Building_202606.zip,0.11
47703,\shp,47703_Urban_Lot_202606.zip,0.13
47703,\shp,47703_Urban_Neighborhood_202606.zip,0.02
47703,\shp,47703_Urban_Nomenclature_202606.zip,0.09
47703,\shp,47703_Urban_Nomenclature_Road_202606.zip,0.02
47703,\shp,47703_Urban_Perimeter_202606.zip,0.02
47703,\shp,47703_Urban_Sector_202606.zip,0.02
47707,\shp,47707_OSM_Road_202608.zip,0.08
47707,\shp,47707_R1_202607.zip,0.09
47707,\shp,47707_R2_202607.zip,0.09
47707,\shp,47707_Rural_Building_202606.zip,0.05
47707,\shp,47707_Rural_Lot_202606.zip,0.55
47707,\shp,47707_Rural_Nomenclature_202606.zip,0.05
47707,\shp,47707_Rural_Sector_202606.zip,0.08
47707,\shp,47707_Rural_Vereda_202606.zip,0.1
47707,\shp,47707_Urban_Block_202606.zip,0.17
47707,\shp,47707_Urban_Building_202606.zip,0.42
47707,\shp,47707_Urban_Lot_202606.zip,0.35
47707,\shp,47707_Urban_Neighborhood_202606.zip,0.01
47707,\shp,47707_Urban_Nomenclature_202606.zip,0.22
47707,\shp,47707_Urban_Nomenclature_Road_202606.zip,0.04
47707,\shp,47707_Urban_Perimeter_202606.zip,0.01
47707,\shp,47707_Urban_Sector_202606.zip,0.01
47720,\shp,47720_OSM_Road_202608.zip,0.04
47720,\shp,47720_R1_202607.zip,0.04
47720,\shp,47720_R2_202607.zip,0.05
47720,\shp,47720_Rural_Building_202606.zip,0.0
47720,\shp,47720_Rural_Lot_202606.zip,0.2
47720,\shp,47720_Rural_Nomenclature_202606.zip,0.0
47720,\shp,47720_Rural_Sector_202606.zip,0.03
47720,\shp,47720_Rural_Vereda_202606.zip,0.04
47720,\shp,47720_Urban_Block_202606.zip,0.1
47720,\shp,47720_Urban_Building_202606.zip,0.2
47720,\shp,47720_Urban_Lot_202606.zip,0.18
47720,\shp,47720_Urban_Neighborhood_202606.zip,0.01
47720,\shp,47720_Urban_Nomenclature_202606.zip,0.12
47720,\shp,47720_Urban_Nomenclature_Road_202606.zip,0.03
47720,\shp,47720_Urban_Perimeter_202606.zip,0.01
47720,\shp,47720_Urban_Sector_202606.zip,0.01
47745,\shp,47745_OSM_Road_202608.zip,0.07
47745,\shp,47745_R1_202607.zip,0.09
47745,\shp,47745_R2_202607.zip,0.09
47745,\shp,47745_Rural_Building_202606.zip,0.01
47745,\shp,47745_Rural_Lot_202606.zip,3.87
47745,\shp,47745_Rural_Nomenclature_202606.zip,0.0
47745,\shp,47745_Rural_Sector_202606.zip,2.95
47745,\shp,47745_Rural_Vereda_202606.zip,2.7
47745,\shp,47745_Urban_Block_202606.zip,0.18
47745,\shp,47745_Urban_Building_202606.zip,0.34
47745,\shp,47745_Urban_Lot_202606.zip,0.44
47745,\shp,47745_Urban_Neighborhood_202606.zip,0.0
47745,\shp,47745_Urban_Nomenclature_202606.zip,0.23
47745,\shp,47745_Urban_Nomenclature_Road_202606.zip,0.03
47745,\shp,47745_Urban_Perimeter_202606.zip,0.0
47745,\shp,47745_Urban_Sector_202606.zip,0.01
47798,\shp,47798_OSM_Road_202608.zip,0.07
47798,\shp,47798_R1_202607.zip,0.05
47798,\shp,47798_R2_202607.zip,0.06
47798,\shp,47798_Rural_Building_202606.zip,0.01
47798,\shp,47798_Rural_Lot_202606.zip,0.3
47798,\shp,47798_Rural_Nomenclature_202606.zip,0.0
47798,\shp,47798_Rural_Nomenclature_Road_202606.zip,0.0
47798,\shp,47798_Rural_Sector_202606.zip,0.06
47798,\shp,47798_Rural_Vereda_202606.zip,0.09
47798,\shp,47798_Urban_Block_202606.zip,0.11
47798,\shp,47798_Urban_Building_202606.zip,0.25
47798,\shp,47798_Urban_Lot_202606.zip,0.2
47798,\shp,47798_Urban_Neighborhood_202606.zip,0.01
47798,\shp,47798_Urban_Nomenclature_202606.zip,0.07
47798,\shp,47798_Urban_Nomenclature_Road_202606.zip,0.02
47798,\shp,47798_Urban_Perimeter_202606.zip,0.01
47798,\shp,47798_Urban_Sector_202606.zip,0.01
47960,\shp,47960_OSM_Road_202608.zip,0.04
47960,\shp,47960_R1_202607.zip,0.03
47960,\shp,47960_R2_202607.zip,0.02
47960,\shp,47960_Rural_Building_202606.zip,0.0
47960,\shp,47960_Rural_Lot_202606.zip,0.12
47960,\shp,47960_Rural_Nomenclature_202606.zip,0.0
47960,\shp,47960_Rural_Sector_202606.zip,0.03
47960,\shp,47960_Rural_Vereda_202606.zip,0.04
47960,\shp,47960_Urban_Block_202606.zip,0.1
47960,\shp,47960_Urban_Building_202606.zip,0.1
47960,\shp,47960_Urban_Lot_202606.zip,0.17
47960,\shp,47960_Urban_Neighborhood_202606.zip,0.01
47960,\shp,47960_Urban_Nomenclature_202606.zip,0.07
47960,\shp,47960_Urban_Nomenclature_Road_202606.zip,0.02
47960,\shp,47960_Urban_Perimeter_202606.zip,0.01
47960,\shp,47960_Urban_Sector_202606.zip,0.01
47980,\shp,47980_OSM_Road_202608.zip,0.18
47980,\shp,47980_R1_202607.zip,0.23
47980,\shp,47980_R2_202607.zip,0.23
47980,\shp,47980_Rural_Building_202606.zip,0.07
47980,\shp,47980_Rural_Lot_202606.zip,0.64
47980,\shp,47980_Rural_Nomenclature_202606.zip,0.04
47980,\shp,47980_Rural_Nomenclature_Road_202606.zip,0.01
47980,\shp,47980_Rural_Sector_202606.zip,0.11
47980,\shp,47980_Rural_Vereda_202606.zip,0.13
47980,\shp,47980_Urban_Block_202606.zip,0.56
47980,\shp,47980_Urban_Building_202606.zip,1.16
47980,\shp,47980_Urban_Lot_202606.zip,1.16
47980,\shp,47980_Urban_Neighborhood_202606.zip,0.06
47980,\shp,47980_Urban_Nomenclature_202606.zip,0.8
47980,\shp,47980_Urban_Nomenclature_Road_202606.zip,0.18
47980,\shp,47980_Urban_Perimeter_202606.zip,0.06
47980,\shp,47980_Urban_Sector_202606.zip,0.06
50001,\shp,50001_OSM_Road_202608.zip,1.3
50001,\shp,50001_Rural_Lot_202001.zip,5.54
50001,\shp,50001_Urban_Lot_202001.zip,11.2
50006,\shp,50006_OSM_Road_202608.zip,0.37
50006,\shp,50006_R1_202607.zip,0.54
50006,\shp,50006_R2_202607.zip,0.49
50006,\shp,50006_Rural_Building_202606.zip,0.31
50006,\shp,50006_Rural_Lot_202606.zip,2.22
50006,\shp,50006_Rural_Nomenclature_202606.zip,0.21
50006,\shp,50006_Rural_Nomenclature_Road_202606.zip,0.02
50006,\shp,50006_Rural_Sector_202606.zip,0.16
50006,\shp,50006_Rural_Vereda_202606.zip,0.5
50006,\shp,50006_Urban_Block_202606.zip,0.76
50006,\shp,50006_Urban_Building_202606.zip,2.87
50006,\shp,50006_Urban_Lot_202606.zip,2.31
50006,\shp,50006_Urban_Nomenclature_202606.zip,1.38
50006,\shp,50006_Urban_Nomenclature_Road_202606.zip,0.15
50006,\shp,50006_Urban_Perimeter_202606.zip,0.03
50006,\shp,50006_Urban_Sector_202606.zip,0.01
50110,\shp,50110_OSM_Road_202608.zip,0.05
50110,\shp,50110_R1_202607.zip,0.04
50110,\shp,50110_R2_202607.zip,0.03
50110,\shp,50110_Rural_Building_202606.zip,0.0
50110,\shp,50110_Rural_Lot_202606.zip,0.22
50110,\shp,50110_Rural_Nomenclature_202606.zip,0.01
50110,\shp,50110_Rural_Sector_202606.zip,0.05
50110,\shp,50110_Rural_Vereda_202606.zip,0.06
50110,\shp,50110_Urban_Block_202606.zip,0.09
50110,\shp,50110_Urban_Building_202606.zip,0.17
50110,\shp,50110_Urban_Lot_202606.zip,0.19
50110,\shp,50110_Urban_Nomenclature_202606.zip,0.13
50110,\shp,50110_Urban_Nomenclature_Road_202606.zip,0.01
50110,\shp,50110_Urban_Perimeter_202606.zip,0.01
50110,\shp,50110_Urban_Sector_202606.zip,0.01
50124,\shp,50124_OSM_Road_202608.zip,0.08
50124,\shp,50124_R1_202607.zip,0.04
50124,\shp,50124_R2_202607.zip,0.03
50124,\shp,50124_Rural_Building_202606.zip,0.02
50124,\shp,50124_Rural_Lot_202606.zip,0.58
50124,\shp,50124_Rural_Nomenclature_202606.zip,0.02
50124,\shp,50124_Rural_Nomenclature_Road_202606.zip,0.0
50124,\shp,50124_Rural_Sector_202606.zip,0.08
50124,\shp,50124_Rural_Vereda_202606.zip,0.23
50124,\shp,50124_Urban_Block_202606.zip,0.05
50124,\shp,50124_Urban_Building_202606.zip,0.08
50124,\shp,50124_Urban_Lot_202606.zip,0.1
50124,\shp,50124_Urban_Neighborhood_202606.zip,0.01
50124,\shp,50124_Urban_Nomenclature_202606.zip,0.05
50124,\shp,50124_Urban_Nomenclature_Road_202606.zip,0.01
50124,\shp,50124_Urban_Perimeter_202606.zip,0.01
50124,\shp,50124_Urban_Sector_202606.zip,0.01
50150,\shp,50150_OSM_Road_202608.zip,0.11
50150,\shp,50150_R1_202607.zip,0.07
50150,\shp,50150_R2_202607.zip,0.07
50150,\shp,50150_Rural_Building_202606.zip,0.01
50150,\shp,50150_Rural_Lot_202606.zip,0.65
50150,\shp,50150_Rural_Nomenclature_202606.zip,0.06
50150,\shp,50150_Rural_Sector_202606.zip,0.12
50150,\shp,50150_Rural_Vereda_202606.zip,0.15
50150,\shp,50150_Urban_Block_202606.zip,0.11
50150,\shp,50150_Urban_Building_202606.zip,0.25
50150,\shp,50150_Urban_Lot_202606.zip,0.25
50150,\shp,50150_Urban_Nomenclature_202606.zip,0.12
50150,\shp,50150_Urban_Nomenclature_Road_202606.zip,0.02
50150,\shp,50150_Urban_Perimeter_202606.zip,0.01
50150,\shp,50150_Urban_Sector_202606.zip,0.01
50223,\shp,50223_OSM_Road_202608.zip,0.09
50223,\shp,50223_R1_202607.zip,0.06
50223,\shp,50223_R2_202607.zip,0.05
50223,\shp,50223_Rural_Building_202606.zip,0.04
50223,\shp,50223_Rural_Lot_202606.zip,0.54
50223,\shp,50223_Rural_Nomenclature_202606.zip,0.02
50223,\shp,50223_Rural_Sector_202606.zip,0.09
50223,\shp,50223_Rural_Vereda_202606.zip,0.2
50223,\shp,50223_Urban_Block_202606.zip,0.05
50223,\shp,50223_Urban_Building_202606.zip,0.14
50223,\shp,50223_Urban_Lot_202606.zip,0.14
50223,\shp,50223_Urban_Nomenclature_202606.zip,0.09
50223,\shp,50223_Urban_Nomenclature_Road_202606.zip,0.01
50223,\shp,50223_Urban_Perimeter_202606.zip,0.0
50223,\shp,50223_Urban_Sector_202606.zip,0.0
50226,\shp,50226_OSM_Road_202608.zip,0.13
50226,\shp,50226_R1_202607.zip,0.16
50226,\shp,50226_R2_202607.zip,0.15
50226,\shp,50226_Rural_Building_202606.zip,0.18
50226,\shp,50226_Rural_Lot_202606.zip,1.12
50226,\shp,50226_Rural_Nomenclature_202606.zip,0.12
50226,\shp,50226_Rural_Nomenclature_Road_202606.zip,0.0
50226,\shp,50226_Rural_Sector_202606.zip,0.1
50226,\shp,50226_Rural_Vereda_202606.zip,0.19
50226,\shp,50226_Urban_Block_202606.zip,0.15
50226,\shp,50226_Urban_Building_202606.zip,0.48
50226,\shp,50226_Urban_Lot_202606.zip,0.46
50226,\shp,50226_Urban_Neighborhood_202606.zip,0.01
50226,\shp,50226_Urban_Nomenclature_202606.zip,0.18
50226,\shp,50226_Urban_Nomenclature_Road_202606.zip,0.02
50226,\shp,50226_Urban_Perimeter_202606.zip,0.02
50226,\shp,50226_Urban_Sector_202606.zip,0.01
50245,\shp,50245_OSM_Road_202608.zip,0.06
50245,\shp,50245_R1_202607.zip,0.03
50245,\shp,50245_R2_202607.zip,0.03
50245,\shp,50245_Rural_Building_202606.zip,0.0
50245,\shp,50245_Rural_Lot_202606.zip,0.53
50245,\shp,50245_Rural_Nomenclature_202606.zip,0.0
50245,\shp,50245_Rural_Sector_202606.zip,0.03
50245,\shp,50245_Rural_Vereda_202606.zip,0.09
50245,\shp,50245_Urban_Block_202606.zip,0.02
50245,\shp,50245_Urban_Building_202606.zip,0.03
50245,\shp,50245_Urban_Lot_202606.zip,0.03
50245,\shp,50245_Urban_Neighborhood_202606.zip,0.0
50245,\shp,50245_Urban_Nomenclature_202606.zip,0.03
50245,\shp,50245_Urban_Nomenclature_Road_202606.zip,0.01
50245,\shp,50245_Urban_Perimeter_202606.zip,0.0
50245,\shp,50245_Urban_Sector_202606.zip,0.0
50251,\shp,50251_OSM_Road_202608.zip,0.08
50251,\shp,50251_R1_202607.zip,0.06
50251,\shp,50251_R2_202607.zip,0.07
50251,\shp,50251_Rural_Building_202606.zip,0.01
50251,\shp,50251_Rural_Lot_202606.zip,0.92
50251,\shp,50251_Rural_Nomenclature_202606.zip,0.0
50251,\shp,50251_Rural_Sector_202606.zip,0.11
50251,\shp,50251_Rural_Vereda_202606.zip,0.22
50251,\shp,50251_Urban_Block_202606.zip,0.06
50251,\shp,50251_Urban_Building_202606.zip,0.18
50251,\shp,50251_Urban_Lot_202606.zip,0.17
50251,\shp,50251_Urban_Neighborhood_202606.zip,0.01
50251,\shp,50251_Urban_Nomenclature_202606.zip,0.12
50251,\shp,50251_Urban_Nomenclature_Road_202606.zip,0.01
50251,\shp,50251_Urban_Perimeter_202606.zip,0.01
50251,\shp,50251_Urban_Sector_202606.zip,0.01
50270,\shp,50270_OSM_Road_202608.zip,0.04
50270,\shp,50270_R1_202607.zip,0.03
50270,\shp,50270_R2_202607.zip,0.04
50270,\shp,50270_Rural_Building_202606.zip,0.16
50270,\shp,50270_Rural_Lot_202606.zip,0.45
50270,\shp,50270_Rural_Nomenclature_202606.zip,0.01
50270,\shp,50270_Rural_Sector_202606.zip,0.06
50270,\shp,50270_Rural_Vereda_202606.zip,0.13
50270,\shp,50270_Urban_Block_202606.zip,0.09
50270,\shp,50270_Urban_Building_202606.zip,0.1
50270,\shp,50270_Urban_Lot_202606.zip,0.17
50270,\shp,50270_Urban_Nomenclature_202606.zip,0.08
50270,\shp,50270_Urban_Nomenclature_Road_202606.zip,0.01
50270,\shp,50270_Urban_Perimeter_202606.zip,0.01
50270,\shp,50270_Urban_Sector_202606.zip,0.01
50287,\shp,50287_OSM_Road_202608.zip,0.11
50287,\shp,50287_R1_202607.zip,0.07
50287,\shp,50287_R2_202607.zip,0.1
50287,\shp,50287_Rural_Building_202606.zip,0.25
50287,\shp,50287_Rural_Lot_202606.zip,4.62
50287,\shp,50287_Rural_Nomenclature_202606.zip,0.01
50287,\shp,50287_Rural_Sector_202606.zip,0.57
50287,\shp,50287_Rural_Vereda_202606.zip,1.7
50287,\shp,50287_Urban_Block_202606.zip,0.15
50287,\shp,50287_Urban_Building_202606.zip,0.3
50287,\shp,50287_Urban_Lot_202606.zip,0.37
50287,\shp,50287_Urban_Nomenclature_202606.zip,0.2
50287,\shp,50287_Urban_Nomenclature_Road_202606.zip,0.02
50287,\shp,50287_Urban_Perimeter_202606.zip,0.02
50287,\shp,50287_Urban_Sector_202606.zip,0.02
50313,\shp,50313_OSM_Road_202608.zip,0.2
50313,\shp,50313_R1_202607.zip,0.34
50313,\shp,50313_R2_202607.zip,0.32
50313,\shp,50313_Rural_Building_202606.zip,0.03
50313,\shp,50313_Rural_Lot_202606.zip,0.95
50313,\shp,50313_Rural_Nomenclature_202606.zip,0.08
50313,\shp,50313_Rural_Nomenclature_Road_202606.zip,0.0
50313,\shp,50313_Rural_Sector_202606.zip,0.07
50313,\shp,50313_Rural_Vereda_202606.zip,0.21
50313,\shp,50313_Urban_Block_202606.zip,0.54
50313,\shp,50313_Urban_Building_202606.zip,1.42
50313,\shp,50313_Urban_Lot_202606.zip,2.24
50313,\shp,50313_Urban_Nomenclature_202606.zip,0.65
50313,\shp,50313_Urban_Perimeter_202606.zip,0.03
50313,\shp,50313_Urban_Sector_202606.zip,0.03
50318,\shp,50318_OSM_Road_202608.zip,0.11
50318,\shp,50318_R1_202607.zip,0.09
50318,\shp,50318_R2_202607.zip,0.09
50318,\shp,50318_Rural_Building_202606.zip,0.01
50318,\shp,50318_Rural_Lot_202606.zip,0.56
50318,\shp,50318_Rural_Nomenclature_202606.zip,0.03
50318,\shp,50318_Rural_Nomenclature_Road_202606.zip,0.0
50318,\shp,50318_Rural_Sector_202606.zip,0.05
50318,\shp,50318_Rural_Vereda_202606.zip,0.11
50318,\shp,50318_Urban_Block_202606.zip,0.1
50318,\shp,50318_Urban_Building_202606.zip,0.28
50318,\shp,50318_Urban_Lot_202606.zip,0.28
50318,\shp,50318_Urban_Neighborhood_202606.zip,0.01
50318,\shp,50318_Urban_Nomenclature_202606.zip,0.2
50318,\shp,50318_Urban_Nomenclature_Road_202606.zip,0.02
50318,\shp,50318_Urban_Perimeter_202606.zip,0.01
50318,\shp,50318_Urban_Sector_202606.zip,0.01
50325,\shp,50325_OSM_Road_202608.zip,0.38
50325,\shp,50325_R1_202607.zip,0.06
50325,\shp,50325_R2_202607.zip,0.07
50325,\shp,50325_Rural_Building_202606.zip,0.05
50325,\shp,50325_Rural_Lot_202606.zip,0.9
50325,\shp,50325_Rural_Nomenclature_202606.zip,0.01
50325,\shp,50325_Rural_Sector_202606.zip,0.12
50325,\shp,50325_Rural_Vereda_202606.zip,0.32
50325,\shp,50325_Urban_Block_202606.zip,0.07
50325,\shp,50325_Urban_Building_202606.zip,0.16
50325,\shp,50325_Urban_Lot_202606.zip,0.16
50325,\shp,50325_Urban_Nomenclature_202606.zip,0.09
50325,\shp,50325_Urban_Nomenclature_Road_202606.zip,0.01
50325,\shp,50325_Urban_Perimeter_202606.zip,0.01
50325,\shp,50325_Urban_Sector_202606.zip,0.01
50330,\shp,50330_OSM_Road_202608.zip,0.16
50330,\shp,50330_R1_202607.zip,0.04
50330,\shp,50330_R2_202607.zip,0.06
50330,\shp,50330_Rural_Building_202606.zip,0.13
50330,\shp,50330_Rural_Lot_202606.zip,4.31
50330,\shp,50330_Rural_Nomenclature_202606.zip,0.0
50330,\shp,50330_Rural_Nomenclature_Road_202606.zip,0.0
50330,\shp,50330_Rural_Sector_202606.zip,1.05
50330,\shp,50330_Rural_Vereda_202606.zip,2.21
50330,\shp,50330_Urban_Block_202606.zip,0.07
50330,\shp,50330_Urban_Building_202606.zip,0.14
50330,\shp,50330_Urban_Lot_202606.zip,0.19
50330,\shp,50330_Urban_Nomenclature_202606.zip,0.16
50330,\shp,50330_Urban_Nomenclature_Road_202606.zip,0.01
50330,\shp,50330_Urban_Perimeter_202606.zip,0.01
50330,\shp,50330_Urban_Sector_202606.zip,0.01
50350,\shp,50350_OSM_Road_202608.zip,0.56
50350,\shp,50350_R1_202607.zip,0.04
50350,\shp,50350_R2_202607.zip,0.03
50350,\shp,50350_Urban_Lot_202606.zip,0.0
50350,\shp,50350_Urban_Neighborhood_202606.zip,0.0
50350,\shp,50350_Urban_Nomenclature_Road_202606.zip,0.0
50350,\shp,50350_Urban_Perimeter_202606.zip,0.0
50350,\shp,50350_Urban_Sector_202606.zip,0.0
50370,\shp,50370_OSM_Road_202608.zip,0.25
50370,\shp,50370_R1_202607.zip,0.03
50370,\shp,50370_R2_202607.zip,0.02
50370,\shp,50370_Urban_Block_202606.zip,0.04
50370,\shp,50370_Urban_Building_202606.zip,0.11
50370,\shp,50370_Urban_Lot_202606.zip,0.09
50370,\shp,50370_Urban_Neighborhood_202606.zip,0.01
50370,\shp,50370_Urban_Nomenclature_202606.zip,0.07
50370,\shp,50370_Urban_Nomenclature_Road_202606.zip,0.01
50370,\shp,50370_Urban_Perimeter_202606.zip,0.01
50370,\shp,50370_Urban_Sector_202606.zip,0.01
50400,\shp,50400_OSM_Road_202608.zip,0.09
50400,\shp,50400_R1_202607.zip,0.06
50400,\shp,50400_R2_202607.zip,0.07
50400,\shp,50400_Rural_Building_202606.zip,0.0
50400,\shp,50400_Rural_Lot_202606.zip,1.02
50400,\shp,50400_Rural_Nomenclature_202606.zip,0.0
50400,\shp,50400_Rural_Sector_202606.zip,0.15
50400,\shp,50400_Rural_Vereda_202606.zip,0.35
50400,\shp,50400_Urban_Block_202606.zip,0.06
50400,\shp,50400_Urban_Building_202606.zip,0.2
50400,\shp,50400_Urban_Lot_202606.zip,0.15
50400,\shp,50400_Urban_Nomenclature_202606.zip,0.1
50400,\shp,50400_Urban_Nomenclature_Road_202606.zip,0.01
50400,\shp,50400_Urban_Perimeter_202606.zip,0.01
50400,\shp,50400_Urban_Sector_202606.zip,0.0
50450,\shp,50450_OSM_Road_202608.zip,0.08
50450,\shp,50450_R1_202607.zip,0.03
50450,\shp,50450_R2_202607.zip,0.04
50450,\shp,50450_Rural_Building_202606.zip,0.01
50450,\shp,50450_Rural_Lot_202606.zip,0.62
50450,\shp,50450_Rural_Nomenclature_202606.zip,0.0
50450,\shp,50450_Rural_Sector_202606.zip,0.15
50450,\shp,50450_Rural_Vereda_202606.zip,0.24
50450,\shp,50450_Urban_Block_202606.zip,0.07
50450,\shp,50450_Urban_Building_202606.zip,0.02
50450,\shp,50450_Urban_Lot_202606.zip,0.07
50450,\shp,50450_Urban_Nomenclature_202606.zip,0.09
50450,\shp,50450_Urban_Nomenclature_Road_202606.zip,0.01
50450,\shp,50450_Urban_Perimeter_202606.zip,0.01
50450,\shp,50450_Urban_Sector_202606.zip,0.01
50568,\shp,50568_OSM_Road_202608.zip,0.93
50568,\shp,50568_R1_202607.zip,0.12
50568,\shp,50568_R2_202607.zip,0.16
50568,\shp,50568_Rural_Building_202606.zip,0.63
50568,\shp,50568_Rural_Lot_202606.zip,11.14
50568,\shp,50568_Rural_Nomenclature_202606.zip,0.18
50568,\shp,50568_Rural_Sector_202606.zip,1.18
50568,\shp,50568_Rural_Vereda_202606.zip,3.09
50568,\shp,50568_Urban_Block_202606.zip,0.27
50568,\shp,50568_Urban_Building_202606.zip,0.49
50568,\shp,50568_Urban_Lot_202606.zip,0.71
50568,\shp,50568_Urban_Nomenclature_202606.zip,0.64
50568,\shp,50568_Urban_Nomenclature_Road_202606.zip,0.05
50568,\shp,50568_Urban_Perimeter_202606.zip,0.02
50568,\shp,50568_Urban_Sector_202606.zip,0.02
50573,\shp,50573_OSM_Road_202608.zip,0.35
50573,\shp,50573_R1_202607.zip,0.21
50573,\shp,50573_R2_202607.zip,0.23
50573,\shp,50573_Rural_Building_202606.zip,0.75
50573,\shp,50573_Rural_Lot_202606.zip,12.48
50573,\shp,50573_Rural_Nomenclature_202606.zip,0.12
50573,\shp,50573_Rural_Sector_202606.zip,1.58
50573,\shp,50573_Rural_Vereda_202606.zip,3.54
50573,\shp,50573_Urban_Block_202606.zip,0.44
50573,\shp,50573_Urban_Building_202606.zip,1.1
50573,\shp,50573_Urban_Lot_202606.zip,1.31
50573,\shp,50573_Urban_Nomenclature_202606.zip,0.69
50573,\shp,50573_Urban_Nomenclature_Road_202606.zip,0.08
50573,\shp,50573_Urban_Perimeter_202606.zip,0.05
50573,\shp,50573_Urban_Sector_202606.zip,0.05
50577,\shp,50577_OSM_Road_202608.zip,0.19
50577,\shp,50577_R1_202607.zip,0.06
50577,\shp,50577_R2_202607.zip,0.08
50577,\shp,50577_Rural_Building_202606.zip,0.25
50577,\shp,50577_Rural_Lot_202606.zip,7.9
50577,\shp,50577_Rural_Nomenclature_202606.zip,0.01
50577,\shp,50577_Rural_Sector_202606.zip,1.0
50577,\shp,50577_Rural_Vereda_202606.zip,1.89
50577,\shp,50577_Urban_Block_202606.zip,0.06
50577,\shp,50577_Urban_Building_202606.zip,0.18
50577,\shp,50577_Urban_Lot_202606.zip,0.22
50577,\shp,50577_Urban_Nomenclature_202606.zip,0.14
50577,\shp,50577_Urban_Nomenclature_Road_202606.zip,0.01
50577,\shp,50577_Urban_Perimeter_202606.zip,0.01
50577,\shp,50577_Urban_Sector_202606.zip,0.01
50590,\shp,50590_OSM_Road_202608.zip,0.19
50590,\shp,50590_R1_202607.zip,0.07
50590,\shp,50590_R2_202607.zip,0.09
50590,\shp,50590_Rural_Building_202606.zip,0.4
50590,\shp,50590_Rural_Lot_202606.zip,15.8
50590,\shp,50590_Rural_Nomenclature_202606.zip,0.0
50590,\shp,50590_Rural_Sector_202606.zip,2.41
50590,\shp,50590_Rural_Vereda_202606.zip,6.14
50590,\shp,50590_Urban_Block_202606.zip,0.06
50590,\shp,50590_Urban_Building_202606.zip,0.15
50590,\shp,50590_Urban_Lot_202606.zip,0.22
50590,\shp,50590_Urban_Nomenclature_202606.zip,0.13
50590,\shp,50590_Urban_Nomenclature_Road_202606.zip,0.01
50590,\shp,50590_Urban_Perimeter_202606.zip,0.01
50590,\shp,50590_Urban_Sector_202606.zip,0.01
50606,\shp,50606_OSM_Road_202608.zip,0.16
50606,\shp,50606_R1_202607.zip,0.19
50606,\shp,50606_R2_202607.zip,0.17
50606,\shp,50606_Rural_Building_202606.zip,0.19
50606,\shp,50606_Rural_Lot_202606.zip,1.31
50606,\shp,50606_Rural_Nomenclature_202606.zip,0.04
50606,\shp,50606_Rural_Sector_202606.zip,0.09
50606,\shp,50606_Rural_Vereda_202606.zip,0.18
50606,\shp,50606_Urban_Block_202606.zip,0.16
50606,\shp,50606_Urban_Building_202606.zip,0.87
50606,\shp,50606_Urban_Lot_202606.zip,0.93
50606,\shp,50606_Urban_Nomenclature_202606.zip,0.13
50606,\shp,50606_Urban_Nomenclature_Road_202606.zip,0.02
50606,\shp,50606_Urban_Perimeter_202606.zip,0.02
50606,\shp,50606_Urban_Sector_202606.zip,0.02
50680,\shp,50680_OSM_Road_202608.zip,0.1
50680,\shp,50680_R1_202607.zip,0.06
50680,\shp,50680_R2_202607.zip,0.05
50680,\shp,50680_Rural_Building_202606.zip,0.01
50680,\shp,50680_Rural_Lot_202606.zip,0.56
50680,\shp,50680_Rural_Nomenclature_202606.zip,0.02
50680,\shp,50680_Rural_Sector_202606.zip,0.15
50680,\shp,50680_Rural_Vereda_202606.zip,0.22
50680,\shp,50680_Urban_Block_202606.zip,0.08
50680,\shp,50680_Urban_Building_202606.zip,0.14
50680,\shp,50680_Urban_Lot_202606.zip,0.19
50680,\shp,50680_Urban_Nomenclature_202606.zip,0.1
50680,\shp,50680_Urban_Nomenclature_Road_202606.zip,0.02
50680,\shp,50680_Urban_Perimeter_202606.zip,0.01
50680,\shp,50680_Urban_Sector_202606.zip,0.01
50683,\shp,50683_OSM_Road_202608.zip,0.11
50683,\shp,50683_R1_202607.zip,0.06
50683,\shp,50683_R2_202607.zip,0.07
50683,\shp,50683_Rural_Building_202606.zip,0.23
50683,\shp,50683_Rural_Lot_202606.zip,2.06
50683,\shp,50683_Rural_Nomenclature_202606.zip,0.03
50683,\shp,50683_Rural_Sector_202606.zip,0.43
50683,\shp,50683_Rural_Vereda_202606.zip,0.85
50683,\shp,50683_Urban_Block_202606.zip,0.08
50683,\shp,50683_Urban_Building_202606.zip,0.17
50683,\shp,50683_Urban_Lot_202606.zip,0.2
50683,\shp,50683_Urban_Nomenclature_202606.zip,0.12
50683,\shp,50683_Urban_Nomenclature_Road_202606.zip,0.01
50683,\shp,50683_Urban_Perimeter_202606.zip,0.0
50683,\shp,50683_Urban_Sector_202606.zip,0.0
50686,\shp,50686_OSM_Road_202608.zip,0.08
50686,\shp,50686_R1_202607.zip,0.02
50686,\shp,50686_R2_202607.zip,0.02
50686,\shp,50686_Rural_Lot_202606.zip,0.25
50686,\shp,50686_Rural_Nomenclature_202606.zip,0.0
50686,\shp,50686_Rural_Sector_202606.zip,0.02
50686,\shp,50686_Rural_Vereda_202606.zip,0.05
50686,\shp,50686_Urban_Block_202606.zip,0.02
50686,\shp,50686_Urban_Building_202606.zip,0.03
50686,\shp,50686_Urban_Lot_202606.zip,0.04
50686,\shp,50686_Urban_Nomenclature_202606.zip,0.03
50686,\shp,50686_Urban_Nomenclature_Road_202606.zip,0.01
50686,\shp,50686_Urban_Perimeter_202606.zip,0.0
50686,\shp,50686_Urban_Sector_202606.zip,0.0
50689,\shp,50689_OSM_Road_202608.zip,0.3
50689,\shp,50689_R1_202607.zip,0.15
50689,\shp,50689_R2_202607.zip,0.16
50689,\shp,50689_Rural_Building_202606.zip,0.01
50689,\shp,50689_Rural_Lot_202606.zip,2.25
50689,\shp,50689_Rural_Nomenclature_202606.zip,0.01
50689,\shp,50689_Rural_Nomenclature_Road_202606.zip,0.0
50689,\shp,50689_Rural_Sector_202606.zip,0.25
50689,\shp,50689_Rural_Vereda_202606.zip,0.49
50689,\shp,50689_Urban_Block_202606.zip,0.27
50689,\shp,50689_Urban_Building_202606.zip,0.58
50689,\shp,50689_Urban_Lot_202606.zip,0.76
50689,\shp,50689_Urban_Nomenclature_202606.zip,0.48
50689,\shp,50689_Urban_Nomenclature_Road_202606.zip,0.04
50689,\shp,50689_Urban_Perimeter_202606.zip,0.01
50689,\shp,50689_Urban_Sector_202606.zip,0.01
50711,\shp,50711_OSM_Road_202608.zip,0.29
50711,\shp,50711_R1_202607.zip,0.16
50711,\shp,50711_R2_202607.zip,0.15
50711,\shp,50711_Rural_Building_202606.zip,0.04
50711,\shp,50711_Rural_Lot_202606.zip,2.99
50711,\shp,50711_Rural_Nomenclature_202606.zip,0.01
50711,\shp,50711_Rural_Sector_202606.zip,0.41
50711,\shp,50711_Rural_Vereda_202606.zip,1.14
50711,\shp,50711_Urban_Block_202606.zip,0.16
50711,\shp,50711_Urban_Building_202606.zip,0.58
50711,\shp,50711_Urban_Lot_202606.zip,0.44
50711,\shp,50711_Urban_Nomenclature_202606.zip,0.24
50711,\shp,50711_Urban_Nomenclature_Road_202606.zip,0.02
50711,\shp,50711_Urban_Perimeter_202606.zip,0.02
50711,\shp,50711_Urban_Sector_202606.zip,0.02
52001,\shp,52001_OSM_Road_202608.zip,1.12
52001,\shp,52001_R1_202607.zip,2.28
52001,\shp,52001_R2_202607.zip,2.34
52001,\shp,52001_Rural_Building_202606.zip,0.36
52001,\shp,52001_Rural_Lot_202606.zip,11.7
52001,\shp,52001_Rural_Nomenclature_202606.zip,0.02
52001,\shp,52001_Rural_Sector_202606.zip,0.27
52001,\shp,52001_Rural_Vereda_202606.zip,1.1
52001,\shp,52001_Urban_Block_202606.zip,2.34
52001,\shp,52001_Urban_Building_202606.zip,13.01
52001,\shp,52001_Urban_Lot_202606.zip,10.61
52001,\shp,52001_Urban_Nomenclature_202606.zip,2.57
52001,\shp,52001_Urban_Nomenclature_Road_202606.zip,0.46
52001,\shp,52001_Urban_Perimeter_202606.zip,0.17
52001,\shp,52001_Urban_Sector_202606.zip,0.21
52019,\shp,52019_OSM_Road_202608.zip,0.06
52019,\shp,52019_R1_202607.zip,0.05
52019,\shp,52019_R2_202607.zip,0.06
52019,\shp,52019_Rural_Building_202606.zip,0.02
52019,\shp,52019_Rural_Lot_202606.zip,0.79
52019,\shp,52019_Rural_Nomenclature_202606.zip,0.0
52019,\shp,52019_Rural_Sector_202606.zip,0.04
52019,\shp,52019_Rural_Vereda_202606.zip,0.1
52019,\shp,52019_Urban_Block_202606.zip,0.04
52019,\shp,52019_Urban_Building_202606.zip,0.1
52019,\shp,52019_Urban_Lot_202606.zip,0.11
52019,\shp,52019_Urban_Nomenclature_202606.zip,0.03
52019,\shp,52019_Urban_Nomenclature_Road_202606.zip,0.01
52019,\shp,52019_Urban_Perimeter_202606.zip,0.01
52019,\shp,52019_Urban_Sector_202606.zip,0.01
52022,\shp,52022_OSM_Road_202608.zip,0.04
52022,\shp,52022_R1_202607.zip,0.04
52022,\shp,52022_R2_202607.zip,0.05
52022,\shp,52022_Rural_Building_202606.zip,0.0
52022,\shp,52022_Rural_Lot_202606.zip,0.59
52022,\shp,52022_Rural_Nomenclature_202606.zip,0.0
52022,\shp,52022_Rural_Sector_202606.zip,0.05
52022,\shp,52022_Rural_Vereda_202606.zip,0.08
52022,\shp,52022_Urban_Block_202606.zip,0.02
52022,\shp,52022_Urban_Building_202606.zip,0.04
52022,\shp,52022_Urban_Lot_202606.zip,0.07
52022,\shp,52022_Urban_Nomenclature_202606.zip,0.0
52022,\shp,52022_Urban_Perimeter_202606.zip,0.01
52022,\shp,52022_Urban_Sector_202606.zip,0.01
52036,\shp,52036_OSM_Road_202608.zip,0.07
52036,\shp,52036_R1_202607.zip,0.07
52036,\shp,52036_R2_202607.zip,0.07
52036,\shp,52036_Rural_Building_202606.zip,0.01
52036,\shp,52036_Rural_Lot_202606.zip,1.62
52036,\shp,52036_Rural_Nomenclature_202606.zip,0.0
52036,\shp,52036_Rural_Sector_202606.zip,0.15
52036,\shp,52036_Rural_Vereda_202606.zip,0.22
52036,\shp,52036_Urban_Block_202606.zip,0.02
52036,\shp,52036_Urban_Building_202606.zip,0.06
52036,\shp,52036_Urban_Lot_202606.zip,0.09
52036,\shp,52036_Urban_Nomenclature_202606.zip,0.0
52036,\shp,52036_Urban_Nomenclature_Road_202606.zip,0.0
52036,\shp,52036_Urban_Perimeter_202606.zip,0.0
52036,\shp,52036_Urban_Sector_202606.zip,0.0
52051,\shp,52051_OSM_Road_202608.zip,0.06
52051,\shp,52051_R1_202607.zip,0.04
52051,\shp,52051_R2_202607.zip,0.04
52051,\shp,52051_Rural_Building_202606.zip,0.01
52051,\shp,52051_Rural_Lot_202606.zip,1.04
52051,\shp,52051_Rural_Nomenclature_202606.zip,0.0
52051,\shp,52051_Rural_Sector_202606.zip,0.04
52051,\shp,52051_Rural_Vereda_202606.zip,0.09
52051,\shp,52051_Urban_Block_202606.zip,0.02
52051,\shp,52051_Urban_Building_202606.zip,0.03
52051,\shp,52051_Urban_Lot_202606.zip,0.05
52051,\shp,52051_Urban_Nomenclature_202606.zip,0.02
52051,\shp,52051_Urban_Nomenclature_Road_202606.zip,0.0
52051,\shp,52051_Urban_Sector_202606.zip,0.01
52079,\shp,52079_OSM_Road_202608.zip,0.1
52079,\shp,52079_R1_202607.zip,0.04
52079,\shp,52079_R2_202607.zip,0.03
52079,\shp,52079_Urban_Block_202606.zip,0.06
52079,\shp,52079_Urban_Building_202606.zip,0.1
52079,\shp,52079_Urban_Lot_202606.zip,0.17
52079,\shp,52079_Urban_Nomenclature_202606.zip,0.06
52079,\shp,52079_Urban_Nomenclature_Road_202606.zip,0.0
52079,\shp,52079_Urban_Perimeter_202606.zip,0.01
52079,\shp,52079_Urban_Sector_202606.zip,0.01
52083,\shp,52083_OSM_Road_202608.zip,0.03
52083,\shp,52083_R1_202607.zip,0.03
52083,\shp,52083_R2_202607.zip,0.03
52083,\shp,52083_Rural_Building_202606.zip,0.0
52083,\shp,52083_Rural_Lot_202606.zip,0.36
52083,\shp,52083_Rural_Nomenclature_202606.zip,0.0
52083,\shp,52083_Rural_Sector_202606.zip,0.03
52083,\shp,52083_Rural_Vereda_202606.zip,0.05
52083,\shp,52083_Urban_Block_202606.zip,0.04
52083,\shp,52083_Urban_Building_202606.zip,0.07
52083,\shp,52083_Urban_Lot_202606.zip,0.1
52083,\shp,52083_Urban_Nomenclature_202606.zip,0.03
52083,\shp,52083_Urban_Nomenclature_Road_202606.zip,0.0
52083,\shp,52083_Urban_Perimeter_202606.zip,0.01
52083,\shp,52083_Urban_Sector_202606.zip,0.01
52110,\shp,52110_OSM_Road_202608.zip,0.29
52110,\shp,52110_R1_202607.zip,0.17
52110,\shp,52110_R2_202607.zip,0.19
52110,\shp,52110_Rural_Building_202606.zip,0.01
52110,\shp,52110_Rural_Lot_202606.zip,3.25
52110,\shp,52110_Rural_Nomenclature_202606.zip,0.01
52110,\shp,52110_Rural_Nomenclature_Road_202606.zip,0.0
52110,\shp,52110_Rural_Sector_202606.zip,0.04
52110,\shp,52110_Rural_Vereda_202606.zip,0.49
52110,\shp,52110_Urban_Block_202606.zip,0.11
52110,\shp,52110_Urban_Building_202606.zip,0.21
52110,\shp,52110_Urban_Lot_202606.zip,0.36
52110,\shp,52110_Urban_Nomenclature_202606.zip,0.11
52110,\shp,52110_Urban_Nomenclature_Road_202606.zip,0.01
52110,\shp,52110_Urban_Perimeter_202606.zip,0.03
52110,\shp,52110_Urban_Sector_202606.zip,0.03
52203,\shp,52203_OSM_Road_202608.zip,0.12
52203,\shp,52203_R1_202607.zip,0.05
52203,\shp,52203_R2_202607.zip,0.05
52203,\shp,52203_Rural_Building_202606.zip,0.0
52203,\shp,52203_Rural_Lot_202606.zip,0.87
52203,\shp,52203_Rural_Nomenclature_202606.zip,0.0
52203,\shp,52203_Rural_Sector_202606.zip,0.04
52203,\shp,52203_Rural_Vereda_202606.zip,0.09
52203,\shp,52203_Urban_Block_202606.zip,0.03
52203,\shp,52203_Urban_Building_202606.zip,0.05
52203,\shp,52203_Urban_Lot_202606.zip,0.08
52203,\shp,52203_Urban_Nomenclature_202606.zip,0.02
52203,\shp,52203_Urban_Nomenclature_Road_202606.zip,0.0
52203,\shp,52203_Urban_Perimeter_202606.zip,0.01
52203,\shp,52203_Urban_Sector_202606.zip,0.01
52207,\shp,52207_OSM_Road_202608.zip,0.07
52207,\shp,52207_R1_202607.zip,0.08
52207,\shp,52207_R2_202607.zip,0.08
52207,\shp,52207_Rural_Building_202606.zip,0.01
52207,\shp,52207_Rural_Lot_202606.zip,1.4
52207,\shp,52207_Rural_Nomenclature_202606.zip,0.01
52207,\shp,52207_Rural_Sector_202606.zip,0.09
52207,\shp,52207_Rural_Vereda_202606.zip,0.18
52207,\shp,52207_Urban_Block_202606.zip,0.07
52207,\shp,52207_Urban_Building_202606.zip,0.1
52207,\shp,52207_Urban_Lot_202606.zip,0.21
52207,\shp,52207_Urban_Neighborhood_202606.zip,0.01
52207,\shp,52207_Urban_Nomenclature_202606.zip,0.04
52207,\shp,52207_Urban_Nomenclature_Road_202606.zip,0.01
52207,\shp,52207_Urban_Perimeter_202606.zip,0.01
52207,\shp,52207_Urban_Sector_202606.zip,0.01
52208,\shp,52208_Rural_Lot_202001.zip,0.0
52210,\shp,52210_OSM_Road_202608.zip,0.07
52210,\shp,52210_R1_202607.zip,0.05
52210,\shp,52210_R2_202607.zip,0.05
52210,\shp,52210_Rural_Building_202606.zip,0.0
52210,\shp,52210_Rural_Lot_202606.zip,0.82
52210,\shp,52210_Rural_Nomenclature_202606.zip,0.0
52210,\shp,52210_Rural_Sector_202606.zip,0.03
52210,\shp,52210_Rural_Vereda_202606.zip,0.06
52210,\shp,52210_Urban_Block_202606.zip,0.03
52210,\shp,52210_Urban_Building_202606.zip,0.03
52210,\shp,52210_Urban_Lot_202606.zip,0.07
52210,\shp,52210_Urban_Nomenclature_202606.zip,0.02
52210,\shp,52210_Urban_Nomenclature_Road_202606.zip,0.0
52210,\shp,52210_Urban_Perimeter_202606.zip,0.01
52210,\shp,52210_Urban_Sector_202606.zip,0.01
52215,\shp,52215_OSM_Road_202608.zip,0.07
52215,\shp,52215_R1_202607.zip,0.09
52215,\shp,52215_R2_202607.zip,0.08
52215,\shp,52215_Rural_Building_202606.zip,0.0
52215,\shp,52215_Rural_Lot_202606.zip,1.1
52215,\shp,52215_Rural_Nomenclature_202606.zip,0.01
52215,\shp,52215_Rural_Sector_202606.zip,0.04
52215,\shp,52215_Rural_Vereda_202606.zip,0.11
52215,\shp,52215_Urban_Block_202606.zip,0.05
52215,\shp,52215_Urban_Building_202606.zip,0.06
52215,\shp,52215_Urban_Lot_202606.zip,0.14
52215,\shp,52215_Urban_Nomenclature_202606.zip,0.05
52215,\shp,52215_Urban_Nomenclature_Road_202606.zip,0.01
52215,\shp,52215_Urban_Perimeter_202606.zip,0.01
52215,\shp,52215_Urban_Sector_202606.zip,0.01
52224,\shp,52224_OSM_Road_202608.zip,0.04
52224,\shp,52224_R1_202607.zip,0.04
52224,\shp,52224_R2_202607.zip,0.04
52224,\shp,52224_Rural_Building_202606.zip,0.0
52224,\shp,52224_Rural_Lot_202606.zip,0.62
52224,\shp,52224_Rural_Nomenclature_202606.zip,0.0
52224,\shp,52224_Rural_Sector_202606.zip,0.04
52224,\shp,52224_Rural_Vereda_202606.zip,0.05
52224,\shp,52224_Urban_Block_202606.zip,0.03
52224,\shp,52224_Urban_Building_202606.zip,0.05
52224,\shp,52224_Urban_Lot_202606.zip,0.1
52224,\shp,52224_Urban_Nomenclature_202606.zip,0.03
52224,\shp,52224_Urban_Nomenclature_Road_202606.zip,0.01
52224,\shp,52224_Urban_Perimeter_202606.zip,0.01
52224,\shp,52224_Urban_Sector_202606.zip,0.01
52227,\shp,52227_OSM_Road_202608.zip,0.15
52227,\shp,52227_R1_202607.zip,0.11
52227,\shp,52227_R2_202607.zip,0.12
52227,\shp,52227_Rural_Building_202606.zip,0.0
52227,\shp,52227_Rural_Lot_202606.zip,1.53
52227,\shp,52227_Rural_Nomenclature_202606.zip,0.0
52227,\shp,52227_Rural_Sector_202606.zip,0.04
52227,\shp,52227_Rural_Vereda_202606.zip,0.12
52227,\shp,52227_Urban_Block_202606.zip,0.15
52227,\shp,52227_Urban_Building_202606.zip,0.2
52227,\shp,52227_Urban_Lot_202606.zip,0.43
52227,\shp,52227_Urban_Nomenclature_202606.zip,0.13
52227,\shp,52227_Urban_Nomenclature_Road_202606.zip,0.02
52227,\shp,52227_Urban_Perimeter_202606.zip,0.01
52227,\shp,52227_Urban_Sector_202606.zip,0.01
52233,\shp,52233_OSM_Road_202608.zip,0.16
52233,\shp,52233_R1_202607.zip,0.05
52233,\shp,52233_R2_202607.zip,0.03
52233,\shp,52233_Urban_Block_202606.zip,0.03
52233,\shp,52233_Urban_Building_202606.zip,0.04
52233,\shp,52233_Urban_Lot_202606.zip,0.06
52233,\shp,52233_Urban_Nomenclature_202606.zip,0.01
52233,\shp,52233_Urban_Nomenclature_Road_202606.zip,0.0
52233,\shp,52233_Urban_Sector_202606.zip,0.01
52240,\shp,52240_OSM_Road_202608.zip,0.21
52240,\shp,52240_R1_202607.zip,0.17
52240,\shp,52240_R2_202607.zip,0.23
52240,\shp,52240_Rural_Building_202606.zip,0.73
52240,\shp,52240_Rural_Lot_202606.zip,3.08
52240,\shp,52240_Rural_Nomenclature_202606.zip,0.05
52240,\shp,52240_Rural_Sector_202606.zip,0.06
52240,\shp,52240_Rural_Vereda_202606.zip,0.27
52240,\shp,52240_Urban_Block_202606.zip,0.06
52240,\shp,52240_Urban_Building_202606.zip,0.11
52240,\shp,52240_Urban_Lot_202606.zip,0.19
52240,\shp,52240_Urban_Nomenclature_202606.zip,0.05
52240,\shp,52240_Urban_Nomenclature_Road_202606.zip,0.01
52240,\shp,52240_Urban_Perimeter_202606.zip,0.01
52240,\shp,52240_Urban_Sector_202606.zip,0.01
52250,\shp,52250_OSM_Road_202608.zip,0.09
52250,\shp,52250_R1_202607.zip,0.05
52250,\shp,52250_R2_202607.zip,0.04
52250,\shp,52250_Urban_Block_202606.zip,0.06
52250,\shp,52250_Urban_Building_202606.zip,0.15
52250,\shp,52250_Urban_Lot_202606.zip,0.11
52250,\shp,52250_Urban_Nomenclature_202606.zip,0.05
52250,\shp,52250_Urban_Nomenclature_Road_202606.zip,0.01
52250,\shp,52250_Urban_Perimeter_202606.zip,0.01
52250,\shp,52250_Urban_Sector_202606.zip,0.01
52254,\shp,52254_OSM_Road_202608.zip,0.08
52254,\shp,52254_R1_202607.zip,0.05
52254,\shp,52254_R2_202607.zip,0.06
52254,\shp,52254_Rural_Building_202606.zip,0.0
52254,\shp,52254_Rural_Lot_202606.zip,1.17
52254,\shp,52254_Rural_Nomenclature_202606.zip,0.0
52254,\shp,52254_Rural_Nomenclature_Road_202606.zip,0.0
52254,\shp,52254_Rural_Sector_202606.zip,0.04
52254,\shp,52254_Rural_Vereda_202606.zip,0.14
52254,\shp,52254_Urban_Block_202606.zip,0.04
52254,\shp,52254_Urban_Building_202606.zip,0.04
52254,\shp,52254_Urban_Lot_202606.zip,0.08
52254,\shp,52254_Urban_Nomenclature_202606.zip,0.0
52254,\shp,52254_Urban_Nomenclature_Road_202606.zip,0.0
52254,\shp,52254_Urban_Perimeter_202606.zip,0.01
52254,\shp,52254_Urban_Sector_202606.zip,0.01
52256,\shp,52256_OSM_Road_202608.zip,0.15
52256,\shp,52256_R1_202607.zip,0.03
52256,\shp,52256_R2_202607.zip,0.02
52256,\shp,52256_Urban_Block_202606.zip,0.02
52256,\shp,52256_Urban_Building_202606.zip,0.04
52256,\shp,52256_Urban_Lot_202606.zip,0.05
52256,\shp,52256_Urban_Nomenclature_202606.zip,0.0
52256,\shp,52256_Urban_Nomenclature_Road_202606.zip,0.0
52256,\shp,52256_Urban_Perimeter_202606.zip,0.01
52256,\shp,52256_Urban_Sector_202606.zip,0.01
52258,\shp,52258_OSM_Road_202608.zip,0.09
52258,\shp,52258_R1_202607.zip,0.07
52258,\shp,52258_R2_202607.zip,0.07
52258,\shp,52258_Rural_Building_202606.zip,0.0
52258,\shp,52258_Rural_Lot_202606.zip,1.07
52258,\shp,52258_Rural_Nomenclature_202606.zip,0.0
52258,\shp,52258_Rural_Sector_202606.zip,0.08
52258,\shp,52258_Rural_Vereda_202606.zip,0.17
52258,\shp,52258_Urban_Block_202606.zip,0.06
52258,\shp,52258_Urban_Building_202606.zip,0.1
52258,\shp,52258_Urban_Lot_202606.zip,0.15
52258,\shp,52258_Urban_Nomenclature_202606.zip,0.04
52258,\shp,52258_Urban_Nomenclature_Road_202606.zip,0.01
52258,\shp,52258_Urban_Perimeter_202606.zip,0.01
52258,\shp,52258_Urban_Sector_202606.zip,0.01
52260,\shp,52260_OSM_Road_202608.zip,0.21
52260,\shp,52260_R1_202607.zip,0.12
52260,\shp,52260_R2_202607.zip,0.13
52260,\shp,52260_Rural_Building_202606.zip,0.0
52260,\shp,52260_Rural_Lot_202606.zip,3.04
52260,\shp,52260_Rural_Nomenclature_202606.zip,0.0
52260,\shp,52260_Rural_Sector_202606.zip,0.1
52260,\shp,52260_Rural_Vereda_202606.zip,0.31
52260,\shp,52260_Urban_Block_202606.zip,0.08
52260,\shp,52260_Urban_Building_202606.zip,0.15
52260,\shp,52260_Urban_Lot_202606.zip,0.26
52260,\shp,52260_Urban_Nomenclature_202606.zip,0.01
52260,\shp,52260_Urban_Nomenclature_Road_202606.zip,0.01
52260,\shp,52260_Urban_Perimeter_202606.zip,0.02
52260,\shp,52260_Urban_Sector_202606.zip,0.02
52287,\shp,52287_OSM_Road_202608.zip,0.07
52287,\shp,52287_R1_202607.zip,0.07
52287,\shp,52287_R2_202607.zip,0.06
52287,\shp,52287_Rural_Building_202606.zip,0.0
52287,\shp,52287_Rural_Lot_202606.zip,1.24
52287,\shp,52287_Rural_Nomenclature_202606.zip,0.01
52287,\shp,52287_Rural_Sector_202606.zip,0.04
52287,\shp,52287_Rural_Vereda_202606.zip,0.1
52287,\shp,52287_Urban_Block_202606.zip,0.04
52287,\shp,52287_Urban_Building_202606.zip,0.06
52287,\shp,52287_Urban_Lot_202606.zip,0.14
52287,\shp,52287_Urban_Nomenclature_202606.zip,0.01
52287,\shp,52287_Urban_Nomenclature_Road_202606.zip,0.0
52287,\shp,52287_Urban_Perimeter_202606.zip,0.01
52287,\shp,52287_Urban_Sector_202606.zip,0.01
52317,\shp,52317_OSM_Road_202608.zip,0.09
52317,\shp,52317_R1_202607.zip,0.09
52317,\shp,52317_R2_202607.zip,0.1
52317,\shp,52317_Rural_Building_202606.zip,0.01
52317,\shp,52317_Rural_Lot_202606.zip,1.7
52317,\shp,52317_Rural_Nomenclature_202606.zip,0.0
52317,\shp,52317_Rural_Sector_202606.zip,0.08
52317,\shp,52317_Rural_Vereda_202606.zip,0.25
52317,\shp,52317_Urban_Block_202606.zip,0.06
52317,\shp,52317_Urban_Building_202606.zip,0.11
52317,\shp,52317_Urban_Lot_202606.zip,0.17
52317,\shp,52317_Urban_Nomenclature_202606.zip,0.0
52317,\shp,52317_Urban_Nomenclature_Road_202606.zip,0.01
52317,\shp,52317_Urban_Perimeter_202606.zip,0.01
52317,\shp,52317_Urban_Sector_202606.zip,0.01
52320,\shp,52320_OSM_Road_202608.zip,0.1
52320,\shp,52320_R1_202607.zip,0.1
52320,\shp,52320_R2_202607.zip,0.11
52320,\shp,52320_Rural_Building_202606.zip,0.0
52320,\shp,52320_Rural_Lot_202606.zip,2.74
52320,\shp,52320_Rural_Nomenclature_202606.zip,0.0
52320,\shp,52320_Rural_Sector_202606.zip,0.07
52320,\shp,52320_Rural_Vereda_202606.zip,0.15
52320,\shp,52320_Urban_Block_202606.zip,0.06
52320,\shp,52320_Urban_Building_202606.zip,0.13
52320,\shp,52320_Urban_Lot_202606.zip,0.24
52320,\shp,52320_Urban_Nomenclature_202606.zip,0.01
52320,\shp,52320_Urban_Nomenclature_Road_202606.zip,0.0
52320,\shp,52320_Urban_Perimeter_202606.zip,0.01
52320,\shp,52320_Urban_Sector_202606.zip,0.01
52323,\shp,52323_OSM_Road_202608.zip,0.03
52323,\shp,52323_R1_202607.zip,0.05
52323,\shp,52323_R2_202607.zip,0.05
52323,\shp,52323_Rural_Building_202606.zip,0.01
52323,\shp,52323_Rural_Lot_202606.zip,0.66
52323,\shp,52323_Rural_Nomenclature_202606.zip,0.0
52323,\shp,52323_Rural_Nomenclature_Road_202606.zip,0.0
52323,\shp,52323_Rural_Sector_202606.zip,0.04
52323,\shp,52323_Rural_Vereda_202606.zip,0.07
52323,\shp,52323_Urban_Block_202606.zip,0.05
52323,\shp,52323_Urban_Building_202606.zip,0.07
52323,\shp,52323_Urban_Lot_202606.zip,0.14
52323,\shp,52323_Urban_Nomenclature_202606.zip,0.04
52323,\shp,52323_Urban_Nomenclature_Road_202606.zip,0.01
52323,\shp,52323_Urban_Perimeter_202606.zip,0.01
52323,\shp,52323_Urban_Sector_202606.zip,0.01
52352,\shp,52352_OSM_Road_202608.zip,0.08
52352,\shp,52352_R1_202607.zip,0.06
52352,\shp,52352_R2_202607.zip,0.06
52352,\shp,52352_Rural_Building_202606.zip,0.0
52352,\shp,52352_Rural_Lot_202606.zip,1.29
52352,\shp,52352_Rural_Nomenclature_202606.zip,0.0
52352,\shp,52352_Rural_Sector_202606.zip,0.07
52352,\shp,52352_Rural_Vereda_202606.zip,0.1
52352,\shp,52352_Urban_Block_202606.zip,0.04
52352,\shp,52352_Urban_Building_202606.zip,0.1
52352,\shp,52352_Urban_Lot_202606.zip,0.17
52352,\shp,52352_Urban_Nomenclature_202606.zip,0.03
52352,\shp,52352_Urban_Nomenclature_Road_202606.zip,0.0
52352,\shp,52352_Urban_Perimeter_202606.zip,0.01
52352,\shp,52352_Urban_Sector_202606.zip,0.01
52354,\shp,52354_OSM_Road_202608.zip,0.08
52354,\shp,52354_R1_202607.zip,0.08
52354,\shp,52354_R2_202607.zip,0.07
52354,\shp,52354_Rural_Building_202606.zip,0.02
52354,\shp,52354_Rural_Lot_202606.zip,1.38
52354,\shp,52354_Rural_Nomenclature_202606.zip,0.01
52354,\shp,52354_Rural_Nomenclature_Road_202606.zip,0.0
52354,\shp,52354_Rural_Sector_202606.zip,0.04
52354,\shp,52354_Rural_Vereda_202606.zip,0.12
52354,\shp,52354_Urban_Block_202606.zip,0.03
52354,\shp,52354_Urban_Building_202606.zip,0.03
52354,\shp,52354_Urban_Lot_202606.zip,0.08
52354,\shp,52354_Urban_Nomenclature_202606.zip,0.03
52354,\shp,52354_Urban_Nomenclature_Road_202606.zip,0.01
52354,\shp,52354_Urban_Perimeter_202606.zip,0.01
52354,\shp,52354_Urban_Sector_202606.zip,0.01
52356,\shp,52356_OSM_Road_202608.zip,0.41
52356,\shp,52356_R1_202607.zip,0.62
52356,\shp,52356_R2_202607.zip,0.63
52356,\shp,52356_Rural_Building_202606.zip,0.01
52356,\shp,52356_Rural_Lot_202606.zip,2.13
52356,\shp,52356_Rural_Nomenclature_202606.zip,0.01
52356,\shp,52356_Rural_Sector_202606.zip,0.07
52356,\shp,52356_Rural_Vereda_202606.zip,0.29
52356,\shp,52356_Urban_Block_202606.zip,0.1
52356,\shp,52356_Urban_Building_202606.zip,0.16
52356,\shp,52356_Urban_Lot_202606.zip,0.23
52356,\shp,52356_Urban_Nomenclature_202606.zip,0.04
52356,\shp,52356_Urban_Nomenclature_Road_202606.zip,0.02
52356,\shp,52356_Urban_Perimeter_202606.zip,0.02
52356,\shp,52356_Urban_Sector_202606.zip,0.02
52378,\shp,52378_OSM_Road_202608.zip,0.1
52378,\shp,52378_R1_202607.zip,0.12
52378,\shp,52378_R2_202607.zip,0.11
52378,\shp,52378_Rural_Building_202606.zip,0.01
52378,\shp,52378_Rural_Lot_202606.zip,1.92
52378,\shp,52378_Rural_Nomenclature_202606.zip,0.02
52378,\shp,52378_Rural_Sector_202606.zip,0.02
52378,\shp,52378_Rural_Vereda_202606.zip,0.19
52378,\shp,52378_Urban_Block_202606.zip,0.08
52378,\shp,52378_Urban_Building_202606.zip,0.25
52378,\shp,52378_Urban_Lot_202606.zip,0.33
52378,\shp,52378_Urban_Neighborhood_202606.zip,0.0
52378,\shp,52378_Urban_Nomenclature_202606.zip,0.02
52378,\shp,52378_Urban_Nomenclature_Road_202606.zip,0.01
52378,\shp,52378_Urban_Perimeter_202606.zip,0.02
52378,\shp,52378_Urban_Sector_202606.zip,0.02
52381,\shp,52381_OSM_Road_202608.zip,0.13
52381,\shp,52381_R1_202607.zip,0.12
52381,\shp,52381_R2_202607.zip,0.13
52381,\shp,52381_Rural_Building_202606.zip,0.0
52381,\shp,52381_Rural_Lot_202606.zip,2.72
52381,\shp,52381_Rural_Nomenclature_202606.zip,0.01
52381,\shp,52381_Rural_Nomenclature_Road_202606.zip,0.01
52381,\shp,52381_Rural_Sector_202606.zip,0.13
52381,\shp,52381_Rural_Vereda_202606.zip,0.86
52381,\shp,52381_Urban_Block_202606.zip,0.12
52381,\shp,52381_Urban_Building_202606.zip,0.17
52381,\shp,52381_Urban_Lot_202606.zip,0.26
52381,\shp,52381_Urban_Neighborhood_202606.zip,0.02
52381,\shp,52381_Urban_Nomenclature_202606.zip,0.06
52381,\shp,52381_Urban_Nomenclature_Road_202606.zip,0.02
52381,\shp,52381_Urban_Perimeter_202606.zip,0.03
52381,\shp,52381_Urban_Sector_202606.zip,0.03
52385,\shp,52385_OSM_Road_202608.zip,0.05
52385,\shp,52385_R1_202607.zip,0.02
52385,\shp,52385_R2_202607.zip,0.02
52385,\shp,52385_Urban_Block_202606.zip,0.04
52385,\shp,52385_Urban_Building_202606.zip,0.06
52385,\shp,52385_Urban_Lot_202606.zip,0.11
52385,\shp,52385_Urban_Nomenclature_202606.zip,0.01
52385,\shp,52385_Urban_Nomenclature_Road_202606.zip,0.0
52385,\shp,52385_Urban_Perimeter_202606.zip,0.01
52385,\shp,52385_Urban_Sector_202606.zip,0.01
52390,\shp,52390_OSM_Road_202608.zip,0.01
52390,\shp,52390_R1_202607.zip,0.01
52390,\shp,52390_R2_202607.zip,0.02
52390,\shp,52390_Urban_Block_202606.zip,0.05
52390,\shp,52390_Urban_Building_202606.zip,0.07
52390,\shp,52390_Urban_Lot_202606.zip,0.11
52390,\shp,52390_Urban_Nomenclature_202606.zip,0.05
52390,\shp,52390_Urban_Nomenclature_Road_202606.zip,0.01
52390,\shp,52390_Urban_Perimeter_202606.zip,0.01
52390,\shp,52390_Urban_Sector_202606.zip,0.01
52399,\shp,52399_OSM_Road_202608.zip,0.18
52399,\shp,52399_R1_202607.zip,0.13
52399,\shp,52399_R2_202607.zip,0.14
52399,\shp,52399_Rural_Building_202606.zip,0.01
52399,\shp,52399_Rural_Lot_202606.zip,2.07
52399,\shp,52399_Rural_Nomenclature_202606.zip,0.02
52399,\shp,52399_Rural_Sector_202606.zip,0.08
52399,\shp,52399_Rural_Vereda_202606.zip,0.2
52399,\shp,52399_Urban_Block_202606.zip,0.16
52399,\shp,52399_Urban_Building_202606.zip,0.31
52399,\shp,52399_Urban_Lot_202606.zip,0.48
52399,\shp,52399_Urban_Nomenclature_202606.zip,0.1
52399,\shp,52399_Urban_Nomenclature_Road_202606.zip,0.01
52399,\shp,52399_Urban_Perimeter_202606.zip,0.04
52399,\shp,52399_Urban_Sector_202606.zip,0.04
52405,\shp,52405_OSM_Road_202608.zip,0.11
52405,\shp,52405_R1_202607.zip,0.03
52405,\shp,52405_R2_202607.zip,0.06
52405,\shp,52405_Rural_Building_202606.zip,0.14
52405,\shp,52405_Rural_Lot_202606.zip,1.27
52405,\shp,52405_Rural_Nomenclature_202606.zip,0.2
52405,\shp,52405_Rural_Sector_202606.zip,0.04
52405,\shp,52405_Rural_Vereda_202606.zip,0.22
52405,\shp,52405_Urban_Block_202606.zip,0.04
52405,\shp,52405_Urban_Building_202606.zip,0.05
52405,\shp,52405_Urban_Lot_202606.zip,0.12
52405,\shp,52405_Urban_Nomenclature_202606.zip,0.07
52405,\shp,52405_Urban_Perimeter_202606.zip,0.01
52405,\shp,52405_Urban_Sector_202606.zip,0.01
52411,\shp,52411_OSM_Road_202608.zip,0.1
52411,\shp,52411_R1_202607.zip,0.09
52411,\shp,52411_R2_202607.zip,0.09
52411,\shp,52411_Rural_Building_202606.zip,0.01
52411,\shp,52411_Rural_Lot_202606.zip,1.85
52411,\shp,52411_Rural_Nomenclature_202606.zip,0.0
52411,\shp,52411_Rural_Sector_202606.zip,0.07
52411,\shp,52411_Rural_Vereda_202606.zip,0.2
52411,\shp,52411_Urban_Block_202606.zip,0.05
52411,\shp,52411_Urban_Building_202606.zip,0.15
52411,\shp,52411_Urban_Lot_202606.zip,0.19
52411,\shp,52411_Urban_Nomenclature_202606.zip,0.03
52411,\shp,52411_Urban_Nomenclature_Road_202606.zip,0.0
52411,\shp,52411_Urban_Perimeter_202606.zip,0.01
52411,\shp,52411_Urban_Sector_202606.zip,0.01
52418,\shp,52418_OSM_Road_202608.zip,0.17
52418,\shp,52418_R1_202607.zip,0.07
52418,\shp,52418_R2_202607.zip,0.05
52418,\shp,52418_Urban_Block_202606.zip,0.04
52418,\shp,52418_Urban_Building_202606.zip,0.09
52418,\shp,52418_Urban_Lot_202606.zip,0.15
52418,\shp,52418_Urban_Nomenclature_202606.zip,0.04
52418,\shp,52418_Urban_Nomenclature_Road_202606.zip,0.01
52418,\shp,52418_Urban_Perimeter_202606.zip,0.01
52418,\shp,52418_Urban_Sector_202606.zip,0.01
52427,\shp,52427_OSM_Road_202608.zip,0.02
52427,\shp,52427_R1_202607.zip,0.0
52427,\shp,52427_R2_202607.zip,0.0
52435,\shp,52435_OSM_Road_202608.zip,0.09
52435,\shp,52435_R1_202607.zip,0.05
52435,\shp,52435_R2_202607.zip,0.03
52435,\shp,52435_Urban_Block_202606.zip,0.02
52435,\shp,52435_Urban_Building_202606.zip,0.02
52435,\shp,52435_Urban_Lot_202606.zip,0.04
52435,\shp,52435_Urban_Nomenclature_202606.zip,0.01
52435,\shp,52435_Urban_Nomenclature_Road_202606.zip,0.0
52435,\shp,52435_Urban_Perimeter_202606.zip,0.01
52435,\shp,52435_Urban_Sector_202606.zip,0.01
52473,\shp,52473_OSM_Road_202608.zip,0.01
52473,\shp,52473_R1_202607.zip,0.01
52473,\shp,52473_R2_202607.zip,0.01
52473,\shp,52473_Urban_Block_202606.zip,0.02
52473,\shp,52473_Urban_Building_202606.zip,0.04
52473,\shp,52473_Urban_Lot_202606.zip,0.04
52473,\shp,52473_Urban_Nomenclature_Road_202606.zip,0.0
52480,\shp,52480_OSM_Road_202608.zip,0.03
52480,\shp,52480_R1_202607.zip,0.03
52480,\shp,52480_R2_202607.zip,0.03
52480,\shp,52480_Rural_Building_202606.zip,0.0
52480,\shp,52480_Rural_Lot_202606.zip,0.43
52480,\shp,52480_Rural_Nomenclature_202606.zip,0.01
52480,\shp,52480_Rural_Sector_202606.zip,0.07
52480,\shp,52480_Rural_Vereda_202606.zip,0.08
52480,\shp,52480_Urban_Block_202606.zip,0.05
52480,\shp,52480_Urban_Building_202606.zip,0.08
52480,\shp,52480_Urban_Lot_202606.zip,0.15
52480,\shp,52480_Urban_Neighborhood_202606.zip,0.01
52480,\shp,52480_Urban_Nomenclature_202606.zip,0.05
52480,\shp,52480_Urban_Nomenclature_Road_202606.zip,0.01
52480,\shp,52480_Urban_Perimeter_202606.zip,0.01
52480,\shp,52480_Urban_Sector_202606.zip,0.01
52490,\shp,52490_OSM_Road_202608.zip,0.01
52490,\shp,52490_R1_202607.zip,0.03
52490,\shp,52490_R2_202607.zip,0.02
52490,\shp,52490_Urban_Block_202606.zip,0.07
52490,\shp,52490_Urban_Building_202606.zip,0.12
52490,\shp,52490_Urban_Lot_202606.zip,0.18
52490,\shp,52490_Urban_Nomenclature_202606.zip,0.05
52490,\shp,52490_Urban_Nomenclature_Road_202606.zip,0.01
52490,\shp,52490_Urban_Sector_202606.zip,0.01
52506,\shp,52506_OSM_Road_202608.zip,0.05
52506,\shp,52506_R1_202607.zip,0.04
52506,\shp,52506_R2_202607.zip,0.04
52506,\shp,52506_Rural_Building_202606.zip,0.0
52506,\shp,52506_Rural_Lot_202606.zip,0.78
52506,\shp,52506_Rural_Nomenclature_202606.zip,0.0
52506,\shp,52506_Rural_Sector_202606.zip,0.03
52506,\shp,52506_Rural_Vereda_202606.zip,0.07
52506,\shp,52506_Urban_Block_202606.zip,0.03
52506,\shp,52506_Urban_Building_202606.zip,0.04
52506,\shp,52506_Urban_Lot_202606.zip,0.07
52506,\shp,52506_Urban_Nomenclature_202606.zip,0.02
52506,\shp,52506_Urban_Nomenclature_Road_202606.zip,0.0
52506,\shp,52506_Urban_Sector_202606.zip,0.0
52520,\shp,52520_OSM_Road_202608.zip,0.01
52520,\shp,52520_R1_202607.zip,0.02
52520,\shp,52520_R2_202607.zip,0.01
52540,\shp,52540_OSM_Road_202608.zip,0.13
52540,\shp,52540_R1_202607.zip,0.04
52540,\shp,52540_R2_202607.zip,0.03
52540,\shp,52540_Urban_Block_202606.zip,0.03
52540,\shp,52540_Urban_Building_202606.zip,0.06
52540,\shp,52540_Urban_Lot_202606.zip,0.09
52540,\shp,52540_Urban_Nomenclature_202606.zip,0.01
52540,\shp,52540_Urban_Nomenclature_Road_202606.zip,0.0
52540,\shp,52540_Urban_Perimeter_202606.zip,0.01
52540,\shp,52540_Urban_Sector_202606.zip,0.01
52560,\shp,52560_OSM_Road_202608.zip,0.08
52560,\shp,52560_R1_202607.zip,0.07
52560,\shp,52560_R2_202607.zip,0.07
52560,\shp,52560_Rural_Building_202606.zip,0.0
52560,\shp,52560_Rural_Lot_202606.zip,1.42
52560,\shp,52560_Rural_Nomenclature_202606.zip,0.0
52560,\shp,52560_Rural_Nomenclature_Road_202606.zip,0.0
52560,\shp,52560_Rural_Sector_202606.zip,0.03
52560,\shp,52560_Rural_Vereda_202606.zip,0.2
52560,\shp,52560_Urban_Block_202606.zip,0.03
52560,\shp,52560_Urban_Building_202606.zip,0.06
52560,\shp,52560_Urban_Lot_202606.zip,0.09
52560,\shp,52560_Urban_Nomenclature_202606.zip,0.03
52560,\shp,52560_Urban_Nomenclature_Road_202606.zip,0.0
52560,\shp,52560_Urban_Perimeter_202606.zip,0.01
52560,\shp,52560_Urban_Sector_202606.zip,0.01
52565,\shp,52565_OSM_Road_202608.zip,0.06
52565,\shp,52565_R1_202607.zip,0.03
52565,\shp,52565_R2_202607.zip,0.03
52565,\shp,52565_Rural_Building_202606.zip,0.0
52565,\shp,52565_Rural_Lot_202606.zip,0.66
52565,\shp,52565_Rural_Sector_202606.zip,0.03
52565,\shp,52565_Rural_Vereda_202606.zip,0.08
52565,\shp,52565_Urban_Block_202606.zip,0.02
52565,\shp,52565_Urban_Building_202606.zip,0.03
52565,\shp,52565_Urban_Lot_202606.zip,0.04
52565,\shp,52565_Urban_Nomenclature_202606.zip,0.02
52565,\shp,52565_Urban_Nomenclature_Road_202606.zip,0.0
52565,\shp,52565_Urban_Perimeter_202606.zip,0.0
52565,\shp,52565_Urban_Sector_202606.zip,0.0
52573,\shp,52573_OSM_Road_202608.zip,0.06
52573,\shp,52573_R1_202607.zip,0.06
52573,\shp,52573_R2_202607.zip,0.07
52573,\shp,52573_Rural_Building_202606.zip,0.0
52573,\shp,52573_Rural_Lot_202606.zip,1.2
52573,\shp,52573_Rural_Nomenclature_202606.zip,0.0
52573,\shp,52573_Rural_Sector_202606.zip,0.05
52573,\shp,52573_Rural_Vereda_202606.zip,0.17
52573,\shp,52573_Urban_Block_202606.zip,0.07
52573,\shp,52573_Urban_Building_202606.zip,0.1
52573,\shp,52573_Urban_Lot_202606.zip,0.22
52573,\shp,52573_Urban_Nomenclature_202606.zip,0.05
52573,\shp,52573_Urban_Nomenclature_Road_202606.zip,0.0
52573,\shp,52573_Urban_Perimeter_202606.zip,0.02
52573,\shp,52573_Urban_Sector_202606.zip,0.01
52585,\shp,52585_OSM_Road_202608.zip,0.11
52585,\shp,52585_R1_202607.zip,0.12
52585,\shp,52585_R2_202607.zip,0.12
52585,\shp,52585_Rural_Building_202606.zip,0.0
52585,\shp,52585_Rural_Lot_202606.zip,2.39
52585,\shp,52585_Rural_Nomenclature_202606.zip,0.0
52585,\shp,52585_Rural_Sector_202606.zip,0.1
52585,\shp,52585_Rural_Vereda_202606.zip,0.33
52585,\shp,52585_Urban_Block_202606.zip,0.1
52585,\shp,52585_Urban_Building_202606.zip,0.22
52585,\shp,52585_Urban_Lot_202606.zip,0.38
52585,\shp,52585_Urban_Nomenclature_202606.zip,0.04
52585,\shp,52585_Urban_Nomenclature_Road_202606.zip,0.01
52585,\shp,52585_Urban_Perimeter_202606.zip,0.02
52585,\shp,52585_Urban_Sector_202606.zip,0.02
52612,\shp,52612_OSM_Road_202608.zip,0.08
52612,\shp,52612_R1_202607.zip,0.05
52612,\shp,52612_R2_202607.zip,0.03
52612,\shp,52612_Urban_Block_202606.zip,0.03
52612,\shp,52612_Urban_Building_202606.zip,0.05
52612,\shp,52612_Urban_Lot_202606.zip,0.09
52612,\shp,52612_Urban_Nomenclature_202606.zip,0.01
52612,\shp,52612_Urban_Nomenclature_Road_202606.zip,0.0
52612,\shp,52612_Urban_Perimeter_202606.zip,0.01
52612,\shp,52612_Urban_Sector_202606.zip,0.01
52621,\shp,52621_OSM_Road_202608.zip,0.01
52621,\shp,52621_R1_202607.zip,0.02
52621,\shp,52621_R2_202607.zip,0.01
52621,\shp,52621_Urban_Block_202606.zip,0.02
52621,\shp,52621_Urban_Building_202606.zip,0.02
52621,\shp,52621_Urban_Lot_202606.zip,0.03
52621,\shp,52621_Urban_Nomenclature_202606.zip,0.01
52621,\shp,52621_Urban_Nomenclature_Road_202606.zip,0.0
52621,\shp,52621_Urban_Perimeter_202606.zip,0.01
52621,\shp,52621_Urban_Sector_202606.zip,0.01
52678,\shp,52678_OSM_Road_202608.zip,0.27
52678,\shp,52678_R1_202607.zip,0.18
52678,\shp,52678_R2_202607.zip,0.13
52678,\shp,52678_Urban_Block_202606.zip,0.12
52678,\shp,52678_Urban_Building_202606.zip,0.2
52678,\shp,52678_Urban_Lot_202606.zip,0.4
52678,\shp,52678_Urban_Nomenclature_202606.zip,0.01
52678,\shp,52678_Urban_Nomenclature_Road_202606.zip,0.01
52678,\shp,52678_Urban_Perimeter_202606.zip,0.02
52678,\shp,52678_Urban_Sector_202606.zip,0.02
52683,\shp,52683_OSM_Road_202608.zip,0.14
52683,\shp,52683_R1_202607.zip,0.16
52683,\shp,52683_R2_202607.zip,0.19
52683,\shp,52683_Rural_Building_202606.zip,0.07
52683,\shp,52683_Rural_Lot_202606.zip,2.5
52683,\shp,52683_Rural_Nomenclature_202606.zip,0.01
52683,\shp,52683_Rural_Sector_202606.zip,0.07
52683,\shp,52683_Rural_Vereda_202606.zip,0.24
52683,\shp,52683_Urban_Block_202606.zip,0.14
52683,\shp,52683_Urban_Building_202606.zip,0.47
52683,\shp,52683_Urban_Lot_202606.zip,0.49
52683,\shp,52683_Urban_Nomenclature_202606.zip,0.17
52683,\shp,52683_Urban_Nomenclature_Road_202606.zip,0.02
52683,\shp,52683_Urban_Perimeter_202606.zip,0.02
52683,\shp,52683_Urban_Sector_202606.zip,0.02
52685,\shp,52685_OSM_Road_202608.zip,0.05
52685,\shp,52685_R1_202607.zip,0.05
52685,\shp,52685_R2_202607.zip,0.05
52685,\shp,52685_Rural_Building_202606.zip,0.0
52685,\shp,52685_Rural_Lot_202606.zip,0.69
52685,\shp,52685_Rural_Nomenclature_202606.zip,0.0
52685,\shp,52685_Rural_Sector_202606.zip,0.05
52685,\shp,52685_Rural_Vereda_202606.zip,0.09
52685,\shp,52685_Urban_Block_202606.zip,0.05
52685,\shp,52685_Urban_Building_202606.zip,0.06
52685,\shp,52685_Urban_Lot_202606.zip,0.14
52685,\shp,52685_Urban_Nomenclature_202606.zip,0.03
52685,\shp,52685_Urban_Nomenclature_Road_202606.zip,0.0
52685,\shp,52685_Urban_Perimeter_202606.zip,0.01
52685,\shp,52685_Urban_Sector_202606.zip,0.01
52687,\shp,52687_OSM_Road_202608.zip,0.22
52687,\shp,52687_R1_202607.zip,0.11
52687,\shp,52687_R2_202607.zip,0.13
52687,\shp,52687_Rural_Building_202606.zip,0.0
52687,\shp,52687_Rural_Lot_202606.zip,2.64
52687,\shp,52687_Rural_Nomenclature_202606.zip,0.0
52687,\shp,52687_Rural_Sector_202606.zip,0.06
52687,\shp,52687_Rural_Vereda_202606.zip,0.21
52687,\shp,52687_Urban_Block_202606.zip,0.05
52687,\shp,52687_Urban_Building_202606.zip,0.1
52687,\shp,52687_Urban_Lot_202606.zip,0.12
52687,\shp,52687_Urban_Nomenclature_202606.zip,0.04
52687,\shp,52687_Urban_Nomenclature_Road_202606.zip,0.01
52687,\shp,52687_Urban_Perimeter_202606.zip,0.01
52687,\shp,52687_Urban_Sector_202606.zip,0.01
52693,\shp,52693_OSM_Road_202608.zip,0.1
52693,\shp,52693_R1_202607.zip,0.08
52693,\shp,52693_R2_202607.zip,0.08
52693,\shp,52693_Rural_Building_202606.zip,0.0
52693,\shp,52693_Rural_Lot_202606.zip,1.26
52693,\shp,52693_Rural_Nomenclature_202606.zip,0.0
52693,\shp,52693_Rural_Sector_202606.zip,0.07
52693,\shp,52693_Rural_Vereda_202606.zip,0.14
52693,\shp,52693_Urban_Block_202606.zip,0.06
52693,\shp,52693_Urban_Building_202606.zip,0.16
52693,\shp,52693_Urban_Lot_202606.zip,0.21
52693,\shp,52693_Urban_Nomenclature_202606.zip,0.01
52693,\shp,52693_Urban_Nomenclature_Road_202606.zip,0.01
52693,\shp,52693_Urban_Perimeter_202606.zip,0.02
52693,\shp,52693_Urban_Sector_202606.zip,0.01
52694,\shp,52694_OSM_Road_202608.zip,0.05
52694,\shp,52694_R1_202607.zip,0.04
52694,\shp,52694_R2_202607.zip,0.04
52694,\shp,52694_Rural_Building_202606.zip,0.0
52694,\shp,52694_Rural_Lot_202606.zip,0.77
52694,\shp,52694_Rural_Nomenclature_202606.zip,0.0
52694,\shp,52694_Rural_Sector_202606.zip,0.04
52694,\shp,52694_Rural_Vereda_202606.zip,0.1
52694,\shp,52694_Urban_Block_202606.zip,0.02
52694,\shp,52694_Urban_Building_202606.zip,0.03
52694,\shp,52694_Urban_Lot_202606.zip,0.05
52694,\shp,52694_Urban_Nomenclature_202606.zip,0.0
52694,\shp,52694_Urban_Perimeter_202606.zip,0.01
52694,\shp,52694_Urban_Sector_202606.zip,0.01
52696,\shp,52696_OSM_Road_202608.zip,0.02
52696,\shp,52696_R1_202607.zip,0.01
52696,\shp,52696_R2_202607.zip,0.01
52696,\shp,52696_Urban_Block_202606.zip,0.02
52696,\shp,52696_Urban_Building_202606.zip,0.03
52696,\shp,52696_Urban_Lot_202606.zip,0.04
52696,\shp,52696_Urban_Nomenclature_202606.zip,0.02
52696,\shp,52696_Urban_Nomenclature_Road_202606.zip,0.0
52696,\shp,52696_Urban_Perimeter_202606.zip,0.0
52696,\shp,52696_Urban_Sector_202606.zip,0.0
52699,\shp,52699_OSM_Road_202608.zip,0.13
52699,\shp,52699_R1_202607.zip,0.05
52699,\shp,52699_R2_202607.zip,0.03
52699,\shp,52699_Urban_Block_202606.zip,0.02
52699,\shp,52699_Urban_Building_202606.zip,0.02
52699,\shp,52699_Urban_Lot_202606.zip,0.04
52699,\shp,52699_Urban_Nomenclature_202606.zip,0.01
52699,\shp,52699_Urban_Nomenclature_Road_202606.zip,0.0
52699,\shp,52699_Urban_Perimeter_202606.zip,0.01
52699,\shp,52699_Urban_Sector_202606.zip,0.01
52720,\shp,52720_OSM_Road_202608.zip,0.06
52720,\shp,52720_R1_202607.zip,0.04
52720,\shp,52720_R2_202607.zip,0.05
52720,\shp,52720_Rural_Building_202606.zip,0.0
52720,\shp,52720_Rural_Lot_202606.zip,1.07
52720,\shp,52720_Rural_Nomenclature_202606.zip,0.0
52720,\shp,52720_Rural_Sector_202606.zip,0.1
52720,\shp,52720_Rural_Vereda_202606.zip,0.19
52720,\shp,52720_Urban_Block_202606.zip,0.06
52720,\shp,52720_Urban_Building_202606.zip,0.09
52720,\shp,52720_Urban_Lot_202606.zip,0.13
52720,\shp,52720_Urban_Nomenclature_202606.zip,0.02
52720,\shp,52720_Urban_Nomenclature_Road_202606.zip,0.0
52720,\shp,52720_Urban_Perimeter_202606.zip,0.01
52720,\shp,52720_Urban_Sector_202606.zip,0.02
52786,\shp,52786_OSM_Road_202608.zip,0.21
52786,\shp,52786_R1_202607.zip,0.14
52786,\shp,52786_R2_202607.zip,0.16
52786,\shp,52786_Rural_Building_202606.zip,0.0
52786,\shp,52786_Rural_Lot_202606.zip,2.23
52786,\shp,52786_Rural_Nomenclature_202606.zip,0.0
52786,\shp,52786_Rural_Sector_202606.zip,0.06
52786,\shp,52786_Rural_Vereda_202606.zip,0.2
52786,\shp,52786_Urban_Block_202606.zip,0.12
52786,\shp,52786_Urban_Building_202606.zip,0.29
52786,\shp,52786_Urban_Lot_202606.zip,0.33
52786,\shp,52786_Urban_Nomenclature_202606.zip,0.07
52786,\shp,52786_Urban_Nomenclature_Road_202606.zip,0.02
52786,\shp,52786_Urban_Perimeter_202606.zip,0.02
52786,\shp,52786_Urban_Sector_202606.zip,0.02
52788,\shp,52788_OSM_Road_202608.zip,0.16
52788,\shp,52788_R1_202607.zip,0.1
52788,\shp,52788_R2_202607.zip,0.1
52788,\shp,52788_Rural_Building_202606.zip,0.01
52788,\shp,52788_Rural_Lot_202606.zip,2.19
52788,\shp,52788_Rural_Nomenclature_202606.zip,0.01
52788,\shp,52788_Rural_Nomenclature_Road_202606.zip,0.0
52788,\shp,52788_Rural_Sector_202606.zip,0.07
52788,\shp,52788_Rural_Vereda_202606.zip,0.2
52788,\shp,52788_Urban_Block_202606.zip,0.04
52788,\shp,52788_Urban_Building_202606.zip,0.08
52788,\shp,52788_Urban_Lot_202606.zip,0.12
52788,\shp,52788_Urban_Nomenclature_202606.zip,0.04
52788,\shp,52788_Urban_Nomenclature_Road_202606.zip,0.01
52788,\shp,52788_Urban_Perimeter_202606.zip,0.01
52788,\shp,52788_Urban_Sector_202606.zip,0.01
52835,\shp,52835_OSM_Road_202608.zip,0.48
52835,\shp,52835_R1_202607.zip,0.46
52835,\shp,52835_R2_202607.zip,0.58
52835,\shp,52835_Rural_Building_202606.zip,0.31
52835,\shp,52835_Rural_Lot_202606.zip,8.58
52835,\shp,52835_Rural_Nomenclature_202606.zip,0.0
52835,\shp,52835_Rural_Sector_202606.zip,2.14
52835,\shp,52835_Rural_Vereda_202606.zip,3.73
52835,\shp,52835_Urban_Block_202606.zip,0.28
52835,\shp,52835_Urban_Building_202606.zip,0.72
52835,\shp,52835_Urban_Lot_202606.zip,0.73
52835,\shp,52835_Urban_Nomenclature_202606.zip,0.31
52835,\shp,52835_Urban_Nomenclature_Road_202606.zip,0.05
52835,\shp,52835_Urban_Perimeter_202606.zip,0.04
52835,\shp,52835_Urban_Sector_202606.zip,0.04
52838,\shp,52838_OSM_Road_202608.zip,0.25
52838,\shp,52838_R1_202607.zip,0.21
52838,\shp,52838_R2_202607.zip,0.21
52838,\shp,52838_Rural_Building_202606.zip,0.03
52838,\shp,52838_Rural_Lot_202606.zip,3.36
52838,\shp,52838_Rural_Nomenclature_202606.zip,0.0
52838,\shp,52838_Rural_Sector_202606.zip,0.1
52838,\shp,52838_Rural_Vereda_202606.zip,0.53
52838,\shp,52838_Urban_Block_202606.zip,0.3
52838,\shp,52838_Urban_Building_202606.zip,0.66
52838,\shp,52838_Urban_Lot_202606.zip,1.07
52838,\shp,52838_Urban_Neighborhood_202606.zip,0.01
52838,\shp,52838_Urban_Nomenclature_202606.zip,0.26
52838,\shp,52838_Urban_Nomenclature_Road_202606.zip,0.04
52838,\shp,52838_Urban_Perimeter_202606.zip,0.04
52838,\shp,52838_Urban_Sector_202606.zip,0.03
52885,\shp,52885_OSM_Road_202608.zip,0.09
52885,\shp,52885_R1_202607.zip,0.08
52885,\shp,52885_R2_202607.zip,0.07
52885,\shp,52885_Rural_Building_202606.zip,0.03
52885,\shp,52885_Rural_Lot_202606.zip,1.47
52885,\shp,52885_Rural_Nomenclature_202606.zip,0.0
52885,\shp,52885_Rural_Sector_202606.zip,0.16
52885,\shp,52885_Rural_Vereda_202606.zip,0.19
52885,\shp,52885_Urban_Block_202606.zip,0.04
52885,\shp,52885_Urban_Building_202606.zip,0.07
52885,\shp,52885_Urban_Lot_202606.zip,0.13
52885,\shp,52885_Urban_Nomenclature_202606.zip,0.03
52885,\shp,52885_Urban_Nomenclature_Road_202606.zip,0.0
52885,\shp,52885_Urban_Perimeter_202606.zip,0.01
52885,\shp,52885_Urban_Sector_202606.zip,0.01
54001,\shp,54001_OSM_Road_202608.zip,2.43
54001,\shp,54001_Rural_Lot_202001.zip,0.97
54001,\shp,54001_Urban_Lot_202001.zip,3.41
54003,\shp,54003_OSM_Road_202608.zip,1.04
54003,\shp,54003_Rural_Lot_202001.zip,1.99
54003,\shp,54003_Urban_Lot_202001.zip,0.4
54051,\shp,54051_OSM_Road_202608.zip,0.1
54051,\shp,54051_R1_202607.zip,0.06
54051,\shp,54051_R2_202607.zip,0.05
54051,\shp,54051_Rural_Building_202606.zip,0.0
54051,\shp,54051_Rural_Lot_202606.zip,1.15
54051,\shp,54051_Rural_Nomenclature_202606.zip,0.01
54051,\shp,54051_Rural_Sector_202606.zip,0.13
54051,\shp,54051_Rural_Vereda_202606.zip,0.25
54051,\shp,54051_Urban_Block_202606.zip,0.04
54051,\shp,54051_Urban_Building_202606.zip,0.14
54051,\shp,54051_Urban_Lot_202606.zip,0.11
54051,\shp,54051_Urban_Nomenclature_202606.zip,0.05
54051,\shp,54051_Urban_Nomenclature_Road_202606.zip,0.01
54051,\shp,54051_Urban_Perimeter_202606.zip,0.01
54099,\shp,54099_OSM_Road_202608.zip,0.14
54099,\shp,54099_R1_202607.zip,0.06
54099,\shp,54099_R2_202607.zip,0.06
54099,\shp,54099_Rural_Building_202606.zip,0.0
54099,\shp,54099_Rural_Lot_202606.zip,0.63
54099,\shp,54099_Rural_Nomenclature_202606.zip,0.01
54099,\shp,54099_Rural_Vereda_202606.zip,0.15
54099,\shp,54099_Urban_Block_202606.zip,0.08
54099,\shp,54099_Urban_Building_202606.zip,0.27
54099,\shp,54099_Urban_Lot_202606.zip,0.23
54099,\shp,54099_Urban_Nomenclature_202606.zip,0.11
54099,\shp,54099_Urban_Nomenclature_Road_202606.zip,0.03
54099,\shp,54099_Urban_Perimeter_202606.zip,0.01
54109,\shp,54109_OSM_Road_202608.zip,0.1
54109,\shp,54109_Rural_Lot_202001.zip,0.45
54109,\shp,54109_Urban_Lot_202001.zip,0.02
54125,\shp,54125_OSM_Road_202608.zip,0.09
54125,\shp,54125_R1_202607.zip,0.03
54125,\shp,54125_R2_202607.zip,0.02
54125,\shp,54125_Rural_Lot_202606.zip,0.53
54125,\shp,54125_Rural_Nomenclature_202606.zip,0.0
54125,\shp,54125_Rural_Sector_202606.zip,0.05
54125,\shp,54125_Rural_Vereda_202606.zip,0.09
54125,\shp,54125_Urban_Block_202606.zip,0.02
54125,\shp,54125_Urban_Building_202606.zip,0.03
54125,\shp,54125_Urban_Lot_202606.zip,0.05
54125,\shp,54125_Urban_Nomenclature_202606.zip,0.02
54125,\shp,54125_Urban_Nomenclature_Road_202606.zip,0.0
54125,\shp,54125_Urban_Perimeter_202606.zip,0.0
54128,\shp,54128_OSM_Road_202608.zip,0.18
54128,\shp,54128_Rural_Lot_202001.zip,0.92
54128,\shp,54128_Urban_Lot_202001.zip,0.11
54172,\shp,54172_OSM_Road_202608.zip,0.19
54172,\shp,54172_R1_202607.zip,0.15
54172,\shp,54172_R2_202607.zip,0.18
54172,\shp,54172_Rural_Building_202606.zip,0.25
54172,\shp,54172_Rural_Lot_202606.zip,1.06
54172,\shp,54172_Rural_Nomenclature_202606.zip,0.04
54172,\shp,54172_Rural_Vereda_202606.zip,0.15
54172,\shp,54172_Urban_Block_202606.zip,0.22
54172,\shp,54172_Urban_Building_202606.zip,0.89
54172,\shp,54172_Urban_Lot_202606.zip,0.68
54172,\shp,54172_Urban_Nomenclature_202606.zip,0.36
54172,\shp,54172_Urban_Nomenclature_Road_202606.zip,0.05
54172,\shp,54172_Urban_Perimeter_202606.zip,0.02
54174,\shp,54174_OSM_Road_202608.zip,0.24
54174,\shp,54174_R1_202607.zip,0.08
54174,\shp,54174_R2_202607.zip,0.08
54174,\shp,54174_Rural_Building_202606.zip,0.0
54174,\shp,54174_Rural_Lot_202606.zip,1.06
54174,\shp,54174_Rural_Nomenclature_202606.zip,0.0
54174,\shp,54174_Rural_Sector_202606.zip,0.06
54174,\shp,54174_Rural_Vereda_202606.zip,0.2
54174,\shp,54174_Urban_Block_202606.zip,0.06
54174,\shp,54174_Urban_Building_202606.zip,0.15
54174,\shp,54174_Urban_Lot_202606.zip,0.18
54174,\shp,54174_Urban_Nomenclature_202606.zip,0.09
54174,\shp,54174_Urban_Nomenclature_Road_202606.zip,0.01
54174,\shp,54174_Urban_Perimeter_202606.zip,0.0
54206,\shp,54206_OSM_Road_202608.zip,0.59
54206,\shp,54206_Rural_Lot_202001.zip,1.23
54206,\shp,54206_Urban_Lot_202001.zip,0.23
54223,\shp,54223_OSM_Road_202608.zip,0.06
54223,\shp,54223_R1_202607.zip,0.05
54223,\shp,54223_R2_202607.zip,0.05
54223,\shp,54223_Rural_Building_202606.zip,0.01
54223,\shp,54223_Rural_Lot_202606.zip,1.27
54223,\shp,54223_Rural_Nomenclature_202606.zip,0.01
54223,\shp,54223_Rural_Sector_202606.zip,0.09
54223,\shp,54223_Rural_Vereda_202606.zip,0.2
54223,\shp,54223_Urban_Block_202606.zip,0.03
54223,\shp,54223_Urban_Building_202606.zip,0.07
54223,\shp,54223_Urban_Lot_202606.zip,0.07
54223,\shp,54223_Urban_Nomenclature_202606.zip,0.03
54223,\shp,54223_Urban_Nomenclature_Road_202606.zip,0.01
54223,\shp,54223_Urban_Perimeter_202606.zip,0.0
54239,\shp,54239_OSM_Road_202608.zip,0.09
54239,\shp,54239_R1_202607.zip,0.03
54239,\shp,54239_R2_202607.zip,0.03
54239,\shp,54239_Rural_Lot_202606.zip,0.26
54239,\shp,54239_Rural_Nomenclature_202606.zip,0.0
54239,\shp,54239_Rural_Sector_202606.zip,0.03
54239,\shp,54239_Rural_Vereda_202606.zip,0.05
54239,\shp,54239_Urban_Block_202606.zip,0.04
54239,\shp,54239_Urban_Building_202606.zip,0.13
54239,\shp,54239_Urban_Lot_202606.zip,0.09
54239,\shp,54239_Urban_Neighborhood_202606.zip,0.01
54239,\shp,54239_Urban_Nomenclature_202606.zip,0.05
54239,\shp,54239_Urban_Nomenclature_Road_202606.zip,0.0
54239,\shp,54239_Urban_Perimeter_202606.zip,0.01
54239,\shp,54239_Urban_Sector_202606.zip,0.01
54245,\shp,54245_OSM_Road_202608.zip,0.27
54245,\shp,54245_Rural_Lot_202001.zip,1.13
54245,\shp,54245_Urban_Lot_202001.zip,0.16
54250,\shp,54250_OSM_Road_202608.zip,0.28
54250,\shp,54250_Rural_Lot_202001.zip,0.57
54250,\shp,54250_Urban_Lot_202001.zip,0.17
54261,\shp,54261_OSM_Road_202608.zip,0.39
54261,\shp,54261_R1_202607.zip,0.14
54261,\shp,54261_R2_202607.zip,0.14
54261,\shp,54261_Rural_Building_202606.zip,0.06
54261,\shp,54261_Rural_Lot_202606.zip,0.72
54261,\shp,54261_Rural_Nomenclature_202606.zip,0.05
54261,\shp,54261_Rural_Vereda_202606.zip,0.09
54261,\shp,54261_Urban_Block_202606.zip,0.19
54261,\shp,54261_Urban_Building_202606.zip,0.8
54261,\shp,54261_Urban_Lot_202606.zip,0.62
54261,\shp,54261_Urban_Nomenclature_202606.zip,0.33
54261,\shp,54261_Urban_Nomenclature_Road_202606.zip,0.03
54261,\shp,54261_Urban_Perimeter_202606.zip,0.01
54313,\shp,54313_OSM_Road_202608.zip,0.08
54313,\shp,54313_R1_202607.zip,0.05
54313,\shp,54313_R2_202607.zip,0.05
54313,\shp,54313_Rural_Building_202606.zip,0.0
54313,\shp,54313_Rural_Lot_202606.zip,0.55
54313,\shp,54313_Rural_Nomenclature_202606.zip,0.01
54313,\shp,54313_Rural_Sector_202606.zip,0.05
54313,\shp,54313_Rural_Vereda_202606.zip,0.11
54313,\shp,54313_Urban_Block_202606.zip,0.18
54313,\shp,54313_Urban_Building_202606.zip,0.21
54313,\shp,54313_Urban_Lot_202606.zip,0.3
54313,\shp,54313_Urban_Nomenclature_202606.zip,0.2
54313,\shp,54313_Urban_Nomenclature_Road_202606.zip,0.02
54344,\shp,54344_OSM_Road_202608.zip,0.31
54344,\shp,54344_Urban_Lot_202001.zip,0.02
54347,\shp,54347_OSM_Road_202608.zip,0.05
54347,\shp,54347_R1_202607.zip,0.02
54347,\shp,54347_R2_202607.zip,0.02
54347,\shp,54347_Rural_Lot_202606.zip,0.1
54347,\shp,54347_Rural_Nomenclature_202606.zip,0.0
54347,\shp,54347_Rural_Sector_202606.zip,0.01
54347,\shp,54347_Rural_Vereda_202606.zip,0.02
54377,\shp,54377_OSM_Road_202608.zip,0.08
54377,\shp,54377_R1_202607.zip,0.05
54377,\shp,54377_R2_202607.zip,0.04
54377,\shp,54377_Rural_Building_202606.zip,0.0
54377,\shp,54377_Rural_Lot_202606.zip,0.9
54377,\shp,54377_Rural_Nomenclature_202606.zip,0.0
54377,\shp,54377_Rural_Sector_202606.zip,0.04
54377,\shp,54377_Rural_Vereda_202606.zip,0.09
54377,\shp,54377_Urban_Block_202606.zip,0.03
54377,\shp,54377_Urban_Building_202606.zip,0.06
54377,\shp,54377_Urban_Lot_202606.zip,0.07
54377,\shp,54377_Urban_Nomenclature_202606.zip,0.03
54377,\shp,54377_Urban_Nomenclature_Road_202606.zip,0.01
54377,\shp,54377_Urban_Perimeter_202606.zip,0.0
54385,\shp,54385_OSM_Road_202608.zip,0.15
54385,\shp,54385_R1_202607.zip,0.07
54385,\shp,54385_R2_202607.zip,0.06
54385,\shp,54385_Rural_Building_202606.zip,0.0
54385,\shp,54385_Rural_Lot_202606.zip,1.16
54385,\shp,54385_Rural_Nomenclature_202606.zip,0.03
54385,\shp,54385_Rural_Nomenclature_Road_202606.zip,0.0
54385,\shp,54385_Rural_Sector_202606.zip,0.16
54385,\shp,54385_Rural_Vereda_202606.zip,0.18
54385,\shp,54385_Urban_Block_202606.zip,0.07
54385,\shp,54385_Urban_Building_202606.zip,0.08
54385,\shp,54385_Urban_Lot_202606.zip,0.13
54385,\shp,54385_Urban_Nomenclature_202606.zip,0.05
54385,\shp,54385_Urban_Nomenclature_Road_202606.zip,0.01
54385,\shp,54385_Urban_Perimeter_202606.zip,0.01
54398,\shp,54398_OSM_Road_202608.zip,0.43
54398,\shp,54398_Rural_Lot_202001.zip,2.69
54398,\shp,54398_Urban_Lot_202001.zip,0.04
54405,\shp,54405_OSM_Road_202608.zip,0.3
54405,\shp,54405_R1_202607.zip,0.48
54405,\shp,54405_R2_202607.zip,0.42
54405,\shp,54405_Rural_Building_202606.zip,0.17
54405,\shp,54405_Rural_Lot_202606.zip,0.53
54405,\shp,54405_Rural_Nomenclature_202606.zip,0.05
54405,\shp,54405_Rural_Nomenclature_Road_202606.zip,0.0
54405,\shp,54405_Rural_Vereda_202606.zip,0.06
54405,\shp,54405_Urban_Block_202606.zip,0.53
54405,\shp,54405_Urban_Building_202606.zip,2.16
54405,\shp,54405_Urban_Lot_202606.zip,1.66
54405,\shp,54405_Urban_Nomenclature_202606.zip,0.0
54405,\shp,54405_Urban_Nomenclature_Road_202606.zip,0.04
54405,\shp,54405_Urban_Perimeter_202606.zip,0.0
54405,\shp,54405_Urban_Sector_202606.zip,0.0
54418,\shp,54418_OSM_Road_202608.zip,0.04
54418,\shp,54418_R1_202607.zip,0.02
54418,\shp,54418_R2_202607.zip,0.02
54418,\shp,54418_Rural_Building_202606.zip,0.0
54418,\shp,54418_Rural_Lot_202606.zip,0.31
54418,\shp,54418_Rural_Nomenclature_202606.zip,0.01
54418,\shp,54418_Rural_Sector_202606.zip,0.02
54418,\shp,54418_Rural_Vereda_202606.zip,0.07
54418,\shp,54418_Urban_Block_202606.zip,0.04
54418,\shp,54418_Urban_Building_202606.zip,0.08
54418,\shp,54418_Urban_Lot_202606.zip,0.09
54418,\shp,54418_Urban_Nomenclature_202606.zip,0.05
54418,\shp,54418_Urban_Nomenclature_Road_202606.zip,0.01
54418,\shp,54418_Urban_Perimeter_202606.zip,0.01
54480,\shp,54480_OSM_Road_202608.zip,0.11
54480,\shp,54480_R1_202607.zip,0.03
54480,\shp,54480_R2_202607.zip,0.03
54480,\shp,54480_Rural_Building_202606.zip,0.0
54480,\shp,54480_Rural_Lot_202606.zip,0.65
54480,\shp,54480_Rural_Nomenclature_202606.zip,0.01
54480,\shp,54480_Rural_Sector_202606.zip,0.04
54480,\shp,54480_Rural_Vereda_202606.zip,0.06
54480,\shp,54480_Urban_Block_202606.zip,0.02
54480,\shp,54480_Urban_Building_202606.zip,0.04
54480,\shp,54480_Urban_Lot_202606.zip,0.04
54480,\shp,54480_Urban_Nomenclature_202606.zip,0.02
54480,\shp,54480_Urban_Nomenclature_Road_202606.zip,0.0
54480,\shp,54480_Urban_Perimeter_202606.zip,0.0
54498,\shp,54498_OSM_Road_202608.zip,0.86
54498,\shp,54498_R1_202607.zip,0.71
54498,\shp,54498_R2_202607.zip,0.62
54498,\shp,54498_Rural_Building_202606.zip,0.06
54498,\shp,54498_Rural_Lot_202606.zip,1.79
54498,\shp,54498_Rural_Nomenclature_202606.zip,0.09
54498,\shp,54498_Rural_Nomenclature_Road_202606.zip,0.0
54498,\shp,54498_Rural_Sector_202606.zip,0.17
54498,\shp,54498_Rural_Vereda_202606.zip,0.31
54498,\shp,54498_Urban_Block_202606.zip,1.03
54498,\shp,54498_Urban_Building_202606.zip,3.14
54498,\shp,54498_Urban_Lot_202606.zip,2.96
54498,\shp,54498_Urban_Nomenclature_202606.zip,1.07
54498,\shp,54498_Urban_Nomenclature_Road_202606.zip,0.08
54498,\shp,54498_Urban_Perimeter_202606.zip,0.03
54498,\shp,54498_Urban_Sector_202606.zip,0.03
54518,\shp,54518_OSM_Road_202608.zip,0.27
54518,\shp,54518_R1_202607.zip,0.27
54518,\shp,54518_R2_202607.zip,0.28
54518,\shp,54518_Rural_Building_202606.zip,0.0
54518,\shp,54518_Rural_Lot_202606.zip,1.36
54518,\shp,54518_Rural_Nomenclature_202606.zip,0.01
54518,\shp,54518_Rural_Sector_202606.zip,0.1
54518,\shp,54518_Rural_Vereda_202606.zip,0.21
54518,\shp,54518_Urban_Block_202606.zip,0.23
54518,\shp,54518_Urban_Building_202606.zip,0.85
54518,\shp,54518_Urban_Lot_202606.zip,0.81
54518,\shp,54518_Urban_Nomenclature_202606.zip,0.27
54518,\shp,54518_Urban_Nomenclature_Road_202606.zip,0.03
54518,\shp,54518_Urban_Perimeter_202606.zip,0.01
54518,\shp,54518_Urban_Sector_202606.zip,0.02
54520,\shp,54520_OSM_Road_202608.zip,0.1
54520,\shp,54520_R1_202607.zip,0.04
54520,\shp,54520_R2_202607.zip,0.05
54520,\shp,54520_Rural_Building_202606.zip,0.01
54520,\shp,54520_Rural_Lot_202606.zip,3.57
54520,\shp,54520_Rural_Nomenclature_202606.zip,0.02
54520,\shp,54520_Rural_Sector_202606.zip,0.2
54520,\shp,54520_Rural_Vereda_202606.zip,0.43
54520,\shp,54520_Urban_Block_202606.zip,0.03
54520,\shp,54520_Urban_Building_202606.zip,0.07
54520,\shp,54520_Urban_Lot_202606.zip,0.1
54520,\shp,54520_Urban_Nomenclature_202606.zip,0.04
54520,\shp,54520_Urban_Nomenclature_Road_202606.zip,0.0
54520,\shp,54520_Urban_Perimeter_202606.zip,0.0
54553,\shp,54553_OSM_Road_202608.zip,0.03
54553,\shp,54553_R1_202607.zip,0.05
54553,\shp,54553_R2_202607.zip,0.04
54553,\shp,54553_Rural_Lot_202606.zip,0.0
54553,\shp,54553_Rural_Sector_202606.zip,0.0
54553,\shp,54553_Rural_Vereda_202606.zip,0.0
54599,\shp,54599_OSM_Road_202608.zip,0.05
54599,\shp,54599_R1_202607.zip,0.03
54599,\shp,54599_R2_202607.zip,0.03
54599,\shp,54599_Rural_Building_202606.zip,0.0
54599,\shp,54599_Rural_Lot_202606.zip,0.24
54599,\shp,54599_Rural_Nomenclature_202606.zip,0.0
54599,\shp,54599_Rural_Sector_202606.zip,0.01
54599,\shp,54599_Rural_Vereda_202606.zip,0.03
54660,\shp,54660_OSM_Road_202608.zip,0.12
54660,\shp,54660_R1_202607.zip,0.06
54660,\shp,54660_R2_202607.zip,0.06
54660,\shp,54660_Rural_Building_202606.zip,0.0
54660,\shp,54660_Rural_Lot_202606.zip,2.01
54660,\shp,54660_Rural_Nomenclature_202606.zip,0.02
54660,\shp,54660_Rural_Nomenclature_Road_202606.zip,0.0
54660,\shp,54660_Rural_Sector_202606.zip,0.17
54660,\shp,54660_Rural_Vereda_202606.zip,0.48
54660,\shp,54660_Urban_Block_202606.zip,0.08
54660,\shp,54660_Urban_Building_202606.zip,0.2
54660,\shp,54660_Urban_Lot_202606.zip,0.19
54660,\shp,54660_Urban_Neighborhood_202606.zip,0.01
54660,\shp,54660_Urban_Nomenclature_202606.zip,0.08
54660,\shp,54660_Urban_Nomenclature_Road_202606.zip,0.01
54660,\shp,54660_Urban_Perimeter_202606.zip,0.01
54660,\shp,54660_Urban_Sector_202606.zip,0.01
54670,\shp,54670_OSM_Road_202608.zip,0.41
54670,\shp,54670_Rural_Lot_202001.zip,1.08
54670,\shp,54670_Urban_Lot_202001.zip,0.05
54673,\shp,54673_OSM_Road_202608.zip,0.16
54673,\shp,54673_R1_202607.zip,0.07
54673,\shp,54673_R2_202607.zip,0.08
54673,\shp,54673_Rural_Building_202606.zip,0.11
54673,\shp,54673_Rural_Lot_202606.zip,0.18
54673,\shp,54673_Rural_Nomenclature_202606.zip,0.01
54673,\shp,54673_Rural_Nomenclature_Road_202606.zip,0.0
54673,\shp,54673_Rural_Vereda_202606.zip,0.05
54673,\shp,54673_Urban_Block_202606.zip,0.11
54673,\shp,54673_Urban_Building_202606.zip,0.15
54673,\shp,54673_Urban_Lot_202606.zip,0.29
54673,\shp,54673_Urban_Nomenclature_202606.zip,0.17
54673,\shp,54673_Urban_Nomenclature_Road_202606.zip,0.01
54673,\shp,54673_Urban_Perimeter_202606.zip,0.0
54680,\shp,54680_OSM_Road_202608.zip,0.08
54680,\shp,54680_R1_202607.zip,0.02
54680,\shp,54680_R2_202607.zip,0.02
54680,\shp,54680_Rural_Building_202606.zip,0.01
54680,\shp,54680_Rural_Lot_202606.zip,0.22
54680,\shp,54680_Rural_Nomenclature_202606.zip,0.01
54680,\shp,54680_Rural_Sector_202606.zip,0.02
54680,\shp,54680_Rural_Vereda_202606.zip,0.05
54680,\shp,54680_Urban_Block_202606.zip,0.01
54680,\shp,54680_Urban_Building_202606.zip,0.03
54680,\shp,54680_Urban_Lot_202606.zip,0.03
54680,\shp,54680_Urban_Neighborhood_202606.zip,0.0
54680,\shp,54680_Urban_Nomenclature_202606.zip,0.01
54680,\shp,54680_Urban_Nomenclature_Road_202606.zip,0.0
54680,\shp,54680_Urban_Perimeter_202606.zip,0.0
54680,\shp,54680_Urban_Sector_202606.zip,0.0
54720,\shp,54720_OSM_Road_202608.zip,0.32
54720,\shp,54720_Rural_Lot_202001.zip,2.37
54720,\shp,54720_Urban_Lot_202001.zip,0.25
54743,\shp,54743_OSM_Road_202608.zip,0.26
54743,\shp,54743_R1_202607.zip,0.04
54743,\shp,54743_R2_202607.zip,0.04
54743,\shp,54743_Rural_Building_202606.zip,0.0
54743,\shp,54743_Rural_Lot_202606.zip,0.65
54743,\shp,54743_Rural_Nomenclature_202606.zip,0.01
54743,\shp,54743_Rural_Sector_202606.zip,0.05
54743,\shp,54743_Rural_Vereda_202606.zip,0.1
54743,\shp,54743_Urban_Block_202606.zip,0.03
54743,\shp,54743_Urban_Building_202606.zip,0.06
54743,\shp,54743_Urban_Lot_202606.zip,0.07
54743,\shp,54743_Urban_Nomenclature_202606.zip,0.03
54743,\shp,54743_Urban_Nomenclature_Road_202606.zip,0.0
54743,\shp,54743_Urban_Perimeter_202606.zip,0.0
54800,\shp,54800_OSM_Road_202608.zip,0.38
54800,\shp,54800_Rural_Lot_202001.zip,1.11
54800,\shp,54800_Urban_Lot_202001.zip,0.1
54810,\shp,54810_OSM_Road_202608.zip,0.5
54810,\shp,54810_R1_202607.zip,0.15
54810,\shp,54810_R2_202607.zip,0.25
54810,\shp,54810_Rural_Building_202606.zip,0.3
54810,\shp,54810_Rural_Lot_202606.zip,6.5
54810,\shp,54810_Rural_Nomenclature_202606.zip,0.0
54810,\shp,54810_Rural_Sector_202606.zip,2.99
54810,\shp,54810_Rural_Vereda_202606.zip,3.62
54810,\shp,54810_Urban_Nomenclature_Road_202606.zip,0.02
54818,\shp,54818_Urban_Nomenclature_202606.zip,0.0
54820,\shp,54820_OSM_Road_202608.zip,0.2
54820,\shp,54820_R1_202607.zip,0.12
54820,\shp,54820_R2_202607.zip,0.08
54820,\shp,54820_Urban_Block_202606.zip,0.11
54820,\shp,54820_Urban_Building_202606.zip,0.26
54820,\shp,54820_Urban_Lot_202606.zip,0.32
54820,\shp,54820_Urban_Nomenclature_202606.zip,0.13
54820,\shp,54820_Urban_Nomenclature_Road_202606.zip,0.01
54820,\shp,54820_Urban_Perimeter_202606.zip,0.01
54871,\shp,54871_OSM_Road_202608.zip,0.15
54871,\shp,54871_R1_202607.zip,0.02
54871,\shp,54871_R2_202607.zip,0.03
54871,\shp,54871_Rural_Lot_202606.zip,0.37
54871,\shp,54871_Rural_Nomenclature_202606.zip,0.0
54871,\shp,54871_Rural_Sector_202606.zip,0.03
54871,\shp,54871_Rural_Vereda_202606.zip,0.07
54871,\shp,54871_Urban_Block_202606.zip,0.03
54871,\shp,54871_Urban_Building_202606.zip,0.05
54871,\shp,54871_Urban_Lot_202606.zip,0.06
54871,\shp,54871_Urban_Neighborhood_202606.zip,0.0
54871,\shp,54871_Urban_Nomenclature_202606.zip,0.03
54871,\shp,54871_Urban_Nomenclature_Road_202606.zip,0.01
54871,\shp,54871_Urban_Perimeter_202606.zip,0.0
54871,\shp,54871_Urban_Sector_202606.zip,0.0
54874,\shp,54874_OSM_Road_202608.zip,0.28
54874,\shp,54874_R1_202607.zip,0.51
54874,\shp,54874_R2_202607.zip,0.44
54874,\shp,54874_Rural_Building_202606.zip,0.01
54874,\shp,54874_Rural_Lot_202606.zip,0.04
54874,\shp,54874_Rural_Vereda_202606.zip,0.01
606,\shp,606_Urban_Perimeter_202606.zip,0.02
63001,\shp,63001_OSM_Road_202608.zip,0.91
63001,\shp,63001_Rural_Lot_202001.zip,1.86
63001,\shp,63001_Urban_Lot_202001.zip,8.5
63111,\shp,63111_OSM_Road_202608.zip,0.12
63111,\shp,63111_Rural_Lot_202606.zip,0.42
63111,\shp,63111_Urban_Lot_202606.zip,0.05
63130,\shp,63130_OSM_Road_202608.zip,0.58
63130,\shp,63130_Rural_Building_202606.zip,0.17
63130,\shp,63130_Rural_Lot_202606.zip,4.69
63130,\shp,63130_Rural_Nomenclature_202606.zip,0.03
63130,\shp,63130_Rural_Sector_202606.zip,0.15
63130,\shp,63130_Rural_Vereda_202606.zip,0.49
63130,\shp,63130_Urban_Block_202606.zip,0.75
63130,\shp,63130_Urban_Building_202606.zip,2.26
63130,\shp,63130_Urban_Lot_202606.zip,2.07
63130,\shp,63130_Urban_Nomenclature_202606.zip,1.74
63130,\shp,63130_Urban_Nomenclature_Road_202606.zip,0.07
63130,\shp,63130_Urban_Perimeter_202606.zip,0.02
63190,\shp,63190_OSM_Road_202608.zip,0.25
63190,\shp,63190_R1_202607.zip,0.14
63190,\shp,63190_R2_202607.zip,0.21
63190,\shp,63190_Rural_Building_202606.zip,1.27
63190,\shp,63190_Rural_Lot_202606.zip,1.92
63190,\shp,63190_Rural_Nomenclature_202606.zip,0.19
63190,\shp,63190_Rural_Vereda_202606.zip,0.43
63190,\shp,63190_Urban_Block_202606.zip,0.47
63190,\shp,63190_Urban_Building_202606.zip,1.11
63190,\shp,63190_Urban_Lot_202606.zip,1.18
63190,\shp,63190_Urban_Nomenclature_202606.zip,0.39
63190,\shp,63190_Urban_Nomenclature_Road_202606.zip,0.05
63190,\shp,63190_Urban_Perimeter_202606.zip,0.03
63212,\shp,63212_OSM_Road_202608.zip,0.09
63212,\shp,63212_Rural_Lot_202606.zip,0.66
63212,\shp,63212_Urban_Lot_202606.zip,0.19
63272,\shp,63272_OSM_Road_202608.zip,0.21
63272,\shp,63272_Rural_Lot_202606.zip,1.68
63272,\shp,63272_Urban_Lot_202606.zip,0.29
63302,\shp,63302_OSM_Road_202608.zip,0.11
63302,\shp,63302_R1_202607.zip,0.05
63302,\shp,63302_R2_202607.zip,0.07
63302,\shp,63302_Rural_Building_202606.zip,0.01
63302,\shp,63302_Rural_Lot_202606.zip,0.95
63302,\shp,63302_Rural_Nomenclature_202606.zip,0.0
63302,\shp,63302_Rural_Vereda_202606.zip,0.18
63302,\shp,63302_Urban_Block_202606.zip,0.08
63302,\shp,63302_Urban_Building_202606.zip,0.3
63302,\shp,63302_Urban_Lot_202606.zip,0.21
63302,\shp,63302_Urban_Nomenclature_202606.zip,0.09
63302,\shp,63302_Urban_Nomenclature_Road_202606.zip,0.01
63302,\shp,63302_Urban_Perimeter_202606.zip,0.01
63401,\shp,63401_OSM_Road_202608.zip,0.16
63401,\shp,63401_R1_202607.zip,0.12
63401,\shp,63401_R2_202607.zip,0.16
63401,\shp,63401_Rural_Building_202606.zip,0.6
63401,\shp,63401_Rural_Lot_202606.zip,0.75
63401,\shp,63401_Rural_Nomenclature_202606.zip,0.11
63401,\shp,63401_Rural_Sector_202606.zip,0.08
63401,\shp,63401_Rural_Vereda_202606.zip,0.13
63401,\shp,63401_Urban_Block_202606.zip,0.36
63401,\shp,63401_Urban_Building_202606.zip,0.99
63401,\shp,63401_Urban_Lot_202606.zip,0.97
63401,\shp,63401_Urban_Nomenclature_202606.zip,0.53
63401,\shp,63401_Urban_Nomenclature_Road_202606.zip,0.05
63401,\shp,63401_Urban_Perimeter_202606.zip,0.02
63470,\shp,63470_OSM_Road_202608.zip,0.27
63470,\shp,63470_Rural_Lot_202606.zip,1.91
63470,\shp,63470_Urban_Lot_202606.zip,1.44
63548,\shp,63548_OSM_Road_202608.zip,0.17
63548,\shp,63548_Rural_Building_202606.zip,0.01
63548,\shp,63548_Rural_Lot_202606.zip,0.88
63548,\shp,63548_Rural_Nomenclature_202606.zip,0.0
63548,\shp,63548_Rural_Vereda_202606.zip,0.22
63548,\shp,63548_Urban_Block_202606.zip,0.06
63548,\shp,63548_Urban_Building_202606.zip,0.16
63548,\shp,63548_Urban_Lot_202606.zip,0.14
63548,\shp,63548_Urban_Nomenclature_202606.zip,0.05
63548,\shp,63548_Urban_Nomenclature_Road_202606.zip,0.01
63548,\shp,63548_Urban_Perimeter_202606.zip,0.01
63594,\shp,63594_OSM_Road_202608.zip,0.25
63594,\shp,63594_Rural_Lot_202606.zip,6.05
63594,\shp,63594_Urban_Lot_202606.zip,0.85
63690,\shp,63690_OSM_Road_202608.zip,0.34
63690,\shp,63690_R1_202607.zip,0.06
63690,\shp,63690_R2_202607.zip,0.08
63690,\shp,63690_Rural_Building_202606.zip,0.15
63690,\shp,63690_Rural_Lot_202606.zip,2.66
63690,\shp,63690_Rural_Nomenclature_202606.zip,0.02
63690,\shp,63690_Rural_Sector_202606.zip,0.09
63690,\shp,63690_Rural_Vereda_202606.zip,0.5
63690,\shp,63690_Urban_Block_202606.zip,0.07
63690,\shp,63690_Urban_Building_202606.zip,0.29
63690,\shp,63690_Urban_Lot_202606.zip,0.22
63690,\shp,63690_Urban_Nomenclature_202606.zip,0.09
63690,\shp,63690_Urban_Nomenclature_Road_202606.zip,0.01
63690,\shp,63690_Urban_Perimeter_202606.zip,0.0
66001,\shp,66001_OSM_Road_202608.zip,1.87
66001,\shp,66001_Rural_Lot_202001.zip,6.09
66001,\shp,66001_Urban_Lot_202001.zip,7.58
66045,\shp,66045_OSM_Road_202608.zip,0.21
66045,\shp,66045_R1_202607.zip,0.05
66045,\shp,66045_R2_202607.zip,0.07
66045,\shp,66045_Rural_Building_202606.zip,0.3
66045,\shp,66045_Rural_Lot_202606.zip,1.74
66045,\shp,66045_Rural_Nomenclature_202606.zip,0.14
66045,\shp,66045_Rural_Sector_202606.zip,0.09
66045,\shp,66045_Rural_Vereda_202606.zip,0.28
66045,\shp,66045_Urban_Block_202606.zip,0.12
66045,\shp,66045_Urban_Building_202606.zip,0.3
66045,\shp,66045_Urban_Lot_202606.zip,0.46
66045,\shp,66045_Urban_Neighborhood_202606.zip,0.01
66045,\shp,66045_Urban_Nomenclature_202606.zip,0.06
66045,\shp,66045_Urban_Perimeter_202606.zip,0.01
66045,\shp,66045_Urban_Sector_202606.zip,0.01
66075,\shp,66075_OSM_Road_202608.zip,0.14
66075,\shp,66075_R1_202607.zip,0.03
66075,\shp,66075_R2_202607.zip,0.04
66075,\shp,66075_Rural_Building_202606.zip,0.01
66075,\shp,66075_Rural_Lot_202606.zip,0.71
66075,\shp,66075_Rural_Nomenclature_202606.zip,0.01
66075,\shp,66075_Rural_Sector_202606.zip,0.12
66075,\shp,66075_Rural_Vereda_202606.zip,0.16
66075,\shp,66075_Urban_Block_202606.zip,0.02
66075,\shp,66075_Urban_Building_202606.zip,0.05
66075,\shp,66075_Urban_Lot_202606.zip,0.05
66075,\shp,66075_Urban_Nomenclature_202606.zip,0.02
66075,\shp,66075_Urban_Nomenclature_Road_202606.zip,0.0
66075,\shp,66075_Urban_Perimeter_202606.zip,0.01
66088,\shp,66088_OSM_Road_202608.zip,0.22
66088,\shp,66088_R1_202607.zip,0.11
66088,\shp,66088_R2_202607.zip,0.15
66088,\shp,66088_Rural_Building_202606.zip,0.02
66088,\shp,66088_Rural_Lot_202606.zip,1.74
66088,\shp,66088_Rural_Nomenclature_202606.zip,0.02
66088,\shp,66088_Rural_Sector_202606.zip,0.14
66088,\shp,66088_Rural_Vereda_202606.zip,0.37
66088,\shp,66088_Urban_Block_202606.zip,0.12
66088,\shp,66088_Urban_Building_202606.zip,0.35
66088,\shp,66088_Urban_Lot_202606.zip,0.31
66088,\shp,66088_Urban_Nomenclature_202606.zip,0.16
66088,\shp,66088_Urban_Nomenclature_Road_202606.zip,0.01
66088,\shp,66088_Urban_Perimeter_202606.zip,0.01
66170,\shp,66170_OSM_Road_202608.zip,0.6
66170,\shp,66170_Rural_Lot_202001.zip,2.27
66170,\shp,66170_Urban_Lot_202001.zip,7.18
66318,\shp,66318_OSM_Road_202608.zip,0.16
66318,\shp,66318_R1_202607.zip,0.05
66318,\shp,66318_R2_202607.zip,0.08
66318,\shp,66318_Rural_Building_202606.zip,0.23
66318,\shp,66318_Rural_Lot_202606.zip,1.36
66318,\shp,66318_Rural_Nomenclature_202606.zip,0.2
66318,\shp,66318_Rural_Sector_202606.zip,0.11
66318,\shp,66318_Rural_Vereda_202606.zip,0.21
66318,\shp,66318_Urban_Block_202606.zip,0.1
66318,\shp,66318_Urban_Building_202606.zip,0.24
66318,\shp,66318_Urban_Lot_202606.zip,0.35
66318,\shp,66318_Urban_Neighborhood_202606.zip,0.02
66318,\shp,66318_Urban_Nomenclature_202606.zip,0.09
66318,\shp,66318_Urban_Perimeter_202606.zip,0.02
66318,\shp,66318_Urban_Sector_202606.zip,0.02
66383,\shp,66383_OSM_Road_202608.zip,0.14
66383,\shp,66383_R1_202607.zip,0.03
66383,\shp,66383_R2_202607.zip,0.04
66383,\shp,66383_Rural_Building_202606.zip,0.12
66383,\shp,66383_Rural_Lot_202606.zip,0.54
66383,\shp,66383_Rural_Nomenclature_202606.zip,0.07
66383,\shp,66383_Rural_Sector_202606.zip,0.04
66383,\shp,66383_Rural_Vereda_202606.zip,0.07
66383,\shp,66383_Urban_Block_202606.zip,0.04
66383,\shp,66383_Urban_Building_202606.zip,0.1
66383,\shp,66383_Urban_Lot_202606.zip,0.14
66383,\shp,66383_Urban_Nomenclature_202606.zip,0.04
66383,\shp,66383_Urban_Perimeter_202606.zip,0.01
66383,\shp,66383_Urban_Sector_202606.zip,0.01
66400,\shp,66400_OSM_Road_202608.zip,0.06
66400,\shp,66400_Rural_Lot_202001.zip,0.12
66400,\shp,66400_Urban_Lot_202001.zip,0.73
66440,\shp,66440_OSM_Road_202608.zip,0.2
66440,\shp,66440_R1_202607.zip,0.07
66440,\shp,66440_R2_202607.zip,0.1
66440,\shp,66440_Rural_Building_202606.zip,0.03
66440,\shp,66440_Rural_Lot_202606.zip,0.99
66440,\shp,66440_Rural_Nomenclature_202606.zip,0.01
66440,\shp,66440_Rural_Nomenclature_Road_202606.zip,0.0
66440,\shp,66440_Rural_Sector_202606.zip,0.1
66440,\shp,66440_Rural_Vereda_202606.zip,0.2
66440,\shp,66440_Urban_Block_202606.zip,0.13
66440,\shp,66440_Urban_Building_202606.zip,0.33
66440,\shp,66440_Urban_Lot_202606.zip,0.36
66440,\shp,66440_Urban_Nomenclature_202606.zip,0.14
66440,\shp,66440_Urban_Nomenclature_Road_202606.zip,0.01
66440,\shp,66440_Urban_Perimeter_202606.zip,0.01
66456,\shp,66456_OSM_Road_202608.zip,0.12
66456,\shp,66456_R1_202607.zip,0.06
66456,\shp,66456_R2_202607.zip,0.06
66456,\shp,66456_Rural_Building_202606.zip,0.01
66456,\shp,66456_Rural_Lot_202606.zip,0.73
66456,\shp,66456_Rural_Nomenclature_202606.zip,0.01
66456,\shp,66456_Rural_Nomenclature_Road_202606.zip,0.0
66456,\shp,66456_Rural_Sector_202606.zip,0.05
66456,\shp,66456_Rural_Vereda_202606.zip,0.16
66456,\shp,66456_Urban_Block_202606.zip,0.07
66456,\shp,66456_Urban_Building_202606.zip,0.16
66456,\shp,66456_Urban_Lot_202606.zip,0.18
66456,\shp,66456_Urban_Nomenclature_202606.zip,0.08
66456,\shp,66456_Urban_Nomenclature_Road_202606.zip,0.01
66456,\shp,66456_Urban_Perimeter_202606.zip,0.01
66572,\shp,66572_OSM_Road_202608.zip,0.17
66572,\shp,66572_R1_202607.zip,0.05
66572,\shp,66572_R2_202607.zip,0.07
66572,\shp,66572_Rural_Building_202606.zip,0.0
66572,\shp,66572_Rural_Lot_202606.zip,0.72
66572,\shp,66572_Rural_Nomenclature_202606.zip,0.0
66572,\shp,66572_Rural_Sector_202606.zip,0.06
66572,\shp,66572_Rural_Vereda_202606.zip,0.18
66572,\shp,66572_Urban_Block_202606.zip,0.05
66572,\shp,66572_Urban_Building_202606.zip,0.12
66572,\shp,66572_Urban_Lot_202606.zip,0.15
66572,\shp,66572_Urban_Nomenclature_202606.zip,0.06
66572,\shp,66572_Urban_Nomenclature_Road_202606.zip,0.01
66572,\shp,66572_Urban_Perimeter_202606.zip,0.01
66594,\shp,66594_OSM_Road_202608.zip,0.15
66594,\shp,66594_R1_202607.zip,0.16
66594,\shp,66594_R2_202607.zip,0.18
66594,\shp,66594_Rural_Building_202606.zip,0.01
66594,\shp,66594_Rural_Lot_202606.zip,1.93
66594,\shp,66594_Rural_Nomenclature_202606.zip,0.01
66594,\shp,66594_Rural_Sector_202606.zip,0.1
66594,\shp,66594_Rural_Vereda_202606.zip,0.32
66594,\shp,66594_Urban_Block_202606.zip,0.17
66594,\shp,66594_Urban_Building_202606.zip,0.45
66594,\shp,66594_Urban_Lot_202606.zip,0.42
66594,\shp,66594_Urban_Nomenclature_202606.zip,0.2
66594,\shp,66594_Urban_Nomenclature_Road_202606.zip,0.03
66594,\shp,66594_Urban_Perimeter_202606.zip,0.01
66682,\shp,66682_OSM_Road_202608.zip,0.68
66682,\shp,66682_R1_202607.zip,0.33
66682,\shp,66682_R2_202607.zip,0.33
66682,\shp,66682_Rural_Building_202606.zip,0.58
66682,\shp,66682_Rural_Lot_202606.zip,3.46
66682,\shp,66682_Rural_Nomenclature_202606.zip,0.0
66682,\shp,66682_Rural_Sector_202606.zip,0.29
66682,\shp,66682_Rural_Vereda_202606.zip,0.57
66682,\shp,66682_Urban_Block_202606.zip,0.78
66682,\shp,66682_Urban_Building_202606.zip,3.05
66682,\shp,66682_Urban_Lot_202606.zip,2.71
66682,\shp,66682_Urban_Neighborhood_202606.zip,0.06
66682,\shp,66682_Urban_Nomenclature_202606.zip,0.93
66682,\shp,66682_Urban_Perimeter_202606.zip,0.03
66682,\shp,66682_Urban_Sector_202606.zip,0.06
66687,\shp,66687_OSM_Road_202608.zip,0.21
66687,\shp,66687_R1_202607.zip,0.05
66687,\shp,66687_R2_202607.zip,0.07
66687,\shp,66687_Rural_Building_202606.zip,0.25
66687,\shp,66687_Rural_Lot_202606.zip,1.4
66687,\shp,66687_Rural_Nomenclature_202606.zip,0.11
66687,\shp,66687_Rural_Sector_202606.zip,0.15
66687,\shp,66687_Rural_Vereda_202606.zip,0.29
66687,\shp,66687_Urban_Block_202606.zip,0.1
66687,\shp,66687_Urban_Building_202606.zip,0.21
66687,\shp,66687_Urban_Lot_202606.zip,0.31
66687,\shp,66687_Urban_Neighborhood_202606.zip,0.02
66687,\shp,66687_Urban_Nomenclature_202606.zip,0.08
66687,\shp,66687_Urban_Perimeter_202606.zip,0.02
66687,\shp,66687_Urban_Sector_202606.zip,0.02
68001,\shp,68001_OSM_Road_202608.zip,1.2
68001,\shp,68001_Rural_Lot_202001.zip,0.97
68001,\shp,68001_Urban_Lot_202001.zip,9.9
68013,\shp,68013_OSM_Road_202608.zip,0.1
68013,\shp,68013_R1_202607.zip,0.02
68013,\shp,68013_R2_202607.zip,0.02
68013,\shp,68013_Rural_Lot_202606.zip,2.85
68013,\shp,68013_Rural_Nomenclature_202606.zip,0.0
68013,\shp,68013_Rural_Sector_202606.zip,0.08
68013,\shp,68013_Rural_Vereda_202606.zip,0.46
68013,\shp,68013_Urban_Block_202606.zip,0.01
68013,\shp,68013_Urban_Building_202606.zip,0.01
68013,\shp,68013_Urban_Lot_202606.zip,0.02
68013,\shp,68013_Urban_Nomenclature_202606.zip,0.01
68013,\shp,68013_Urban_Nomenclature_Road_202606.zip,0.0
68013,\shp,68013_Urban_Perimeter_202606.zip,0.0
68013,\shp,68013_Urban_Sector_202606.zip,0.0
68020,\shp,68020_OSM_Road_202608.zip,0.08
68020,\shp,68020_R1_202607.zip,0.04
68020,\shp,68020_R2_202607.zip,0.04
68020,\shp,68020_Rural_Lot_202606.zip,0.65
68020,\shp,68020_Rural_Nomenclature_202606.zip,0.0
68020,\shp,68020_Rural_Sector_202606.zip,0.04
68020,\shp,68020_Rural_Vereda_202606.zip,0.16
68020,\shp,68020_Urban_Block_202606.zip,0.01
68020,\shp,68020_Urban_Building_202606.zip,0.03
68020,\shp,68020_Urban_Lot_202606.zip,0.03
68020,\shp,68020_Urban_Nomenclature_202606.zip,0.01
68020,\shp,68020_Urban_Nomenclature_Road_202606.zip,0.0
68020,\shp,68020_Urban_Perimeter_202606.zip,0.0
68020,\shp,68020_Urban_Sector_202606.zip,0.0
68051,\shp,68051_OSM_Road_202608.zip,0.22
68051,\shp,68051_R1_202607.zip,0.04
68051,\shp,68051_R2_202607.zip,0.04
68051,\shp,68051_Rural_Building_202606.zip,0.01
68051,\shp,68051_Rural_Lot_202606.zip,0.99
68051,\shp,68051_Rural_Nomenclature_202606.zip,0.01
68051,\shp,68051_Rural_Sector_202606.zip,0.06
68051,\shp,68051_Rural_Vereda_202606.zip,0.1
68051,\shp,68051_Urban_Block_202606.zip,0.04
68051,\shp,68051_Urban_Building_202606.zip,0.08
68051,\shp,68051_Urban_Lot_202606.zip,0.09
68051,\shp,68051_Urban_Nomenclature_202606.zip,0.03
68051,\shp,68051_Urban_Nomenclature_Road_202606.zip,0.01
68051,\shp,68051_Urban_Perimeter_202606.zip,0.02
68051,\shp,68051_Urban_Sector_202606.zip,0.02
68077,\shp,68077_OSM_Road_202608.zip,0.16
68077,\shp,68077_R1_202607.zip,0.18
68077,\shp,68077_R2_202607.zip,0.17
68077,\shp,68077_Rural_Building_202606.zip,0.0
68077,\shp,68077_Rural_Lot_202606.zip,1.02
68077,\shp,68077_Rural_Nomenclature_202606.zip,0.02
68077,\shp,68077_Rural_Sector_202606.zip,0.09
68077,\shp,68077_Rural_Vereda_202606.zip,0.25
68077,\shp,68077_Urban_Block_202606.zip,0.31
68077,\shp,68077_Urban_Building_202606.zip,0.83
68077,\shp,68077_Urban_Lot_202606.zip,0.89
68077,\shp,68077_Urban_Nomenclature_202606.zip,0.38
68077,\shp,68077_Urban_Nomenclature_Road_202606.zip,0.07
68077,\shp,68077_Urban_Perimeter_202606.zip,0.04
68077,\shp,68077_Urban_Sector_202606.zip,0.04
68079,\shp,68079_OSM_Road_202608.zip,0.24
68079,\shp,68079_R1_202607.zip,0.1
68079,\shp,68079_R2_202607.zip,0.1
68079,\shp,68079_Rural_Building_202606.zip,0.01
68079,\shp,68079_Rural_Lot_202606.zip,1.33
68079,\shp,68079_Rural_Nomenclature_202606.zip,0.02
68079,\shp,68079_Rural_Sector_202606.zip,0.07
68079,\shp,68079_Rural_Vereda_202606.zip,0.18
68079,\shp,68079_Urban_Block_202606.zip,0.18
68079,\shp,68079_Urban_Building_202606.zip,0.27
68079,\shp,68079_Urban_Lot_202606.zip,0.42
68079,\shp,68079_Urban_Nomenclature_202606.zip,0.15
68079,\shp,68079_Urban_Nomenclature_Road_202606.zip,0.03
68079,\shp,68079_Urban_Perimeter_202606.zip,0.04
68079,\shp,68079_Urban_Sector_202606.zip,0.04
68081,\shp,68081_OSM_Road_202608.zip,0.83
68081,\shp,68081_Rural_Lot_202001.zip,3.44
68081,\shp,68081_Urban_Lot_202001.zip,3.43
68092,\shp,68092_OSM_Road_202608.zip,0.21
68092,\shp,68092_R1_202607.zip,0.04
68092,\shp,68092_R2_202607.zip,0.07
68092,\shp,68092_Rural_Building_202606.zip,0.06
68092,\shp,68092_Rural_Lot_202606.zip,1.86
68092,\shp,68092_Rural_Nomenclature_202606.zip,0.0
68092,\shp,68092_Rural_Sector_202606.zip,0.07
68092,\shp,68092_Rural_Vereda_202606.zip,0.19
68092,\shp,68092_Urban_Block_202606.zip,0.1
68092,\shp,68092_Urban_Building_202606.zip,0.2
68092,\shp,68092_Urban_Lot_202606.zip,0.26
68092,\shp,68092_Urban_Neighborhood_202606.zip,0.02
68092,\shp,68092_Urban_Nomenclature_202606.zip,0.07
68092,\shp,68092_Urban_Nomenclature_Road_202606.zip,0.02
68092,\shp,68092_Urban_Perimeter_202606.zip,0.02
68092,\shp,68092_Urban_Sector_202606.zip,0.02
68101,\shp,68101_OSM_Road_202608.zip,0.24
68101,\shp,68101_R1_202607.zip,0.09
68101,\shp,68101_R2_202607.zip,0.1
68101,\shp,68101_Rural_Building_202606.zip,0.0
68101,\shp,68101_Rural_Lot_202606.zip,2.76
68101,\shp,68101_Rural_Nomenclature_202606.zip,0.0
68101,\shp,68101_Rural_Sector_202606.zip,0.22
68101,\shp,68101_Rural_Vereda_202606.zip,0.47
68101,\shp,68101_Urban_Block_202606.zip,0.06
68101,\shp,68101_Urban_Building_202606.zip,0.11
68101,\shp,68101_Urban_Lot_202606.zip,0.16
68101,\shp,68101_Urban_Neighborhood_202606.zip,0.02
68101,\shp,68101_Urban_Nomenclature_202606.zip,0.04
68101,\shp,68101_Urban_Nomenclature_Road_202606.zip,0.0
68101,\shp,68101_Urban_Perimeter_202606.zip,0.02
68101,\shp,68101_Urban_Sector_202606.zip,0.02
68121,\shp,68121_OSM_Road_202608.zip,0.05
68121,\shp,68121_R1_202607.zip,0.02
68121,\shp,68121_R2_202607.zip,0.02
68121,\shp,68121_Rural_Building_202606.zip,0.01
68121,\shp,68121_Rural_Lot_202606.zip,0.21
68121,\shp,68121_Rural_Nomenclature_202606.zip,0.0
68121,\shp,68121_Rural_Nomenclature_Road_202606.zip,0.0
68121,\shp,68121_Rural_Sector_202606.zip,0.02
68121,\shp,68121_Rural_Vereda_202606.zip,0.04
68121,\shp,68121_Urban_Block_202606.zip,0.01
68121,\shp,68121_Urban_Building_202606.zip,0.01
68121,\shp,68121_Urban_Lot_202606.zip,0.01
68121,\shp,68121_Urban_Nomenclature_202606.zip,0.01
68121,\shp,68121_Urban_Nomenclature_Road_202606.zip,0.0
68121,\shp,68121_Urban_Perimeter_202606.zip,0.0
68121,\shp,68121_Urban_Sector_202606.zip,0.0
68132,\shp,68132_OSM_Road_202608.zip,0.02
68132,\shp,68132_R1_202607.zip,0.01
68132,\shp,68132_R2_202607.zip,0.01
68132,\shp,68132_Rural_Building_202606.zip,0.0
68132,\shp,68132_Rural_Lot_202606.zip,0.3
68132,\shp,68132_Rural_Nomenclature_202606.zip,0.0
68132,\shp,68132_Rural_Nomenclature_Road_202606.zip,0.0
68132,\shp,68132_Rural_Sector_202606.zip,0.04
68132,\shp,68132_Rural_Vereda_202606.zip,0.1
68132,\shp,68132_Urban_Block_202606.zip,0.01
68132,\shp,68132_Urban_Building_202606.zip,0.04
68132,\shp,68132_Urban_Lot_202606.zip,0.04
68132,\shp,68132_Urban_Nomenclature_202606.zip,0.02
68132,\shp,68132_Urban_Nomenclature_Road_202606.zip,0.0
68132,\shp,68132_Urban_Perimeter_202606.zip,0.0
68132,\shp,68132_Urban_Sector_202606.zip,0.0
68147,\shp,68147_OSM_Road_202608.zip,0.07
68147,\shp,68147_R1_202607.zip,0.05
68147,\shp,68147_R2_202607.zip,0.04
68147,\shp,68147_Rural_Building_202606.zip,0.0
68147,\shp,68147_Rural_Lot_202606.zip,0.74
68147,\shp,68147_Rural_Nomenclature_202606.zip,0.0
68147,\shp,68147_Rural_Sector_202606.zip,0.04
68147,\shp,68147_Rural_Vereda_202606.zip,0.1
68147,\shp,68147_Urban_Block_202606.zip,0.06
68147,\shp,68147_Urban_Building_202606.zip,0.16
68147,\shp,68147_Urban_Lot_202606.zip,0.19
68147,\shp,68147_Urban_Nomenclature_202606.zip,0.04
68147,\shp,68147_Urban_Nomenclature_Road_202606.zip,0.01
68147,\shp,68147_Urban_Perimeter_202606.zip,0.01
68147,\shp,68147_Urban_Sector_202606.zip,0.01
68152,\shp,68152_OSM_Road_202608.zip,0.15
68152,\shp,68152_R1_202607.zip,0.05
68152,\shp,68152_R2_202607.zip,0.05
68152,\shp,68152_Rural_Lot_202606.zip,1.34
68152,\shp,68152_Rural_Nomenclature_202606.zip,0.0
68152,\shp,68152_Rural_Sector_202606.zip,0.04
68152,\shp,68152_Rural_Vereda_202606.zip,0.16
68152,\shp,68152_Urban_Block_202606.zip,0.02
68152,\shp,68152_Urban_Building_202606.zip,0.04
68152,\shp,68152_Urban_Lot_202606.zip,0.04
68152,\shp,68152_Urban_Nomenclature_202606.zip,0.03
68152,\shp,68152_Urban_Nomenclature_Road_202606.zip,0.0
68152,\shp,68152_Urban_Perimeter_202606.zip,0.01
68152,\shp,68152_Urban_Sector_202606.zip,0.01
68160,\shp,68160_OSM_Road_202608.zip,0.05
68160,\shp,68160_R1_202607.zip,0.01
68160,\shp,68160_R2_202607.zip,0.02
68160,\shp,68160_Rural_Lot_202606.zip,0.32
68160,\shp,68160_Rural_Nomenclature_202606.zip,0.0
68160,\shp,68160_Rural_Sector_202606.zip,0.03
68160,\shp,68160_Rural_Vereda_202606.zip,0.08
68160,\shp,68160_Urban_Block_202606.zip,0.01
68160,\shp,68160_Urban_Building_202606.zip,0.02
68160,\shp,68160_Urban_Lot_202606.zip,0.02
68160,\shp,68160_Urban_Nomenclature_202606.zip,0.01
68160,\shp,68160_Urban_Nomenclature_Road_202606.zip,0.0
68160,\shp,68160_Urban_Perimeter_202606.zip,0.0
68160,\shp,68160_Urban_Sector_202606.zip,0.0
68162,\shp,68162_OSM_Road_202608.zip,0.15
68162,\shp,68162_R1_202607.zip,0.04
68162,\shp,68162_R2_202607.zip,0.05
68162,\shp,68162_Rural_Lot_202606.zip,1.05
68162,\shp,68162_Rural_Nomenclature_202606.zip,0.01
68162,\shp,68162_Rural_Sector_202606.zip,0.05
68162,\shp,68162_Rural_Vereda_202606.zip,0.21
68162,\shp,68162_Urban_Block_202606.zip,0.04
68162,\shp,68162_Urban_Building_202606.zip,0.1
68162,\shp,68162_Urban_Lot_202606.zip,0.11
68162,\shp,68162_Urban_Nomenclature_202606.zip,0.01
68162,\shp,68162_Urban_Nomenclature_Road_202606.zip,0.01
68162,\shp,68162_Urban_Perimeter_202606.zip,0.01
68162,\shp,68162_Urban_Sector_202606.zip,0.01
68167,\shp,68167_OSM_Road_202608.zip,0.16
68167,\shp,68167_R1_202607.zip,0.11
68167,\shp,68167_R2_202607.zip,0.11
68167,\shp,68167_Rural_Building_202606.zip,0.0
68167,\shp,68167_Rural_Lot_202606.zip,1.21
68167,\shp,68167_Rural_Nomenclature_202606.zip,0.01
68167,\shp,68167_Rural_Nomenclature_Road_202606.zip,0.0
68167,\shp,68167_Rural_Sector_202606.zip,0.11
68167,\shp,68167_Rural_Vereda_202606.zip,0.18
68167,\shp,68167_Urban_Block_202606.zip,0.16
68167,\shp,68167_Urban_Building_202606.zip,0.35
68167,\shp,68167_Urban_Lot_202606.zip,0.48
68167,\shp,68167_Urban_Nomenclature_202606.zip,0.2
68167,\shp,68167_Urban_Nomenclature_Road_202606.zip,0.02
68167,\shp,68167_Urban_Perimeter_202606.zip,0.02
68167,\shp,68167_Urban_Sector_202606.zip,0.02
68169,\shp,68169_OSM_Road_202608.zip,0.1
68169,\shp,68169_R1_202607.zip,0.03
68169,\shp,68169_R2_202607.zip,0.04
68169,\shp,68169_Rural_Building_202606.zip,0.0
68169,\shp,68169_Rural_Lot_202606.zip,0.63
68169,\shp,68169_Rural_Nomenclature_202606.zip,0.0
68169,\shp,68169_Rural_Sector_202606.zip,0.05
68169,\shp,68169_Rural_Vereda_202606.zip,0.12
68169,\shp,68169_Urban_Block_202606.zip,0.02
68169,\shp,68169_Urban_Building_202606.zip,0.04
68169,\shp,68169_Urban_Lot_202606.zip,0.05
68169,\shp,68169_Urban_Nomenclature_202606.zip,0.02
68169,\shp,68169_Urban_Nomenclature_Road_202606.zip,0.01
68169,\shp,68169_Urban_Perimeter_202606.zip,0.0
68169,\shp,68169_Urban_Sector_202606.zip,0.0
68176,\shp,68176_OSM_Road_202608.zip,0.1
68176,\shp,68176_R1_202607.zip,0.03
68176,\shp,68176_R2_202607.zip,0.03
68176,\shp,68176_Rural_Lot_202606.zip,0.65
68176,\shp,68176_Rural_Nomenclature_202606.zip,0.0
68176,\shp,68176_Rural_Sector_202606.zip,0.03
68176,\shp,68176_Rural_Vereda_202606.zip,0.1
68176,\shp,68176_Urban_Block_202606.zip,0.02
68176,\shp,68176_Urban_Building_202606.zip,0.04
68176,\shp,68176_Urban_Lot_202606.zip,0.05
68176,\shp,68176_Urban_Nomenclature_202606.zip,0.02
68176,\shp,68176_Urban_Nomenclature_Road_202606.zip,0.01
68176,\shp,68176_Urban_Perimeter_202606.zip,0.0
68176,\shp,68176_Urban_Sector_202606.zip,0.0
68179,\shp,68179_OSM_Road_202608.zip,0.13
68179,\shp,68179_R1_202607.zip,0.05
68179,\shp,68179_R2_202607.zip,0.07
68179,\shp,68179_Rural_Building_202606.zip,0.14
68179,\shp,68179_Rural_Lot_202606.zip,1.4
68179,\shp,68179_Rural_Nomenclature_202606.zip,0.21
68179,\shp,68179_Rural_Sector_202606.zip,0.03
68179,\shp,68179_Rural_Vereda_202606.zip,0.1
68179,\shp,68179_Urban_Block_202606.zip,0.02
68179,\shp,68179_Urban_Building_202606.zip,0.04
68179,\shp,68179_Urban_Lot_202606.zip,0.05
68179,\shp,68179_Urban_Neighborhood_202606.zip,0.0
68179,\shp,68179_Urban_Nomenclature_202606.zip,0.02
68179,\shp,68179_Urban_Perimeter_202606.zip,0.0
68179,\shp,68179_Urban_Sector_202606.zip,0.0
68190,\shp,68190_OSM_Road_202608.zip,0.55
68190,\shp,68190_R1_202607.zip,0.16
68190,\shp,68190_R2_202607.zip,0.15
68190,\shp,68190_Rural_Building_202606.zip,0.0
68190,\shp,68190_Rural_Lot_202606.zip,2.78
68190,\shp,68190_Rural_Nomenclature_202606.zip,0.05
68190,\shp,68190_Rural_Sector_202606.zip,0.18
68190,\shp,68190_Rural_Vereda_202606.zip,0.6
68190,\shp,68190_Urban_Block_202606.zip,0.14
68190,\shp,68190_Urban_Building_202606.zip,0.27
68190,\shp,68190_Urban_Lot_202606.zip,0.32
68190,\shp,68190_Urban_Nomenclature_202606.zip,0.04
68190,\shp,68190_Urban_Nomenclature_Road_202606.zip,0.01
68190,\shp,68190_Urban_Perimeter_202606.zip,0.03
68190,\shp,68190_Urban_Sector_202606.zip,0.03
68207,\shp,68207_OSM_Road_202608.zip,0.14
68207,\shp,68207_R1_202607.zip,0.06
68207,\shp,68207_R2_202607.zip,0.06
68207,\shp,68207_Rural_Lot_202606.zip,1.0
68207,\shp,68207_Rural_Nomenclature_202606.zip,0.0
68207,\shp,68207_Rural_Sector_202606.zip,0.05
68207,\shp,68207_Rural_Vereda_202606.zip,0.1
68207,\shp,68207_Urban_Block_202606.zip,0.05
68207,\shp,68207_Urban_Building_202606.zip,0.15
68207,\shp,68207_Urban_Lot_202606.zip,0.16
68207,\shp,68207_Urban_Nomenclature_202606.zip,0.06
68207,\shp,68207_Urban_Nomenclature_Road_202606.zip,0.01
68207,\shp,68207_Urban_Perimeter_202606.zip,0.01
68207,\shp,68207_Urban_Sector_202606.zip,0.01
68209,\shp,68209_OSM_Road_202608.zip,0.11
68209,\shp,68209_R1_202607.zip,0.02
68209,\shp,68209_R2_202607.zip,0.03
68209,\shp,68209_Rural_Building_202606.zip,0.0
68209,\shp,68209_Rural_Lot_202606.zip,0.77
68209,\shp,68209_Rural_Nomenclature_202606.zip,0.01
68209,\shp,68209_Rural_Sector_202606.zip,0.05
68209,\shp,68209_Rural_Vereda_202606.zip,0.14
68209,\shp,68209_Urban_Block_202606.zip,0.02
68209,\shp,68209_Urban_Building_202606.zip,0.03
68209,\shp,68209_Urban_Lot_202606.zip,0.03
68209,\shp,68209_Urban_Nomenclature_202606.zip,0.02
68209,\shp,68209_Urban_Nomenclature_Road_202606.zip,0.01
68209,\shp,68209_Urban_Perimeter_202606.zip,0.0
68209,\shp,68209_Urban_Sector_202606.zip,0.0
68211,\shp,68211_OSM_Road_202608.zip,0.05
68211,\shp,68211_R1_202607.zip,0.04
68211,\shp,68211_R2_202607.zip,0.04
68211,\shp,68211_Rural_Lot_202606.zip,0.23
68211,\shp,68211_Rural_Nomenclature_202606.zip,0.0
68211,\shp,68211_Rural_Sector_202606.zip,0.03
68211,\shp,68211_Rural_Vereda_202606.zip,0.05
68211,\shp,68211_Urban_Block_202606.zip,0.06
68211,\shp,68211_Urban_Building_202606.zip,0.15
68211,\shp,68211_Urban_Lot_202606.zip,0.16
68211,\shp,68211_Urban_Nomenclature_202606.zip,0.07
68211,\shp,68211_Urban_Nomenclature_Road_202606.zip,0.01
68211,\shp,68211_Urban_Perimeter_202606.zip,0.02
68211,\shp,68211_Urban_Sector_202606.zip,0.02
68217,\shp,68217_OSM_Road_202608.zip,0.09
68217,\shp,68217_R1_202607.zip,0.06
68217,\shp,68217_R2_202607.zip,0.05
68217,\shp,68217_Rural_Building_202606.zip,0.0
68217,\shp,68217_Rural_Lot_202606.zip,1.57
68217,\shp,68217_Rural_Nomenclature_202606.zip,0.0
68217,\shp,68217_Rural_Sector_202606.zip,0.05
68217,\shp,68217_Rural_Vereda_202606.zip,0.26
68217,\shp,68217_Urban_Block_202606.zip,0.03
68217,\shp,68217_Urban_Building_202606.zip,0.04
68217,\shp,68217_Urban_Lot_202606.zip,0.06
68217,\shp,68217_Urban_Nomenclature_202606.zip,0.02
68217,\shp,68217_Urban_Nomenclature_Road_202606.zip,0.01
68217,\shp,68217_Urban_Perimeter_202606.zip,0.01
68217,\shp,68217_Urban_Sector_202606.zip,0.01
68229,\shp,68229_OSM_Road_202608.zip,0.24
68229,\shp,68229_R1_202607.zip,0.1
68229,\shp,68229_R2_202607.zip,0.09
68229,\shp,68229_Rural_Building_202606.zip,0.01
68229,\shp,68229_Rural_Lot_202606.zip,1.83
68229,\shp,68229_Rural_Nomenclature_202606.zip,0.03
68229,\shp,68229_Rural_Nomenclature_Road_202606.zip,0.0
68229,\shp,68229_Rural_Sector_202606.zip,0.09
68229,\shp,68229_Rural_Vereda_202606.zip,0.27
68229,\shp,68229_Urban_Block_202606.zip,0.12
68229,\shp,68229_Urban_Building_202606.zip,0.56
68229,\shp,68229_Urban_Lot_202606.zip,0.65
68229,\shp,68229_Urban_Nomenclature_202606.zip,0.05
68229,\shp,68229_Urban_Nomenclature_Road_202606.zip,0.01
68229,\shp,68229_Urban_Perimeter_202606.zip,0.03
68229,\shp,68229_Urban_Sector_202606.zip,0.03
68235,\shp,68235_OSM_Road_202608.zip,0.25
68235,\shp,68235_R1_202607.zip,0.09
68235,\shp,68235_R2_202607.zip,0.14
68235,\shp,68235_Rural_Building_202606.zip,0.28
68235,\shp,68235_Rural_Lot_202606.zip,5.09
68235,\shp,68235_Rural_Nomenclature_202606.zip,0.0
68235,\shp,68235_Rural_Sector_202606.zip,0.32
68235,\shp,68235_Rural_Vereda_202606.zip,0.83
68235,\shp,68235_Urban_Block_202606.zip,0.06
68235,\shp,68235_Urban_Building_202606.zip,0.13
68235,\shp,68235_Urban_Lot_202606.zip,0.14
68235,\shp,68235_Urban_Nomenclature_202606.zip,0.05
68235,\shp,68235_Urban_Nomenclature_Road_202606.zip,0.01
68235,\shp,68235_Urban_Perimeter_202606.zip,0.01
68235,\shp,68235_Urban_Sector_202606.zip,0.01
68245,\shp,68245_OSM_Road_202608.zip,0.05
68245,\shp,68245_R1_202607.zip,0.02
68245,\shp,68245_R2_202607.zip,0.02
68245,\shp,68245_Rural_Building_202606.zip,0.0
68245,\shp,68245_Rural_Lot_202606.zip,0.45
68245,\shp,68245_Rural_Nomenclature_202606.zip,0.0
68245,\shp,68245_Rural_Nomenclature_Road_202606.zip,0.0
68245,\shp,68245_Rural_Sector_202606.zip,0.04
68245,\shp,68245_Rural_Vereda_202606.zip,0.09
68245,\shp,68245_Urban_Block_202606.zip,0.02
68245,\shp,68245_Urban_Building_202606.zip,0.02
68245,\shp,68245_Urban_Lot_202606.zip,0.03
68245,\shp,68245_Urban_Neighborhood_202606.zip,0.0
68245,\shp,68245_Urban_Nomenclature_202606.zip,0.02
68245,\shp,68245_Urban_Nomenclature_Road_202606.zip,0.0
68245,\shp,68245_Urban_Perimeter_202606.zip,0.01
68245,\shp,68245_Urban_Sector_202606.zip,0.01
68250,\shp,68250_OSM_Road_202608.zip,0.07
68250,\shp,68250_R1_202607.zip,0.04
68250,\shp,68250_R2_202607.zip,0.04
68250,\shp,68250_Rural_Building_202606.zip,0.0
68250,\shp,68250_Rural_Lot_202606.zip,0.96
68250,\shp,68250_Rural_Nomenclature_202606.zip,0.0
68250,\shp,68250_Rural_Sector_202606.zip,0.06
68250,\shp,68250_Rural_Vereda_202606.zip,0.15
68250,\shp,68250_Urban_Block_202606.zip,0.02
68250,\shp,68250_Urban_Building_202606.zip,0.04
68250,\shp,68250_Urban_Lot_202606.zip,0.03
68250,\shp,68250_Urban_Nomenclature_202606.zip,0.02
68250,\shp,68250_Urban_Nomenclature_Road_202606.zip,0.0
68250,\shp,68250_Urban_Perimeter_202606.zip,0.01
68250,\shp,68250_Urban_Sector_202606.zip,0.01
68255,\shp,68255_OSM_Road_202608.zip,0.2
68255,\shp,68255_R1_202607.zip,0.07
68255,\shp,68255_R2_202607.zip,0.06
68255,\shp,68255_Rural_Building_202606.zip,0.01
68255,\shp,68255_Rural_Lot_202606.zip,1.5
68255,\shp,68255_Rural_Nomenclature_202606.zip,0.01
68255,\shp,68255_Rural_Sector_202606.zip,0.09
68255,\shp,68255_Rural_Vereda_202606.zip,0.25
68255,\shp,68255_Urban_Block_202606.zip,0.09
68255,\shp,68255_Urban_Building_202606.zip,0.23
68255,\shp,68255_Urban_Lot_202606.zip,0.22
68255,\shp,68255_Urban_Nomenclature_202606.zip,0.1
68255,\shp,68255_Urban_Nomenclature_Road_202606.zip,0.01
68255,\shp,68255_Urban_Perimeter_202606.zip,0.01
68255,\shp,68255_Urban_Sector_202606.zip,0.01
68264,\shp,68264_OSM_Road_202608.zip,0.1
68264,\shp,68264_R1_202607.zip,0.03
68264,\shp,68264_R2_202607.zip,0.04
68264,\shp,68264_Rural_Lot_202606.zip,0.83
68264,\shp,68264_Rural_Nomenclature_202606.zip,0.0
68264,\shp,68264_Rural_Sector_202606.zip,0.04
68264,\shp,68264_Rural_Vereda_202606.zip,0.09
68264,\shp,68264_Urban_Block_202606.zip,0.01
68264,\shp,68264_Urban_Building_202606.zip,0.03
68264,\shp,68264_Urban_Lot_202606.zip,0.03
68264,\shp,68264_Urban_Nomenclature_202606.zip,0.01
68264,\shp,68264_Urban_Nomenclature_Road_202606.zip,0.0
68264,\shp,68264_Urban_Perimeter_202606.zip,0.01
68264,\shp,68264_Urban_Sector_202606.zip,0.01
68266,\shp,68266_OSM_Road_202608.zip,0.06
68266,\shp,68266_R1_202607.zip,0.03
68266,\shp,68266_R2_202607.zip,0.04
68266,\shp,68266_Rural_Building_202606.zip,0.0
68266,\shp,68266_Rural_Lot_202606.zip,0.67
68266,\shp,68266_Rural_Nomenclature_202606.zip,0.01
68266,\shp,68266_Rural_Nomenclature_Road_202606.zip,0.0
68266,\shp,68266_Rural_Sector_202606.zip,0.03
68266,\shp,68266_Rural_Vereda_202606.zip,0.08
68266,\shp,68266_Urban_Block_202606.zip,0.02
68266,\shp,68266_Urban_Building_202606.zip,0.05
68266,\shp,68266_Urban_Lot_202606.zip,0.05
68266,\shp,68266_Urban_Nomenclature_202606.zip,0.02
68266,\shp,68266_Urban_Nomenclature_Road_202606.zip,0.01
68266,\shp,68266_Urban_Perimeter_202606.zip,0.0
68266,\shp,68266_Urban_Sector_202606.zip,0.0
68271,\shp,68271_OSM_Road_202608.zip,0.13
68271,\shp,68271_R1_202607.zip,0.04
68271,\shp,68271_R2_202607.zip,0.04
68271,\shp,68271_Rural_Lot_202606.zip,0.59
68271,\shp,68271_Rural_Nomenclature_202606.zip,0.0
68271,\shp,68271_Rural_Sector_202606.zip,0.04
68271,\shp,68271_Rural_Vereda_202606.zip,0.11
68271,\shp,68271_Urban_Block_202606.zip,0.03
68271,\shp,68271_Urban_Building_202606.zip,0.06
68271,\shp,68271_Urban_Lot_202606.zip,0.06
68271,\shp,68271_Urban_Nomenclature_202606.zip,0.03
68271,\shp,68271_Urban_Nomenclature_Road_202606.zip,0.01
68271,\shp,68271_Urban_Perimeter_202606.zip,0.0
68271,\shp,68271_Urban_Sector_202606.zip,0.0
68276,\shp,68276_OSM_Road_202608.zip,0.66
68276,\shp,68276_Rural_Lot_202001.zip,1.07
68276,\shp,68276_Urban_Lot_202001.zip,4.86
68296,\shp,68296_OSM_Road_202608.zip,0.07
68296,\shp,68296_R1_202607.zip,0.03
68296,\shp,68296_R2_202607.zip,0.03
68296,\shp,68296_Rural_Lot_202606.zip,0.42
68296,\shp,68296_Rural_Sector_202606.zip,0.03
68296,\shp,68296_Rural_Vereda_202606.zip,0.07
68296,\shp,68296_Urban_Block_202606.zip,0.02
68296,\shp,68296_Urban_Building_202606.zip,0.05
68296,\shp,68296_Urban_Lot_202606.zip,0.06
68296,\shp,68296_Urban_Nomenclature_202606.zip,0.03
68296,\shp,68296_Urban_Nomenclature_Road_202606.zip,0.01
68296,\shp,68296_Urban_Perimeter_202606.zip,0.0
68296,\shp,68296_Urban_Sector_202606.zip,0.0
68298,\shp,68298_OSM_Road_202608.zip,0.18
68298,\shp,68298_R1_202607.zip,0.05
68298,\shp,68298_R2_202607.zip,0.04
68298,\shp,68298_Rural_Lot_202606.zip,1.05
68298,\shp,68298_Rural_Nomenclature_202606.zip,0.0
68298,\shp,68298_Rural_Sector_202606.zip,0.08
68298,\shp,68298_Rural_Vereda_202606.zip,0.17
68298,\shp,68298_Urban_Block_202606.zip,0.02
68298,\shp,68298_Urban_Building_202606.zip,0.03
68298,\shp,68298_Urban_Lot_202606.zip,0.05
68298,\shp,68298_Urban_Nomenclature_202606.zip,0.0
68298,\shp,68298_Urban_Nomenclature_Road_202606.zip,0.0
68298,\shp,68298_Urban_Perimeter_202606.zip,0.0
68298,\shp,68298_Urban_Sector_202606.zip,0.0
68307,\shp,68307_OSM_Road_202608.zip,0.9
68307,\shp,68307_Rural_Lot_202001.zip,3.07
68307,\shp,68307_Urban_Lot_202001.zip,3.99
68318,\shp,68318_OSM_Road_202608.zip,0.12
68318,\shp,68318_R1_202607.zip,0.05
68318,\shp,68318_R2_202607.zip,0.06
68318,\shp,68318_Rural_Building_202606.zip,0.0
68318,\shp,68318_Rural_Lot_202606.zip,1.03
68318,\shp,68318_Rural_Nomenclature_202606.zip,0.0
68318,\shp,68318_Rural_Nomenclature_Road_202606.zip,0.0
68318,\shp,68318_Rural_Sector_202606.zip,0.05
68318,\shp,68318_Rural_Vereda_202606.zip,0.15
68318,\shp,68318_Urban_Block_202606.zip,0.03
68318,\shp,68318_Urban_Building_202606.zip,0.08
68318,\shp,68318_Urban_Lot_202606.zip,0.1
68318,\shp,68318_Urban_Nomenclature_202606.zip,0.04
68318,\shp,68318_Urban_Nomenclature_Road_202606.zip,0.01
68318,\shp,68318_Urban_Perimeter_202606.zip,0.0
68318,\shp,68318_Urban_Sector_202606.zip,0.0
68320,\shp,68320_OSM_Road_202608.zip,0.14
68320,\shp,68320_R1_202607.zip,0.04
68320,\shp,68320_R2_202607.zip,0.04
68320,\shp,68320_Rural_Building_202606.zip,0.0
68320,\shp,68320_Rural_Lot_202606.zip,0.72
68320,\shp,68320_Rural_Nomenclature_202606.zip,0.0
68320,\shp,68320_Rural_Sector_202606.zip,0.04
68320,\shp,68320_Rural_Vereda_202606.zip,0.1
68320,\shp,68320_Urban_Block_202606.zip,0.04
68320,\shp,68320_Urban_Building_202606.zip,0.09
68320,\shp,68320_Urban_Lot_202606.zip,0.11
68320,\shp,68320_Urban_Nomenclature_202606.zip,0.01
68320,\shp,68320_Urban_Nomenclature_Road_202606.zip,0.0
68320,\shp,68320_Urban_Perimeter_202606.zip,0.01
68320,\shp,68320_Urban_Sector_202606.zip,0.01
68322,\shp,68322_OSM_Road_202608.zip,0.08
68322,\shp,68322_R1_202607.zip,0.02
68322,\shp,68322_R2_202607.zip,0.02
68322,\shp,68322_Rural_Building_202606.zip,0.0
68322,\shp,68322_Rural_Lot_202606.zip,0.42
68322,\shp,68322_Rural_Nomenclature_202606.zip,0.0
68322,\shp,68322_Rural_Sector_202606.zip,0.05
68322,\shp,68322_Rural_Vereda_202606.zip,0.09
68322,\shp,68322_Urban_Block_202606.zip,0.01
68322,\shp,68322_Urban_Building_202606.zip,0.02
68322,\shp,68322_Urban_Lot_202606.zip,0.03
68322,\shp,68322_Urban_Nomenclature_202606.zip,0.01
68322,\shp,68322_Urban_Nomenclature_Road_202606.zip,0.01
68322,\shp,68322_Urban_Perimeter_202606.zip,0.0
68322,\shp,68322_Urban_Sector_202606.zip,0.0
68324,\shp,68324_OSM_Road_202608.zip,0.1
68324,\shp,68324_R1_202607.zip,0.05
68324,\shp,68324_R2_202607.zip,0.05
68324,\shp,68324_Rural_Lot_202606.zip,1.05
68324,\shp,68324_Rural_Nomenclature_202606.zip,0.0
68324,\shp,68324_Rural_Sector_202606.zip,0.05
68324,\shp,68324_Rural_Vereda_202606.zip,0.13
68324,\shp,68324_Urban_Block_202606.zip,0.02
68324,\shp,68324_Urban_Building_202606.zip,0.05
68324,\shp,68324_Urban_Lot_202606.zip,0.05
68324,\shp,68324_Urban_Nomenclature_202606.zip,0.03
68324,\shp,68324_Urban_Nomenclature_Road_202606.zip,0.01
68324,\shp,68324_Urban_Perimeter_202606.zip,0.0
68324,\shp,68324_Urban_Sector_202606.zip,0.0
68327,\shp,68327_OSM_Road_202608.zip,0.07
68327,\shp,68327_R1_202607.zip,0.03
68327,\shp,68327_R2_202607.zip,0.03
68327,\shp,68327_Rural_Building_202606.zip,0.0
68327,\shp,68327_Rural_Lot_202606.zip,0.23
68327,\shp,68327_Rural_Nomenclature_202606.zip,0.0
68327,\shp,68327_Rural_Sector_202606.zip,0.03
68327,\shp,68327_Rural_Vereda_202606.zip,0.05
68327,\shp,68327_Urban_Block_202606.zip,0.03
68327,\shp,68327_Urban_Building_202606.zip,0.1
68327,\shp,68327_Urban_Lot_202606.zip,0.12
68327,\shp,68327_Urban_Nomenclature_202606.zip,0.04
68327,\shp,68327_Urban_Nomenclature_Road_202606.zip,0.0
68327,\shp,68327_Urban_Perimeter_202606.zip,0.01
68327,\shp,68327_Urban_Sector_202606.zip,0.01
68344,\shp,68344_OSM_Road_202608.zip,0.06
68344,\shp,68344_R1_202607.zip,0.02
68344,\shp,68344_R2_202607.zip,0.03
68344,\shp,68344_Rural_Lot_202606.zip,0.51
68344,\shp,68344_Rural_Nomenclature_202606.zip,0.0
68344,\shp,68344_Rural_Sector_202606.zip,0.07
68344,\shp,68344_Rural_Vereda_202606.zip,0.07
68344,\shp,68344_Urban_Block_202606.zip,0.01
68344,\shp,68344_Urban_Building_202606.zip,0.03
68344,\shp,68344_Urban_Lot_202606.zip,0.03
68344,\shp,68344_Urban_Neighborhood_202606.zip,0.0
68344,\shp,68344_Urban_Nomenclature_202606.zip,0.01
68344,\shp,68344_Urban_Nomenclature_Road_202606.zip,0.01
68344,\shp,68344_Urban_Perimeter_202606.zip,0.0
68344,\shp,68344_Urban_Sector_202606.zip,0.0
68368,\shp,68368_OSM_Road_202608.zip,0.1
68368,\shp,68368_R1_202607.zip,0.03
68368,\shp,68368_R2_202607.zip,0.02
68368,\shp,68368_Rural_Lot_202606.zip,1.05
68368,\shp,68368_Rural_Nomenclature_202606.zip,0.0
68368,\shp,68368_Rural_Sector_202606.zip,0.06
68368,\shp,68368_Rural_Vereda_202606.zip,0.11
68368,\shp,68368_Urban_Block_202606.zip,0.01
68368,\shp,68368_Urban_Building_202606.zip,0.03
68368,\shp,68368_Urban_Lot_202606.zip,0.03
68368,\shp,68368_Urban_Nomenclature_202606.zip,0.01
68368,\shp,68368_Urban_Nomenclature_Road_202606.zip,0.0
68368,\shp,68368_Urban_Perimeter_202606.zip,0.01
68368,\shp,68368_Urban_Sector_202606.zip,0.01
68370,\shp,68370_OSM_Road_202608.zip,0.03
68370,\shp,68370_R1_202607.zip,0.01
68370,\shp,68370_R2_202607.zip,0.01
68370,\shp,68370_Rural_Lot_202606.zip,0.15
68370,\shp,68370_Rural_Nomenclature_202606.zip,0.0
68370,\shp,68370_Rural_Sector_202606.zip,0.03
68370,\shp,68370_Rural_Vereda_202606.zip,0.05
68370,\shp,68370_Urban_Block_202606.zip,0.01
68370,\shp,68370_Urban_Building_202606.zip,0.01
68370,\shp,68370_Urban_Lot_202606.zip,0.01
68370,\shp,68370_Urban_Nomenclature_202606.zip,0.0
68370,\shp,68370_Urban_Nomenclature_Road_202606.zip,0.0
68370,\shp,68370_Urban_Perimeter_202606.zip,0.0
68370,\shp,68370_Urban_Sector_202606.zip,0.0
68377,\shp,68377_OSM_Road_202608.zip,0.11
68377,\shp,68377_R1_202607.zip,0.05
68377,\shp,68377_R2_202607.zip,0.05
68377,\shp,68377_Rural_Lot_202606.zip,1.16
68377,\shp,68377_Rural_Nomenclature_202606.zip,0.0
68377,\shp,68377_Rural_Sector_202606.zip,0.06
68377,\shp,68377_Rural_Vereda_202606.zip,0.17
68377,\shp,68377_Urban_Block_202606.zip,0.03
68377,\shp,68377_Urban_Building_202606.zip,0.06
68377,\shp,68377_Urban_Lot_202606.zip,0.08
68377,\shp,68377_Urban_Nomenclature_202606.zip,0.04
68377,\shp,68377_Urban_Nomenclature_Road_202606.zip,0.01
68377,\shp,68377_Urban_Perimeter_202606.zip,0.01
68377,\shp,68377_Urban_Sector_202606.zip,0.01
68385,\shp,68385_OSM_Road_202608.zip,0.18
68385,\shp,68385_R1_202607.zip,0.07
68385,\shp,68385_R2_202607.zip,0.07
68385,\shp,68385_Rural_Building_202606.zip,0.0
68385,\shp,68385_Rural_Lot_202606.zip,0.93
68385,\shp,68385_Rural_Nomenclature_202606.zip,0.0
68385,\shp,68385_Rural_Sector_202606.zip,0.09
68385,\shp,68385_Rural_Vereda_202606.zip,0.21
68385,\shp,68385_Urban_Block_202606.zip,0.09
68385,\shp,68385_Urban_Building_202606.zip,0.21
68385,\shp,68385_Urban_Lot_202606.zip,0.2
68385,\shp,68385_Urban_Nomenclature_202606.zip,0.03
68385,\shp,68385_Urban_Nomenclature_Road_202606.zip,0.02
68385,\shp,68385_Urban_Perimeter_202606.zip,0.02
68385,\shp,68385_Urban_Sector_202606.zip,0.02
68397,\shp,68397_OSM_Road_202608.zip,0.17
68397,\shp,68397_R1_202607.zip,0.06
68397,\shp,68397_R2_202607.zip,0.06
68397,\shp,68397_Rural_Building_202606.zip,0.01
68397,\shp,68397_Rural_Lot_202606.zip,1.37
68397,\shp,68397_Rural_Nomenclature_202606.zip,0.0
68397,\shp,68397_Rural_Sector_202606.zip,0.11
68397,\shp,68397_Rural_Vereda_202606.zip,0.27
68397,\shp,68397_Urban_Block_202606.zip,0.02
68397,\shp,68397_Urban_Building_202606.zip,0.06
68397,\shp,68397_Urban_Lot_202606.zip,0.06
68397,\shp,68397_Urban_Nomenclature_202606.zip,0.03
68397,\shp,68397_Urban_Nomenclature_Road_202606.zip,0.01
68397,\shp,68397_Urban_Perimeter_202606.zip,0.01
68397,\shp,68397_Urban_Sector_202606.zip,0.01
68406,\shp,68406_OSM_Road_202608.zip,0.76
68406,\shp,68406_R1_202607.zip,0.2
68406,\shp,68406_R2_202607.zip,0.23
68406,\shp,68406_Rural_Building_202606.zip,0.17
68406,\shp,68406_Rural_Lot_202606.zip,4.04
68406,\shp,68406_Rural_Nomenclature_202606.zip,0.06
68406,\shp,68406_Rural_Sector_202606.zip,0.17
68406,\shp,68406_Rural_Vereda_202606.zip,0.54
68406,\shp,68406_Urban_Block_202606.zip,0.23
68406,\shp,68406_Urban_Building_202606.zip,0.67
68406,\shp,68406_Urban_Lot_202606.zip,0.72
68406,\shp,68406_Urban_Nomenclature_202606.zip,0.23
68406,\shp,68406_Urban_Nomenclature_Road_202606.zip,0.05
68406,\shp,68406_Urban_Perimeter_202606.zip,0.02
68406,\shp,68406_Urban_Sector_202606.zip,0.02
68418,\shp,68418_OSM_Road_202608.zip,0.32
68418,\shp,68418_R1_202607.zip,0.14
68418,\shp,68418_R2_202607.zip,0.15
68418,\shp,68418_Rural_Building_202606.zip,0.28
68418,\shp,68418_Rural_Lot_202606.zip,2.39
68418,\shp,68418_Rural_Nomenclature_202606.zip,0.05
68418,\shp,68418_Rural_Sector_202606.zip,0.14
68418,\shp,68418_Rural_Vereda_202606.zip,0.26
68418,\shp,68418_Urban_Block_202606.zip,0.02
68418,\shp,68418_Urban_Building_202606.zip,0.05
68418,\shp,68418_Urban_Lot_202606.zip,0.06
68418,\shp,68418_Urban_Nomenclature_202606.zip,0.02
68418,\shp,68418_Urban_Nomenclature_Road_202606.zip,0.01
68418,\shp,68418_Urban_Perimeter_202606.zip,0.0
68418,\shp,68418_Urban_Sector_202606.zip,0.0
68425,\shp,68425_OSM_Road_202608.zip,0.08
68425,\shp,68425_R1_202607.zip,0.03
68425,\shp,68425_R2_202607.zip,0.03
68425,\shp,68425_Rural_Lot_202606.zip,0.79
68425,\shp,68425_Rural_Sector_202606.zip,0.03
68425,\shp,68425_Rural_Vereda_202606.zip,0.07
68425,\shp,68425_Urban_Block_202606.zip,0.01
68425,\shp,68425_Urban_Building_202606.zip,0.02
68425,\shp,68425_Urban_Lot_202606.zip,0.02
68425,\shp,68425_Urban_Nomenclature_202606.zip,0.0
68425,\shp,68425_Urban_Nomenclature_Road_202606.zip,0.0
68425,\shp,68425_Urban_Perimeter_202606.zip,0.0
68425,\shp,68425_Urban_Sector_202606.zip,0.0
68432,\shp,68432_OSM_Road_202608.zip,0.07
68432,\shp,68432_Urban_Lot_202606.zip,0.71
68444,\shp,68444_OSM_Road_202608.zip,0.16
68444,\shp,68444_R1_202607.zip,0.04
68444,\shp,68444_R2_202607.zip,0.04
68444,\shp,68444_Rural_Building_202606.zip,0.0
68444,\shp,68444_Rural_Lot_202606.zip,1.01
68444,\shp,68444_Rural_Nomenclature_202606.zip,0.01
68444,\shp,68444_Rural_Sector_202606.zip,0.05
68444,\shp,68444_Rural_Vereda_202606.zip,0.15
68444,\shp,68444_Urban_Block_202606.zip,0.03
68444,\shp,68444_Urban_Building_202606.zip,0.07
68444,\shp,68444_Urban_Lot_202606.zip,0.08
68444,\shp,68444_Urban_Nomenclature_202606.zip,0.02
68444,\shp,68444_Urban_Nomenclature_Road_202606.zip,0.01
68444,\shp,68444_Urban_Perimeter_202606.zip,0.01
68444,\shp,68444_Urban_Sector_202606.zip,0.01
68464,\shp,68464_OSM_Road_202608.zip,0.17
68464,\shp,68464_R1_202607.zip,0.09
68464,\shp,68464_R2_202607.zip,0.1
68464,\shp,68464_Rural_Building_202606.zip,0.0
68464,\shp,68464_Rural_Lot_202606.zip,1.68
68464,\shp,68464_Rural_Nomenclature_202606.zip,0.0
68464,\shp,68464_Rural_Sector_202606.zip,0.07
68464,\shp,68464_Rural_Vereda_202606.zip,0.24
68464,\shp,68464_Urban_Block_202606.zip,0.08
68464,\shp,68464_Urban_Building_202606.zip,0.21
68464,\shp,68464_Urban_Lot_202606.zip,0.21
68464,\shp,68464_Urban_Nomenclature_202606.zip,0.09
68464,\shp,68464_Urban_Nomenclature_Road_202606.zip,0.01
68464,\shp,68464_Urban_Perimeter_202606.zip,0.02
68464,\shp,68464_Urban_Sector_202606.zip,0.02
68468,\shp,68468_OSM_Road_202608.zip,0.11
68468,\shp,68468_R1_202607.zip,0.05
68468,\shp,68468_R2_202607.zip,0.05
68468,\shp,68468_Rural_Building_202606.zip,0.0
68468,\shp,68468_Rural_Lot_202606.zip,1.35
68468,\shp,68468_Rural_Sector_202606.zip,0.07
68468,\shp,68468_Rural_Vereda_202606.zip,0.28
68468,\shp,68468_Urban_Block_202606.zip,0.02
68468,\shp,68468_Urban_Building_202606.zip,0.04
68468,\shp,68468_Urban_Lot_202606.zip,0.04
68468,\shp,68468_Urban_Nomenclature_202606.zip,0.02
68468,\shp,68468_Urban_Nomenclature_Road_202606.zip,0.01
68468,\shp,68468_Urban_Perimeter_202606.zip,0.0
68468,\shp,68468_Urban_Sector_202606.zip,0.0
68498,\shp,68498_OSM_Road_202608.zip,0.06
68498,\shp,68498_R1_202607.zip,0.04
68498,\shp,68498_R2_202607.zip,0.04
68498,\shp,68498_Rural_Lot_202606.zip,0.62
68498,\shp,68498_Rural_Nomenclature_202606.zip,0.0
68498,\shp,68498_Rural_Sector_202606.zip,0.02
68498,\shp,68498_Rural_Vereda_202606.zip,0.08
68498,\shp,68498_Urban_Block_202606.zip,0.02
68498,\shp,68498_Urban_Building_202606.zip,0.04
68498,\shp,68498_Urban_Lot_202606.zip,0.04
68498,\shp,68498_Urban_Nomenclature_202606.zip,0.02
68498,\shp,68498_Urban_Nomenclature_Road_202606.zip,0.0
68498,\shp,68498_Urban_Perimeter_202606.zip,0.0
68498,\shp,68498_Urban_Sector_202606.zip,0.0
68500,\shp,68500_OSM_Road_202608.zip,0.26
68500,\shp,68500_R1_202607.zip,0.07
68500,\shp,68500_R2_202607.zip,0.08
68500,\shp,68500_Rural_Lot_202606.zip,1.25
68500,\shp,68500_Rural_Nomenclature_202606.zip,0.01
68500,\shp,68500_Rural_Sector_202606.zip,0.07
68500,\shp,68500_Rural_Vereda_202606.zip,0.22
68500,\shp,68500_Urban_Block_202606.zip,0.08
68500,\shp,68500_Urban_Building_202606.zip,0.18
68500,\shp,68500_Urban_Lot_202606.zip,0.22
68500,\shp,68500_Urban_Nomenclature_202606.zip,0.08
68500,\shp,68500_Urban_Nomenclature_Road_202606.zip,0.02
68500,\shp,68500_Urban_Perimeter_202606.zip,0.01
68500,\shp,68500_Urban_Sector_202606.zip,0.01
68502,\shp,68502_OSM_Road_202608.zip,0.13
68502,\shp,68502_R1_202607.zip,0.06
68502,\shp,68502_R2_202607.zip,0.08
68502,\shp,68502_Rural_Building_202606.zip,0.01
68502,\shp,68502_Rural_Lot_202606.zip,1.8
68502,\shp,68502_Rural_Nomenclature_202606.zip,0.0
68502,\shp,68502_Rural_Sector_202606.zip,0.07
68502,\shp,68502_Rural_Vereda_202606.zip,0.18
68502,\shp,68502_Urban_Block_202606.zip,0.04
68502,\shp,68502_Urban_Building_202606.zip,0.11
68502,\shp,68502_Urban_Lot_202606.zip,0.1
68502,\shp,68502_Urban_Nomenclature_202606.zip,0.04
68502,\shp,68502_Urban_Nomenclature_Road_202606.zip,0.01
68502,\shp,68502_Urban_Perimeter_202606.zip,0.01
68502,\shp,68502_Urban_Sector_202606.zip,0.01
68522,\shp,68522_OSM_Road_202608.zip,0.02
68522,\shp,68522_R1_202607.zip,0.01
68522,\shp,68522_R2_202607.zip,0.01
68522,\shp,68522_Rural_Building_202606.zip,0.0
68522,\shp,68522_Rural_Lot_202606.zip,0.16
68522,\shp,68522_Rural_Nomenclature_202606.zip,0.0
68522,\shp,68522_Rural_Sector_202606.zip,0.02
68522,\shp,68522_Rural_Vereda_202606.zip,0.02
68522,\shp,68522_Urban_Block_202606.zip,0.01
68522,\shp,68522_Urban_Building_202606.zip,0.02
68522,\shp,68522_Urban_Lot_202606.zip,0.02
68522,\shp,68522_Urban_Neighborhood_202606.zip,0.0
68522,\shp,68522_Urban_Nomenclature_202606.zip,0.01
68522,\shp,68522_Urban_Nomenclature_Road_202606.zip,0.0
68522,\shp,68522_Urban_Perimeter_202606.zip,0.0
68522,\shp,68522_Urban_Sector_202606.zip,0.0
68524,\shp,68524_OSM_Road_202608.zip,0.07
68524,\shp,68524_R1_202607.zip,0.02
68524,\shp,68524_R2_202607.zip,0.03
68524,\shp,68524_Rural_Lot_202606.zip,0.27
68524,\shp,68524_Rural_Nomenclature_202606.zip,0.0
68524,\shp,68524_Rural_Sector_202606.zip,0.03
68524,\shp,68524_Rural_Vereda_202606.zip,0.05
68524,\shp,68524_Urban_Block_202606.zip,0.02
68524,\shp,68524_Urban_Building_202606.zip,0.03
68524,\shp,68524_Urban_Lot_202606.zip,0.04
68524,\shp,68524_Urban_Nomenclature_202606.zip,0.02
68524,\shp,68524_Urban_Nomenclature_Road_202606.zip,0.01
68524,\shp,68524_Urban_Perimeter_202606.zip,0.0
68524,\shp,68524_Urban_Sector_202606.zip,0.0
68533,\shp,68533_OSM_Road_202608.zip,0.09
68533,\shp,68533_R1_202607.zip,0.03
68533,\shp,68533_R2_202607.zip,0.03
68533,\shp,68533_Rural_Building_202606.zip,0.0
68533,\shp,68533_Rural_Lot_202606.zip,0.46
68533,\shp,68533_Rural_Nomenclature_202606.zip,0.01
68533,\shp,68533_Rural_Sector_202606.zip,0.03
68533,\shp,68533_Rural_Vereda_202606.zip,0.08
68533,\shp,68533_Urban_Block_202606.zip,0.02
68533,\shp,68533_Urban_Building_202606.zip,0.04
68533,\shp,68533_Urban_Lot_202606.zip,0.06
68533,\shp,68533_Urban_Nomenclature_202606.zip,0.02
68533,\shp,68533_Urban_Nomenclature_Road_202606.zip,0.01
68533,\shp,68533_Urban_Perimeter_202606.zip,0.0
68533,\shp,68533_Urban_Sector_202606.zip,0.0
68547,\shp,68547_OSM_Road_202608.zip,0.82
68547,\shp,68547_Rural_Lot_202001.zip,3.58
68547,\shp,68547_Urban_Lot_202001.zip,3.67
68549,\shp,68549_OSM_Road_202608.zip,0.09
68549,\shp,68549_R1_202607.zip,0.04
68549,\shp,68549_R2_202607.zip,0.04
68549,\shp,68549_Rural_Building_202606.zip,0.0
68549,\shp,68549_Rural_Lot_202606.zip,0.43
68549,\shp,68549_Rural_Nomenclature_202606.zip,0.02
68549,\shp,68549_Rural_Sector_202606.zip,0.03
68549,\shp,68549_Rural_Vereda_202606.zip,0.06
68549,\shp,68549_Urban_Block_202606.zip,0.03
68549,\shp,68549_Urban_Building_202606.zip,0.05
68549,\shp,68549_Urban_Lot_202606.zip,0.08
68549,\shp,68549_Urban_Nomenclature_202606.zip,0.05
68549,\shp,68549_Urban_Nomenclature_Road_202606.zip,0.01
68549,\shp,68549_Urban_Perimeter_202606.zip,0.0
68549,\shp,68549_Urban_Sector_202606.zip,0.0
68572,\shp,68572_OSM_Road_202608.zip,0.33
68572,\shp,68572_R1_202607.zip,0.13
68572,\shp,68572_R2_202607.zip,0.13
68572,\shp,68572_Rural_Building_202606.zip,0.02
68572,\shp,68572_Rural_Lot_202606.zip,1.83
68572,\shp,68572_Rural_Nomenclature_202606.zip,0.02
68572,\shp,68572_Rural_Sector_202606.zip,0.04
68572,\shp,68572_Rural_Vereda_202606.zip,0.15
68572,\shp,68572_Urban_Block_202606.zip,0.09
68572,\shp,68572_Urban_Building_202606.zip,0.23
68572,\shp,68572_Urban_Lot_202606.zip,0.24
68572,\shp,68572_Urban_Nomenclature_202606.zip,0.11
68572,\shp,68572_Urban_Nomenclature_Road_202606.zip,0.02
68572,\shp,68572_Urban_Perimeter_202606.zip,0.01
68572,\shp,68572_Urban_Sector_202606.zip,0.0
68573,\shp,68573_OSM_Road_202608.zip,0.12
68573,\shp,68573_R1_202607.zip,0.04
68573,\shp,68573_R2_202607.zip,0.05
68573,\shp,68573_Rural_Lot_202606.zip,0.6
68573,\shp,68573_Rural_Nomenclature_202606.zip,0.06
68573,\shp,68573_Rural_Sector_202606.zip,0.08
68573,\shp,68573_Rural_Vereda_202606.zip,0.23
68573,\shp,68573_Urban_Block_202606.zip,0.06
68573,\shp,68573_Urban_Building_202606.zip,0.11
68573,\shp,68573_Urban_Lot_202606.zip,0.13
68573,\shp,68573_Urban_Nomenclature_202606.zip,0.06
68573,\shp,68573_Urban_Nomenclature_Road_202606.zip,0.01
68573,\shp,68573_Urban_Perimeter_202606.zip,0.01
68573,\shp,68573_Urban_Sector_202606.zip,0.01
68575,\shp,68575_OSM_Road_202608.zip,0.2
68575,\shp,68575_R1_202607.zip,0.17
68575,\shp,68575_R2_202607.zip,0.16
68575,\shp,68575_Rural_Building_202606.zip,0.0
68575,\shp,68575_Rural_Lot_202606.zip,1.03
68575,\shp,68575_Rural_Nomenclature_202606.zip,0.0
68575,\shp,68575_Rural_Sector_202606.zip,0.16
68575,\shp,68575_Rural_Vereda_202606.zip,0.45
68575,\shp,68575_Urban_Block_202606.zip,0.29
68575,\shp,68575_Urban_Building_202606.zip,0.68
68575,\shp,68575_Urban_Lot_202606.zip,0.71
68575,\shp,68575_Urban_Neighborhood_202606.zip,0.02
68575,\shp,68575_Urban_Nomenclature_202606.zip,0.13
68575,\shp,68575_Urban_Nomenclature_Road_202606.zip,0.04
68575,\shp,68575_Urban_Perimeter_202606.zip,0.03
68575,\shp,68575_Urban_Sector_202606.zip,0.03
68615,\shp,68615_OSM_Road_202608.zip,0.67
68615,\shp,68615_R1_202607.zip,0.16
68615,\shp,68615_R2_202607.zip,0.18
68615,\shp,68615_Rural_Building_202606.zip,0.02
68615,\shp,68615_Rural_Lot_202606.zip,3.42
68615,\shp,68615_Rural_Nomenclature_202606.zip,0.04
68615,\shp,68615_Rural_Sector_202606.zip,0.18
68615,\shp,68615_Rural_Vereda_202606.zip,0.49
68615,\shp,68615_Urban_Block_202606.zip,0.15
68615,\shp,68615_Urban_Building_202606.zip,0.36
68615,\shp,68615_Urban_Lot_202606.zip,0.38
68615,\shp,68615_Urban_Nomenclature_202606.zip,0.16
68615,\shp,68615_Urban_Nomenclature_Road_202606.zip,0.03
68615,\shp,68615_Urban_Perimeter_202606.zip,0.02
68615,\shp,68615_Urban_Sector_202606.zip,0.02
68655,\shp,68655_OSM_Road_202608.zip,0.41
68655,\shp,68655_R1_202607.zip,0.15
68655,\shp,68655_R2_202607.zip,0.15
68655,\shp,68655_Rural_Building_202606.zip,0.0
68655,\shp,68655_Rural_Lot_202606.zip,1.35
68655,\shp,68655_Rural_Nomenclature_202606.zip,0.01
68655,\shp,68655_Rural_Sector_202606.zip,0.11
68655,\shp,68655_Rural_Vereda_202606.zip,0.24
68655,\shp,68655_Urban_Block_202606.zip,0.21
68655,\shp,68655_Urban_Building_202606.zip,0.59
68655,\shp,68655_Urban_Lot_202606.zip,0.61
68655,\shp,68655_Urban_Neighborhood_202606.zip,0.0
68655,\shp,68655_Urban_Nomenclature_202606.zip,0.17
68655,\shp,68655_Urban_Nomenclature_Road_202606.zip,0.05
68655,\shp,68655_Urban_Perimeter_202606.zip,0.02
68655,\shp,68655_Urban_Sector_202606.zip,0.02
68669,\shp,68669_OSM_Road_202608.zip,0.1
68669,\shp,68669_R1_202607.zip,0.1
68669,\shp,68669_R2_202607.zip,0.12
68669,\shp,68669_Rural_Lot_202606.zip,1.53
68669,\shp,68669_Rural_Nomenclature_202606.zip,0.0
68669,\shp,68669_Rural_Sector_202606.zip,0.07
68669,\shp,68669_Rural_Vereda_202606.zip,0.17
68669,\shp,68669_Urban_Block_202606.zip,0.06
68669,\shp,68669_Urban_Building_202606.zip,0.19
68669,\shp,68669_Urban_Lot_202606.zip,0.15
68669,\shp,68669_Urban_Nomenclature_202606.zip,0.09
68669,\shp,68669_Urban_Nomenclature_Road_202606.zip,0.02
68669,\shp,68669_Urban_Perimeter_202606.zip,0.01
68669,\shp,68669_Urban_Sector_202606.zip,0.01
68673,\shp,68673_OSM_Road_202608.zip,0.09
68673,\shp,68673_R1_202607.zip,0.02
68673,\shp,68673_R2_202607.zip,0.03
68673,\shp,68673_Rural_Building_202606.zip,0.1
68673,\shp,68673_Rural_Lot_202606.zip,0.75
68673,\shp,68673_Rural_Nomenclature_202606.zip,0.1
68673,\shp,68673_Rural_Sector_202606.zip,0.04
68673,\shp,68673_Rural_Vereda_202606.zip,0.08
68673,\shp,68673_Urban_Block_202606.zip,0.01
68673,\shp,68673_Urban_Building_202606.zip,0.02
68673,\shp,68673_Urban_Lot_202606.zip,0.02
68673,\shp,68673_Urban_Nomenclature_202606.zip,0.01
68673,\shp,68673_Urban_Perimeter_202606.zip,0.01
68673,\shp,68673_Urban_Sector_202606.zip,0.01
68679,\shp,68679_OSM_Road_202608.zip,0.3
68679,\shp,68679_R1_202607.zip,0.45
68679,\shp,68679_R2_202607.zip,0.38
68679,\shp,68679_Rural_Building_202606.zip,0.0
68679,\shp,68679_Rural_Lot_202606.zip,1.62
68679,\shp,68679_Rural_Nomenclature_202606.zip,0.01
68679,\shp,68679_Rural_Nomenclature_Road_202606.zip,0.0
68679,\shp,68679_Rural_Sector_202606.zip,0.1
68679,\shp,68679_Rural_Vereda_202606.zip,0.23
68679,\shp,68679_Urban_Block_202606.zip,0.67
68679,\shp,68679_Urban_Building_202606.zip,1.69
68679,\shp,68679_Urban_Lot_202606.zip,2.16
68679,\shp,68679_Urban_Nomenclature_202606.zip,0.85
68679,\shp,68679_Urban_Nomenclature_Road_202606.zip,0.13
68679,\shp,68679_Urban_Perimeter_202606.zip,0.03
68679,\shp,68679_Urban_Sector_202606.zip,0.03
68682,\shp,68682_OSM_Road_202608.zip,0.04
68682,\shp,68682_R1_202607.zip,0.03
68682,\shp,68682_R2_202607.zip,0.03
68682,\shp,68682_Rural_Building_202606.zip,0.0
68682,\shp,68682_Rural_Lot_202606.zip,0.69
68682,\shp,68682_Rural_Nomenclature_202606.zip,0.0
68682,\shp,68682_Rural_Sector_202606.zip,0.03
68682,\shp,68682_Rural_Vereda_202606.zip,0.1
68682,\shp,68682_Urban_Block_202606.zip,0.02
68682,\shp,68682_Urban_Building_202606.zip,0.05
68682,\shp,68682_Urban_Lot_202606.zip,0.05
68682,\shp,68682_Urban_Neighborhood_202606.zip,0.0
68682,\shp,68682_Urban_Nomenclature_202606.zip,0.03
68682,\shp,68682_Urban_Nomenclature_Road_202606.zip,0.01
68682,\shp,68682_Urban_Perimeter_202606.zip,0.0
68682,\shp,68682_Urban_Sector_202606.zip,0.0
68684,\shp,68684_OSM_Road_202608.zip,0.07
68684,\shp,68684_R1_202607.zip,0.04
68684,\shp,68684_R2_202607.zip,0.04
68684,\shp,68684_Rural_Building_202606.zip,0.01
68684,\shp,68684_Rural_Lot_202606.zip,0.69
68684,\shp,68684_Rural_Nomenclature_202606.zip,0.01
68684,\shp,68684_Rural_Sector_202606.zip,0.03
68684,\shp,68684_Rural_Vereda_202606.zip,0.09
68684,\shp,68684_Urban_Block_202606.zip,0.02
68684,\shp,68684_Urban_Building_202606.zip,0.04
68684,\shp,68684_Urban_Lot_202606.zip,0.04
68684,\shp,68684_Urban_Nomenclature_202606.zip,0.03
68684,\shp,68684_Urban_Nomenclature_Road_202606.zip,0.01
68684,\shp,68684_Urban_Perimeter_202606.zip,0.0
68684,\shp,68684_Urban_Sector_202606.zip,0.0
68686,\shp,68686_OSM_Road_202608.zip,0.04
68686,\shp,68686_R1_202607.zip,0.02
68686,\shp,68686_R2_202607.zip,0.03
68686,\shp,68686_Rural_Lot_202606.zip,0.4
68686,\shp,68686_Rural_Nomenclature_202606.zip,0.0
68686,\shp,68686_Rural_Sector_202606.zip,0.02
68686,\shp,68686_Rural_Vereda_202606.zip,0.05
68686,\shp,68686_Urban_Block_202606.zip,0.01
68686,\shp,68686_Urban_Building_202606.zip,0.02
68686,\shp,68686_Urban_Lot_202606.zip,0.02
68686,\shp,68686_Urban_Nomenclature_202606.zip,0.01
68686,\shp,68686_Urban_Nomenclature_Road_202606.zip,0.0
68686,\shp,68686_Urban_Perimeter_202606.zip,0.0
68686,\shp,68686_Urban_Sector_202606.zip,0.0
68689,\shp,68689_OSM_Road_202608.zip,0.44
68689,\shp,68689_R1_202607.zip,0.15
68689,\shp,68689_R2_202607.zip,0.35
68689,\shp,68689_Rural_Building_202606.zip,0.67
68689,\shp,68689_Rural_Lot_202606.zip,4.16
68689,\shp,68689_Rural_Sector_202606.zip,0.4
68689,\shp,68689_Rural_Vereda_202606.zip,0.92
68689,\shp,68689_Urban_Block_202606.zip,0.08
68689,\shp,68689_Urban_Building_202606.zip,0.22
68689,\shp,68689_Urban_Lot_202606.zip,0.22
68689,\shp,68689_Urban_Nomenclature_202606.zip,0.05
68689,\shp,68689_Urban_Nomenclature_Road_202606.zip,0.01
68689,\shp,68689_Urban_Perimeter_202606.zip,0.01
68689,\shp,68689_Urban_Sector_202606.zip,0.01
68705,\shp,68705_OSM_Road_202608.zip,0.09
68705,\shp,68705_R1_202607.zip,0.02
68705,\shp,68705_R2_202607.zip,0.02
68705,\shp,68705_Rural_Building_202606.zip,0.0
68705,\shp,68705_Rural_Lot_202606.zip,0.57
68705,\shp,68705_Rural_Nomenclature_202606.zip,0.0
68705,\shp,68705_Rural_Sector_202606.zip,0.06
68705,\shp,68705_Rural_Vereda_202606.zip,0.1
68705,\shp,68705_Urban_Block_202606.zip,0.01
68705,\shp,68705_Urban_Building_202606.zip,0.02
68705,\shp,68705_Urban_Lot_202606.zip,0.02
68705,\shp,68705_Urban_Nomenclature_202606.zip,0.01
68705,\shp,68705_Urban_Nomenclature_Road_202606.zip,0.0
68705,\shp,68705_Urban_Perimeter_202606.zip,0.0
68705,\shp,68705_Urban_Sector_202606.zip,0.0
68720,\shp,68720_OSM_Road_202608.zip,0.12
68720,\shp,68720_R1_202607.zip,0.03
68720,\shp,68720_R2_202607.zip,0.03
68720,\shp,68720_Rural_Building_202606.zip,0.0
68720,\shp,68720_Rural_Lot_202606.zip,0.47
68720,\shp,68720_Rural_Sector_202606.zip,0.04
68720,\shp,68720_Rural_Vereda_202606.zip,0.11
68720,\shp,68720_Urban_Block_202606.zip,0.05
68720,\shp,68720_Urban_Building_202606.zip,0.07
68720,\shp,68720_Urban_Lot_202606.zip,0.09
68720,\shp,68720_Urban_Nomenclature_202606.zip,0.05
68720,\shp,68720_Urban_Nomenclature_Road_202606.zip,0.01
68720,\shp,68720_Urban_Perimeter_202606.zip,0.01
68720,\shp,68720_Urban_Sector_202606.zip,0.01
68745,\shp,68745_OSM_Road_202608.zip,0.27
68745,\shp,68745_R1_202607.zip,0.06
68745,\shp,68745_R2_202607.zip,0.06
68745,\shp,68745_Rural_Building_202606.zip,0.01
68745,\shp,68745_Rural_Lot_202606.zip,1.24
68745,\shp,68745_Rural_Nomenclature_202606.zip,0.0
68745,\shp,68745_Rural_Sector_202606.zip,0.09
68745,\shp,68745_Rural_Vereda_202606.zip,0.22
68745,\shp,68745_Urban_Block_202606.zip,0.04
68745,\shp,68745_Urban_Building_202606.zip,0.19
68745,\shp,68745_Urban_Lot_202606.zip,0.17
68745,\shp,68745_Urban_Nomenclature_202606.zip,0.04
68745,\shp,68745_Urban_Perimeter_202606.zip,0.01
68745,\shp,68745_Urban_Sector_202606.zip,0.01
68755,\shp,68755_OSM_Road_202608.zip,0.19
68755,\shp,68755_R1_202607.zip,0.2
68755,\shp,68755_R2_202607.zip,0.22
68755,\shp,68755_Rural_Building_202606.zip,0.0
68755,\shp,68755_Rural_Lot_202606.zip,1.04
68755,\shp,68755_Rural_Nomenclature_202606.zip,0.01
68755,\shp,68755_Rural_Sector_202606.zip,0.05
68755,\shp,68755_Rural_Vereda_202606.zip,0.17
68755,\shp,68755_Urban_Block_202606.zip,0.11
68755,\shp,68755_Urban_Building_202606.zip,0.25
68755,\shp,68755_Urban_Lot_202606.zip,0.29
68755,\shp,68755_Urban_Nomenclature_202606.zip,0.1
68755,\shp,68755_Urban_Nomenclature_Road_202606.zip,0.02
68755,\shp,68755_Urban_Perimeter_202606.zip,0.01
68755,\shp,68755_Urban_Sector_202606.zip,0.01
68770,\shp,68770_OSM_Road_202608.zip,0.24
68770,\shp,68770_R1_202607.zip,0.07
68770,\shp,68770_R2_202607.zip,0.08
68770,\shp,68770_Rural_Building_202606.zip,0.0
68770,\shp,68770_Rural_Lot_202606.zip,1.06
68770,\shp,68770_Rural_Nomenclature_202606.zip,0.01
68770,\shp,68770_Rural_Sector_202606.zip,0.09
68770,\shp,68770_Rural_Vereda_202606.zip,0.19
68770,\shp,68770_Urban_Block_202606.zip,0.07
68770,\shp,68770_Urban_Building_202606.zip,0.16
68770,\shp,68770_Urban_Lot_202606.zip,0.16
68770,\shp,68770_Urban_Nomenclature_202606.zip,0.09
68770,\shp,68770_Urban_Nomenclature_Road_202606.zip,0.02
68770,\shp,68770_Urban_Perimeter_202606.zip,0.03
68770,\shp,68770_Urban_Sector_202606.zip,0.03
68773,\shp,68773_OSM_Road_202608.zip,0.2
68773,\shp,68773_R1_202607.zip,0.08
68773,\shp,68773_R2_202607.zip,0.08
68773,\shp,68773_Rural_Lot_202606.zip,1.86
68773,\shp,68773_Rural_Nomenclature_202606.zip,0.0
68773,\shp,68773_Rural_Sector_202606.zip,0.37
68773,\shp,68773_Rural_Vereda_202606.zip,0.58
68773,\shp,68773_Urban_Block_202606.zip,0.04
68773,\shp,68773_Urban_Building_202606.zip,0.09
68773,\shp,68773_Urban_Lot_202606.zip,0.08
68773,\shp,68773_Urban_Nomenclature_202606.zip,0.04
68773,\shp,68773_Urban_Nomenclature_Road_202606.zip,0.01
68773,\shp,68773_Urban_Perimeter_202606.zip,0.01
68773,\shp,68773_Urban_Sector_202606.zip,0.01
68780,\shp,68780_OSM_Road_202608.zip,0.11
68780,\shp,68780_R1_202607.zip,0.03
68780,\shp,68780_R2_202607.zip,0.03
68780,\shp,68780_Rural_Building_202606.zip,0.0
68780,\shp,68780_Rural_Lot_202606.zip,1.23
68780,\shp,68780_Rural_Nomenclature_202606.zip,0.0
68780,\shp,68780_Rural_Sector_202606.zip,0.07
68780,\shp,68780_Rural_Vereda_202606.zip,0.16
68780,\shp,68780_Urban_Block_202606.zip,0.03
68780,\shp,68780_Urban_Building_202606.zip,0.07
68780,\shp,68780_Urban_Lot_202606.zip,0.07
68780,\shp,68780_Urban_Nomenclature_202606.zip,0.03
68780,\shp,68780_Urban_Nomenclature_Road_202606.zip,0.01
68780,\shp,68780_Urban_Perimeter_202606.zip,0.01
68780,\shp,68780_Urban_Sector_202606.zip,0.01
68820,\shp,68820_OSM_Road_202608.zip,0.29
68820,\shp,68820_R1_202607.zip,0.06
68820,\shp,68820_R2_202607.zip,0.06
68820,\shp,68820_Rural_Building_202606.zip,0.01
68820,\shp,68820_Rural_Lot_202606.zip,1.57
68820,\shp,68820_Rural_Nomenclature_202606.zip,0.02
68820,\shp,68820_Rural_Sector_202606.zip,0.07
68820,\shp,68820_Rural_Vereda_202606.zip,0.22
68820,\shp,68820_Urban_Block_202606.zip,0.04
68820,\shp,68820_Urban_Building_202606.zip,0.06
68820,\shp,68820_Urban_Lot_202606.zip,0.09
68820,\shp,68820_Urban_Nomenclature_202606.zip,0.01
68820,\shp,68820_Urban_Nomenclature_Road_202606.zip,0.01
68820,\shp,68820_Urban_Perimeter_202606.zip,0.01
68820,\shp,68820_Urban_Sector_202606.zip,0.01
68855,\shp,68855_OSM_Road_202608.zip,0.13
68855,\shp,68855_R1_202607.zip,0.04
68855,\shp,68855_R2_202607.zip,0.04
68855,\shp,68855_Rural_Building_202606.zip,0.0
68855,\shp,68855_Rural_Lot_202606.zip,0.71
68855,\shp,68855_Rural_Nomenclature_202606.zip,0.0
68855,\shp,68855_Rural_Sector_202606.zip,0.04
68855,\shp,68855_Rural_Vereda_202606.zip,0.11
68855,\shp,68855_Urban_Block_202606.zip,0.04
68855,\shp,68855_Urban_Building_202606.zip,0.1
68855,\shp,68855_Urban_Lot_202606.zip,0.1
68855,\shp,68855_Urban_Nomenclature_202606.zip,0.05
68855,\shp,68855_Urban_Nomenclature_Road_202606.zip,0.01
68855,\shp,68855_Urban_Perimeter_202606.zip,0.01
68855,\shp,68855_Urban_Sector_202606.zip,0.01
68861,\shp,68861_OSM_Road_202608.zip,0.32
68861,\shp,68861_R1_202607.zip,0.12
68861,\shp,68861_R2_202607.zip,0.17
68861,\shp,68861_Rural_Building_202606.zip,0.36
68861,\shp,68861_Rural_Lot_202606.zip,2.15
68861,\shp,68861_Rural_Nomenclature_202606.zip,0.35
68861,\shp,68861_Rural_Sector_202606.zip,0.12
68861,\shp,68861_Rural_Vereda_202606.zip,0.31
68861,\shp,68861_Urban_Block_202606.zip,0.1
68861,\shp,68861_Urban_Building_202606.zip,0.39
68861,\shp,68861_Urban_Lot_202606.zip,0.39
68861,\shp,68861_Urban_Neighborhood_202606.zip,0.02
68861,\shp,68861_Urban_Nomenclature_202606.zip,0.11
68861,\shp,68861_Urban_Perimeter_202606.zip,0.02
68861,\shp,68861_Urban_Sector_202606.zip,0.02
68867,\shp,68867_OSM_Road_202608.zip,0.04
68867,\shp,68867_R1_202607.zip,0.01
68867,\shp,68867_R2_202607.zip,0.02
68867,\shp,68867_Rural_Building_202606.zip,0.0
68867,\shp,68867_Rural_Lot_202606.zip,0.34
68867,\shp,68867_Rural_Nomenclature_202606.zip,0.0
68867,\shp,68867_Rural_Sector_202606.zip,0.03
68867,\shp,68867_Rural_Vereda_202606.zip,0.07
68867,\shp,68867_Urban_Block_202606.zip,0.02
68867,\shp,68867_Urban_Building_202606.zip,0.03
68867,\shp,68867_Urban_Lot_202606.zip,0.03
68867,\shp,68867_Urban_Nomenclature_202606.zip,0.01
68867,\shp,68867_Urban_Nomenclature_Road_202606.zip,0.01
68867,\shp,68867_Urban_Perimeter_202606.zip,0.01
68867,\shp,68867_Urban_Sector_202606.zip,0.01
68872,\shp,68872_OSM_Road_202608.zip,0.12
68872,\shp,68872_R1_202607.zip,0.06
68872,\shp,68872_R2_202607.zip,0.06
68872,\shp,68872_Rural_Building_202606.zip,0.0
68872,\shp,68872_Rural_Lot_202606.zip,0.65
68872,\shp,68872_Rural_Nomenclature_202606.zip,0.01
68872,\shp,68872_Rural_Sector_202606.zip,0.04
68872,\shp,68872_Rural_Vereda_202606.zip,0.15
68872,\shp,68872_Urban_Block_202606.zip,0.06
68872,\shp,68872_Urban_Building_202606.zip,0.2
68872,\shp,68872_Urban_Lot_202606.zip,0.21
68872,\shp,68872_Urban_Nomenclature_202606.zip,0.1
68872,\shp,68872_Urban_Nomenclature_Road_202606.zip,0.01
68872,\shp,68872_Urban_Perimeter_202606.zip,0.01
68872,\shp,68872_Urban_Sector_202606.zip,0.01
68895,\shp,68895_OSM_Road_202608.zip,0.23
68895,\shp,68895_R1_202607.zip,0.07
68895,\shp,68895_R2_202607.zip,0.09
68895,\shp,68895_Rural_Building_202606.zip,0.0
68895,\shp,68895_Rural_Lot_202606.zip,0.63
68895,\shp,68895_Rural_Nomenclature_202606.zip,0.0
68895,\shp,68895_Rural_Sector_202606.zip,0.08
68895,\shp,68895_Rural_Vereda_202606.zip,0.13
68895,\shp,68895_Urban_Block_202606.zip,0.14
68895,\shp,68895_Urban_Building_202606.zip,0.39
68895,\shp,68895_Urban_Lot_202606.zip,0.43
68895,\shp,68895_Urban_Nomenclature_202606.zip,0.18
68895,\shp,68895_Urban_Nomenclature_Road_202606.zip,0.04
68895,\shp,68895_Urban_Perimeter_202606.zip,0.02
68895,\shp,68895_Urban_Sector_202606.zip,0.01
70001,\shp,70001_OSM_Road_202608.zip,0.54
70001,\shp,70001_Rural_Lot_202001.zip,0.91
70001,\shp,70001_Urban_Lot_202001.zip,5.79
70110,\shp,70110_OSM_Road_202608.zip,0.03
70110,\shp,70110_R1_202607.zip,0.05
70110,\shp,70110_R2_202607.zip,0.06
70110,\shp,70110_Rural_Building_202606.zip,0.0
70110,\shp,70110_Rural_Lot_202606.zip,0.16
70110,\shp,70110_Rural_Nomenclature_202606.zip,0.01
70110,\shp,70110_Rural_Sector_202606.zip,0.05
70110,\shp,70110_Rural_Vereda_202606.zip,0.06
70110,\shp,70110_Urban_Block_202606.zip,0.1
70110,\shp,70110_Urban_Building_202606.zip,0.28
70110,\shp,70110_Urban_Lot_202606.zip,0.23
70110,\shp,70110_Urban_Neighborhood_202606.zip,0.0
70110,\shp,70110_Urban_Nomenclature_202606.zip,0.11
70110,\shp,70110_Urban_Nomenclature_Road_202606.zip,0.02
70110,\shp,70110_Urban_Perimeter_202606.zip,0.0
70110,\shp,70110_Urban_Sector_202606.zip,0.0
70124,\shp,70124_OSM_Road_202608.zip,0.06
70124,\shp,70124_R1_202607.zip,0.04
70124,\shp,70124_R2_202607.zip,0.05
70124,\shp,70124_Rural_Building_202606.zip,0.18
70124,\shp,70124_Rural_Lot_202606.zip,0.75
70124,\shp,70124_Rural_Nomenclature_202606.zip,0.06
70124,\shp,70124_Rural_Sector_202606.zip,0.15
70124,\shp,70124_Rural_Vereda_202606.zip,0.17
70124,\shp,70124_Urban_Block_202606.zip,0.09
70124,\shp,70124_Urban_Building_202606.zip,0.28
70124,\shp,70124_Urban_Lot_202606.zip,0.21
70124,\shp,70124_Urban_Nomenclature_202606.zip,0.08
70124,\shp,70124_Urban_Perimeter_202606.zip,0.02
70124,\shp,70124_Urban_Sector_202606.zip,0.08
70204,\shp,70204_OSM_Road_202608.zip,0.06
70204,\shp,70204_R1_202607.zip,0.02
70204,\shp,70204_R2_202607.zip,0.04
70204,\shp,70204_Rural_Building_202606.zip,0.1
70204,\shp,70204_Rural_Lot_202606.zip,0.24
70204,\shp,70204_Rural_Nomenclature_202606.zip,0.05
70204,\shp,70204_Rural_Sector_202606.zip,0.11
70204,\shp,70204_Rural_Vereda_202606.zip,0.11
70204,\shp,70204_Urban_Block_202606.zip,0.05
70204,\shp,70204_Urban_Building_202606.zip,0.06
70204,\shp,70204_Urban_Lot_202606.zip,0.09
70204,\shp,70204_Urban_Nomenclature_202606.zip,0.06
70204,\shp,70204_Urban_Nomenclature_Road_202606.zip,0.01
70204,\shp,70204_Urban_Perimeter_202606.zip,0.01
70204,\shp,70204_Urban_Sector_202606.zip,0.01
70215,\shp,70215_OSM_Road_202608.zip,0.21
70215,\shp,70215_R1_202607.zip,0.28
70215,\shp,70215_R2_202607.zip,0.3
70215,\shp,70215_Rural_Building_202606.zip,0.11
70215,\shp,70215_Rural_Lot_202606.zip,0.67
70215,\shp,70215_Rural_Nomenclature_202606.zip,0.07
70215,\shp,70215_Rural_Sector_202606.zip,0.09
70215,\shp,70215_Rural_Vereda_202606.zip,0.1
70215,\shp,70215_Urban_Block_202606.zip,0.54
70215,\shp,70215_Urban_Building_202606.zip,1.61
70215,\shp,70215_Urban_Lot_202606.zip,1.46
70215,\shp,70215_Urban_Neighborhood_202606.zip,0.03
70215,\shp,70215_Urban_Nomenclature_202606.zip,0.69
70215,\shp,70215_Urban_Nomenclature_Road_202606.zip,0.05
70215,\shp,70215_Urban_Perimeter_202606.zip,0.02
70215,\shp,70215_Urban_Sector_202606.zip,0.03
70221,\shp,70221_OSM_Road_202608.zip,0.06
70221,\shp,70221_R1_202607.zip,0.07
70221,\shp,70221_R2_202607.zip,0.1
70221,\shp,70221_Rural_Building_202606.zip,0.06
70221,\shp,70221_Rural_Lot_202606.zip,0.1
70221,\shp,70221_Rural_Nomenclature_202606.zip,0.04
70221,\shp,70221_Rural_Sector_202606.zip,0.02
70221,\shp,70221_Rural_Vereda_202606.zip,0.02
70221,\shp,70221_Urban_Block_202606.zip,0.01
70221,\shp,70221_Urban_Building_202606.zip,0.01
70221,\shp,70221_Urban_Lot_202606.zip,0.02
70221,\shp,70221_Urban_Nomenclature_202606.zip,0.01
70221,\shp,70221_Urban_Nomenclature_Road_202606.zip,0.0
70221,\shp,70221_Urban_Perimeter_202606.zip,0.0
70230,\shp,70230_OSM_Road_202608.zip,0.03
70230,\shp,70230_R1_202607.zip,0.01
70230,\shp,70230_R2_202607.zip,0.01
70230,\shp,70230_Rural_Building_202606.zip,0.04
70230,\shp,70230_Rural_Lot_202606.zip,0.15
70230,\shp,70230_Rural_Nomenclature_202606.zip,0.04
70230,\shp,70230_Rural_Sector_202606.zip,0.03
70230,\shp,70230_Rural_Vereda_202606.zip,0.03
70230,\shp,70230_Urban_Block_202606.zip,0.04
70230,\shp,70230_Urban_Building_202606.zip,0.02
70230,\shp,70230_Urban_Lot_202606.zip,0.08
70230,\shp,70230_Urban_Nomenclature_202606.zip,0.05
70230,\shp,70230_Urban_Perimeter_202606.zip,0.01
70230,\shp,70230_Urban_Sector_202606.zip,0.04
70233,\shp,70233_OSM_Road_202608.zip,0.04
70233,\shp,70233_R1_202607.zip,0.04
70233,\shp,70233_R2_202607.zip,0.04
70233,\shp,70233_Rural_Building_202606.zip,0.01
70233,\shp,70233_Rural_Lot_202606.zip,0.25
70233,\shp,70233_Rural_Nomenclature_202606.zip,0.01
70233,\shp,70233_Rural_Sector_202606.zip,0.11
70233,\shp,70233_Rural_Vereda_202606.zip,0.11
70233,\shp,70233_Urban_Block_202606.zip,0.12
70233,\shp,70233_Urban_Building_202606.zip,0.16
70233,\shp,70233_Urban_Lot_202606.zip,0.23
70233,\shp,70233_Urban_Neighborhood_202606.zip,0.01
70233,\shp,70233_Urban_Nomenclature_202606.zip,0.11
70233,\shp,70233_Urban_Perimeter_202606.zip,0.03
70233,\shp,70233_Urban_Sector_202606.zip,0.01
70235,\shp,70235_OSM_Road_202608.zip,0.07
70235,\shp,70235_R1_202607.zip,0.09
70235,\shp,70235_R2_202607.zip,0.11
70235,\shp,70235_Rural_Building_202606.zip,0.01
70235,\shp,70235_Rural_Lot_202606.zip,0.47
70235,\shp,70235_Rural_Nomenclature_202606.zip,0.03
70235,\shp,70235_Rural_Nomenclature_Road_202606.zip,0.0
70235,\shp,70235_Rural_Sector_202606.zip,0.12
70235,\shp,70235_Rural_Vereda_202606.zip,0.13
70235,\shp,70235_Urban_Block_202606.zip,0.16
70235,\shp,70235_Urban_Building_202606.zip,0.42
70235,\shp,70235_Urban_Lot_202606.zip,0.38
70235,\shp,70235_Urban_Neighborhood_202606.zip,0.0
70235,\shp,70235_Urban_Nomenclature_202606.zip,0.17
70235,\shp,70235_Urban_Nomenclature_Road_202606.zip,0.02
70235,\shp,70235_Urban_Perimeter_202606.zip,0.01
70235,\shp,70235_Urban_Sector_202606.zip,0.0
70265,\shp,70265_OSM_Road_202608.zip,0.04
70265,\shp,70265_R1_202607.zip,0.03
70265,\shp,70265_R2_202607.zip,0.06
70265,\shp,70265_Rural_Building_202606.zip,0.12
70265,\shp,70265_Rural_Lot_202606.zip,2.14
70265,\shp,70265_Rural_Nomenclature_202606.zip,0.0
70265,\shp,70265_Rural_Sector_202606.zip,0.17
70265,\shp,70265_Rural_Vereda_202606.zip,0.51
70265,\shp,70265_Urban_Block_202606.zip,0.09
70265,\shp,70265_Urban_Building_202606.zip,0.11
70265,\shp,70265_Urban_Lot_202606.zip,0.2
70265,\shp,70265_Urban_Nomenclature_202606.zip,0.12
70265,\shp,70265_Urban_Nomenclature_Road_202606.zip,0.02
70265,\shp,70265_Urban_Perimeter_202606.zip,0.01
70400,\shp,70400_OSM_Road_202608.zip,0.1
70400,\shp,70400_R1_202607.zip,0.04
70400,\shp,70400_R2_202607.zip,0.05
70400,\shp,70400_Rural_Building_202606.zip,0.0
70400,\shp,70400_Rural_Lot_202606.zip,0.3
70400,\shp,70400_Rural_Nomenclature_202606.zip,0.01
70400,\shp,70400_Rural_Sector_202606.zip,0.13
70400,\shp,70400_Rural_Vereda_202606.zip,0.13
70400,\shp,70400_Urban_Block_202606.zip,0.08
70400,\shp,70400_Urban_Building_202606.zip,0.15
70400,\shp,70400_Urban_Lot_202606.zip,0.18
70400,\shp,70400_Urban_Nomenclature_202606.zip,0.1
70400,\shp,70400_Urban_Nomenclature_Road_202606.zip,0.01
70400,\shp,70400_Urban_Perimeter_202606.zip,0.01
70418,\shp,70418_OSM_Road_202608.zip,0.18
70418,\shp,70418_R1_202607.zip,0.08
70418,\shp,70418_R2_202607.zip,0.1
70418,\shp,70418_Rural_Building_202606.zip,0.01
70418,\shp,70418_Rural_Lot_202606.zip,0.33
70418,\shp,70418_Rural_Nomenclature_202606.zip,0.03
70418,\shp,70418_Rural_Sector_202606.zip,0.12
70418,\shp,70418_Rural_Vereda_202606.zip,0.12
70418,\shp,70418_Urban_Block_202606.zip,0.17
70418,\shp,70418_Urban_Building_202606.zip,0.34
70418,\shp,70418_Urban_Lot_202606.zip,0.4
70418,\shp,70418_Urban_Neighborhood_202606.zip,0.02
70418,\shp,70418_Urban_Nomenclature_202606.zip,0.22
70418,\shp,70418_Urban_Nomenclature_Road_202606.zip,0.03
70418,\shp,70418_Urban_Perimeter_202606.zip,0.02
70418,\shp,70418_Urban_Sector_202606.zip,0.02
70429,\shp,70429_OSM_Road_202608.zip,0.08
70429,\shp,70429_R1_202607.zip,0.11
70429,\shp,70429_R2_202607.zip,0.15
70429,\shp,70429_Rural_Building_202606.zip,0.06
70429,\shp,70429_Rural_Lot_202606.zip,0.66
70429,\shp,70429_Rural_Nomenclature_202606.zip,0.03
70429,\shp,70429_Rural_Sector_202606.zip,0.16
70429,\shp,70429_Rural_Vereda_202606.zip,0.19
70429,\shp,70429_Urban_Block_202606.zip,0.17
70429,\shp,70429_Urban_Building_202606.zip,0.34
70429,\shp,70429_Urban_Lot_202606.zip,0.37
70429,\shp,70429_Urban_Neighborhood_202606.zip,0.02
70429,\shp,70429_Urban_Nomenclature_202606.zip,0.18
70429,\shp,70429_Urban_Nomenclature_Road_202606.zip,0.03
70429,\shp,70429_Urban_Perimeter_202606.zip,0.02
70429,\shp,70429_Urban_Sector_202606.zip,0.01
70473,\shp,70473_OSM_Road_202608.zip,0.13
70473,\shp,70473_R1_202607.zip,0.07
70473,\shp,70473_R2_202607.zip,0.1
70473,\shp,70473_Rural_Building_202606.zip,0.35
70473,\shp,70473_Rural_Lot_202606.zip,0.63
70473,\shp,70473_Rural_Nomenclature_202606.zip,0.21
70473,\shp,70473_Rural_Sector_202606.zip,0.06
70473,\shp,70473_Rural_Vereda_202606.zip,0.04
70473,\shp,70473_Urban_Block_202606.zip,0.15
70473,\shp,70473_Urban_Building_202606.zip,0.33
70473,\shp,70473_Urban_Lot_202606.zip,0.44
70473,\shp,70473_Urban_Nomenclature_202606.zip,0.2
70473,\shp,70473_Urban_Perimeter_202606.zip,0.01
70508,\shp,70508_OSM_Road_202608.zip,0.16
70508,\shp,70508_R1_202607.zip,0.09
70508,\shp,70508_R2_202607.zip,0.14
70508,\shp,70508_Rural_Building_202606.zip,0.28
70508,\shp,70508_Rural_Lot_202606.zip,0.76
70508,\shp,70508_Rural_Nomenclature_202606.zip,0.11
70508,\shp,70508_Rural_Sector_202606.zip,0.21
70508,\shp,70508_Rural_Vereda_202606.zip,0.24
70508,\shp,70508_Urban_Block_202606.zip,0.26
70508,\shp,70508_Urban_Building_202606.zip,0.64
70508,\shp,70508_Urban_Lot_202606.zip,0.58
70508,\shp,70508_Urban_Nomenclature_202606.zip,0.28
70508,\shp,70508_Urban_Nomenclature_Road_202606.zip,0.08
70508,\shp,70508_Urban_Perimeter_202606.zip,0.04
70508,\shp,70508_Urban_Sector_202606.zip,0.04
70523,\shp,70523_OSM_Road_202608.zip,0.05
70523,\shp,70523_R1_202607.zip,0.02
70523,\shp,70523_R2_202607.zip,0.03
70523,\shp,70523_Rural_Building_202606.zip,0.09
70523,\shp,70523_Rural_Lot_202606.zip,0.27
70523,\shp,70523_Rural_Nomenclature_202606.zip,0.12
70523,\shp,70523_Rural_Sector_202606.zip,0.03
70523,\shp,70523_Rural_Vereda_202606.zip,0.05
70523,\shp,70523_Urban_Block_202606.zip,0.07
70523,\shp,70523_Urban_Building_202606.zip,0.12
70523,\shp,70523_Urban_Lot_202606.zip,0.17
70523,\shp,70523_Urban_Nomenclature_202606.zip,0.12
70523,\shp,70523_Urban_Perimeter_202606.zip,0.01
70523,\shp,70523_Urban_Sector_202606.zip,0.01
70670,\shp,70670_OSM_Road_202608.zip,0.13
70670,\shp,70670_R1_202607.zip,0.14
70670,\shp,70670_R2_202607.zip,0.14
70670,\shp,70670_Rural_Building_202606.zip,0.0
70670,\shp,70670_Rural_Lot_202606.zip,0.76
70670,\shp,70670_Rural_Nomenclature_202606.zip,0.08
70670,\shp,70670_Rural_Sector_202606.zip,0.23
70670,\shp,70670_Rural_Vereda_202606.zip,0.24
70670,\shp,70670_Urban_Block_202606.zip,0.25
70670,\shp,70670_Urban_Building_202606.zip,0.55
70670,\shp,70670_Urban_Lot_202606.zip,0.58
70670,\shp,70670_Urban_Nomenclature_202606.zip,0.28
70670,\shp,70670_Urban_Nomenclature_Road_202606.zip,0.03
70670,\shp,70670_Urban_Perimeter_202606.zip,0.03
70678,\shp,70678_OSM_Road_202608.zip,0.08
70678,\shp,70678_R1_202607.zip,0.08
70678,\shp,70678_R2_202607.zip,0.11
70678,\shp,70678_Rural_Building_202606.zip,0.01
70678,\shp,70678_Rural_Lot_202606.zip,0.89
70678,\shp,70678_Rural_Nomenclature_202606.zip,0.04
70678,\shp,70678_Rural_Sector_202606.zip,0.26
70678,\shp,70678_Rural_Vereda_202606.zip,0.29
70678,\shp,70678_Urban_Block_202606.zip,0.15
70678,\shp,70678_Urban_Building_202606.zip,0.29
70678,\shp,70678_Urban_Lot_202606.zip,0.31
70678,\shp,70678_Urban_Neighborhood_202606.zip,0.01
70678,\shp,70678_Urban_Nomenclature_202606.zip,0.13
70678,\shp,70678_Urban_Nomenclature_Road_202606.zip,0.02
70678,\shp,70678_Urban_Perimeter_202606.zip,0.02
70702,\shp,70702_OSM_Road_202608.zip,0.06
70702,\shp,70702_R1_202607.zip,0.05
70702,\shp,70702_R2_202607.zip,0.08
70702,\shp,70702_Rural_Building_202606.zip,0.19
70702,\shp,70702_Rural_Lot_202606.zip,0.7
70702,\shp,70702_Rural_Nomenclature_202606.zip,0.1
70702,\shp,70702_Rural_Sector_202606.zip,0.18
70702,\shp,70702_Rural_Vereda_202606.zip,0.19
70702,\shp,70702_Urban_Block_202606.zip,0.12
70702,\shp,70702_Urban_Building_202606.zip,0.22
70702,\shp,70702_Urban_Lot_202606.zip,0.24
70702,\shp,70702_Urban_Nomenclature_202606.zip,0.13
70702,\shp,70702_Urban_Nomenclature_Road_202606.zip,0.02
70702,\shp,70702_Urban_Perimeter_202606.zip,0.02
70702,\shp,70702_Urban_Sector_202606.zip,0.02
70708,\shp,70708_OSM_Road_202608.zip,0.15
70708,\shp,70708_R1_202607.zip,0.21
70708,\shp,70708_R2_202607.zip,0.25
70708,\shp,70708_Rural_Building_202606.zip,0.03
70708,\shp,70708_Rural_Lot_202606.zip,0.53
70708,\shp,70708_Rural_Nomenclature_202606.zip,0.02
70708,\shp,70708_Rural_Sector_202606.zip,0.21
70708,\shp,70708_Rural_Vereda_202606.zip,0.23
70708,\shp,70708_Urban_Block_202606.zip,0.35
70708,\shp,70708_Urban_Building_202606.zip,1.1
70708,\shp,70708_Urban_Lot_202606.zip,0.99
70708,\shp,70708_Urban_Neighborhood_202606.zip,0.01
70708,\shp,70708_Urban_Nomenclature_202606.zip,0.48
70708,\shp,70708_Urban_Nomenclature_Road_202606.zip,0.04
70708,\shp,70708_Urban_Perimeter_202606.zip,0.02
70708,\shp,70708_Urban_Sector_202606.zip,0.01
70713,\shp,70713_OSM_Road_202608.zip,0.21
70713,\shp,70713_R1_202607.zip,0.21
70713,\shp,70713_R2_202607.zip,0.25
70713,\shp,70713_Rural_Building_202606.zip,0.02
70713,\shp,70713_Rural_Lot_202606.zip,0.72
70713,\shp,70713_Rural_Nomenclature_202606.zip,0.02
70713,\shp,70713_Rural_Sector_202606.zip,0.07
70713,\shp,70713_Rural_Vereda_202606.zip,0.14
70713,\shp,70713_Urban_Block_202606.zip,0.28
70713,\shp,70713_Urban_Building_202606.zip,0.78
70713,\shp,70713_Urban_Lot_202606.zip,0.63
70713,\shp,70713_Urban_Nomenclature_202606.zip,0.36
70713,\shp,70713_Urban_Nomenclature_Road_202606.zip,0.03
70713,\shp,70713_Urban_Perimeter_202606.zip,0.03
70717,\shp,70717_OSM_Road_202608.zip,0.07
70717,\shp,70717_R1_202607.zip,0.08
70717,\shp,70717_R2_202607.zip,0.1
70717,\shp,70717_Rural_Building_202606.zip,0.0
70717,\shp,70717_Rural_Lot_202606.zip,0.25
70717,\shp,70717_Rural_Nomenclature_202606.zip,0.02
70717,\shp,70717_Rural_Sector_202606.zip,0.07
70717,\shp,70717_Rural_Vereda_202606.zip,0.07
70717,\shp,70717_Urban_Block_202606.zip,0.19
70717,\shp,70717_Urban_Building_202606.zip,0.45
70717,\shp,70717_Urban_Lot_202606.zip,0.44
70717,\shp,70717_Urban_Nomenclature_202606.zip,0.22
70717,\shp,70717_Urban_Nomenclature_Road_202606.zip,0.02
70717,\shp,70717_Urban_Perimeter_202606.zip,0.01
70742,\shp,70742_OSM_Road_202608.zip,0.09
70742,\shp,70742_R1_202607.zip,0.13
70742,\shp,70742_R2_202607.zip,0.17
70742,\shp,70742_Rural_Building_202606.zip,0.0
70742,\shp,70742_Rural_Lot_202606.zip,0.62
70742,\shp,70742_Rural_Nomenclature_202606.zip,0.03
70742,\shp,70742_Rural_Sector_202606.zip,0.1
70742,\shp,70742_Rural_Vereda_202606.zip,0.1
70742,\shp,70742_Urban_Block_202606.zip,0.36
70742,\shp,70742_Urban_Building_202606.zip,0.75
70742,\shp,70742_Urban_Lot_202606.zip,0.96
70742,\shp,70742_Urban_Nomenclature_202606.zip,0.3
70742,\shp,70742_Urban_Nomenclature_Road_202606.zip,0.03
70742,\shp,70742_Urban_Perimeter_202606.zip,0.03
70771,\shp,70771_OSM_Road_202608.zip,0.04
70771,\shp,70771_R1_202607.zip,0.09
70771,\shp,70771_R2_202607.zip,0.12
70771,\shp,70771_Rural_Building_202606.zip,0.06
70771,\shp,70771_Rural_Lot_202606.zip,0.55
70771,\shp,70771_Rural_Nomenclature_202606.zip,0.01
70771,\shp,70771_Rural_Sector_202606.zip,0.09
70771,\shp,70771_Rural_Vereda_202606.zip,0.15
70771,\shp,70771_Urban_Block_202606.zip,0.13
70771,\shp,70771_Urban_Building_202606.zip,0.21
70771,\shp,70771_Urban_Lot_202606.zip,0.25
70771,\shp,70771_Urban_Nomenclature_202606.zip,0.14
70771,\shp,70771_Urban_Nomenclature_Road_202606.zip,0.02
70771,\shp,70771_Urban_Perimeter_202606.zip,0.02
70820,\shp,70820_OSM_Road_202608.zip,0.09
70820,\shp,70820_R1_202607.zip,0.13
70820,\shp,70820_R2_202607.zip,0.16
70820,\shp,70820_Rural_Building_202606.zip,0.11
70820,\shp,70820_Rural_Lot_202606.zip,0.2
70820,\shp,70820_Rural_Nomenclature_202606.zip,0.05
70820,\shp,70820_Rural_Sector_202606.zip,0.04
70820,\shp,70820_Rural_Vereda_202606.zip,0.05
70820,\shp,70820_Urban_Block_202606.zip,0.02
70820,\shp,70820_Urban_Building_202606.zip,0.01
70820,\shp,70820_Urban_Lot_202606.zip,0.04
70820,\shp,70820_Urban_Nomenclature_202606.zip,0.02
70820,\shp,70820_Urban_Nomenclature_Road_202606.zip,0.01
70820,\shp,70820_Urban_Perimeter_202606.zip,0.01
70820,\shp,70820_Urban_Sector_202606.zip,0.01
70823,\shp,70823_OSM_Road_202608.zip,0.1
70823,\shp,70823_R1_202607.zip,0.08
70823,\shp,70823_R2_202607.zip,0.09
70823,\shp,70823_Rural_Building_202606.zip,0.06
70823,\shp,70823_Rural_Lot_202606.zip,0.43
70823,\shp,70823_Rural_Nomenclature_202606.zip,0.04
70823,\shp,70823_Rural_Sector_202606.zip,0.1
70823,\shp,70823_Rural_Vereda_202606.zip,0.11
70823,\shp,70823_Urban_Block_202606.zip,0.14
70823,\shp,70823_Urban_Building_202606.zip,0.32
70823,\shp,70823_Urban_Lot_202606.zip,0.29
70823,\shp,70823_Urban_Neighborhood_202606.zip,0.01
70823,\shp,70823_Urban_Nomenclature_202606.zip,0.17
70823,\shp,70823_Urban_Nomenclature_Road_202606.zip,0.03
70823,\shp,70823_Urban_Perimeter_202606.zip,0.02
70823,\shp,70823_Urban_Sector_202606.zip,0.01
73000,\shp,73000_Rural_Lot_202001.zip,0.0
73001,\shp,73001_OSM_Road_202608.zip,1.92
73001,\shp,73001_Rural_Lot_202001.zip,7.0
73001,\shp,73001_Urban_Lot_202001.zip,11.28
73024,\shp,73024_OSM_Road_202608.zip,0.09
73024,\shp,73024_R1_202607.zip,0.06
73024,\shp,73024_R2_202607.zip,0.07
73024,\shp,73024_Rural_Lot_202606.zip,0.73
73024,\shp,73024_Rural_Nomenclature_202606.zip,0.0
73024,\shp,73024_Rural_Sector_202606.zip,0.05
73024,\shp,73024_Rural_Vereda_202606.zip,0.09
73024,\shp,73024_Urban_Block_202606.zip,0.07
73024,\shp,73024_Urban_Building_202606.zip,0.18
73024,\shp,73024_Urban_Lot_202606.zip,0.19
73024,\shp,73024_Urban_Neighborhood_202606.zip,0.01
73024,\shp,73024_Urban_Nomenclature_202606.zip,0.08
73024,\shp,73024_Urban_Nomenclature_Road_202606.zip,0.02
73024,\shp,73024_Urban_Perimeter_202606.zip,0.01
73024,\shp,73024_Urban_Sector_202606.zip,0.01
73026,\shp,73026_OSM_Road_202608.zip,0.16
73026,\shp,73026_R1_202607.zip,0.06
73026,\shp,73026_R2_202607.zip,0.06
73026,\shp,73026_Rural_Lot_202606.zip,0.66
73026,\shp,73026_Rural_Nomenclature_202606.zip,0.0
73026,\shp,73026_Rural_Sector_202606.zip,0.09
73026,\shp,73026_Rural_Vereda_202606.zip,0.18
73026,\shp,73026_Urban_Block_202606.zip,0.08
73026,\shp,73026_Urban_Building_202606.zip,0.21
73026,\shp,73026_Urban_Lot_202606.zip,0.18
73026,\shp,73026_Urban_Neighborhood_202606.zip,0.01
73026,\shp,73026_Urban_Nomenclature_202606.zip,0.1
73026,\shp,73026_Urban_Nomenclature_Road_202606.zip,0.02
73026,\shp,73026_Urban_Perimeter_202606.zip,0.01
73026,\shp,73026_Urban_Sector_202606.zip,0.01
73030,\shp,73030_OSM_Road_202608.zip,0.08
73030,\shp,73030_R1_202607.zip,0.04
73030,\shp,73030_R2_202607.zip,0.04
73030,\shp,73030_Rural_Building_202606.zip,0.0
73030,\shp,73030_Rural_Lot_202606.zip,0.27
73030,\shp,73030_Rural_Nomenclature_202606.zip,0.0
73030,\shp,73030_Rural_Sector_202606.zip,0.08
73030,\shp,73030_Rural_Vereda_202606.zip,0.07
73030,\shp,73030_Urban_Block_202606.zip,0.07
73030,\shp,73030_Urban_Building_202606.zip,0.17
73030,\shp,73030_Urban_Lot_202606.zip,0.19
73030,\shp,73030_Urban_Neighborhood_202606.zip,0.01
73030,\shp,73030_Urban_Nomenclature_202606.zip,0.11
73030,\shp,73030_Urban_Nomenclature_Road_202606.zip,0.01
73030,\shp,73030_Urban_Perimeter_202606.zip,0.01
73030,\shp,73030_Urban_Sector_202606.zip,0.01
73043,\shp,73043_OSM_Road_202608.zip,0.2
73043,\shp,73043_R1_202607.zip,0.04
73043,\shp,73043_R2_202607.zip,0.04
73043,\shp,73043_Rural_Building_202606.zip,0.0
73043,\shp,73043_Rural_Lot_202606.zip,0.97
73043,\shp,73043_Rural_Nomenclature_202606.zip,0.0
73043,\shp,73043_Rural_Sector_202606.zip,0.08
73043,\shp,73043_Rural_Vereda_202606.zip,0.2
73043,\shp,73043_Urban_Block_202606.zip,0.05
73043,\shp,73043_Urban_Building_202606.zip,0.09
73043,\shp,73043_Urban_Lot_202606.zip,0.11
73043,\shp,73043_Urban_Neighborhood_202606.zip,0.02
73043,\shp,73043_Urban_Nomenclature_202606.zip,0.01
73043,\shp,73043_Urban_Nomenclature_Road_202606.zip,0.01
73043,\shp,73043_Urban_Perimeter_202606.zip,0.02
73043,\shp,73043_Urban_Sector_202606.zip,0.02
73055,\shp,73055_OSM_Road_202608.zip,0.2
73055,\shp,73055_R1_202607.zip,0.09
73055,\shp,73055_R2_202607.zip,0.1
73055,\shp,73055_Rural_Building_202606.zip,0.01
73055,\shp,73055_Rural_Lot_202606.zip,9.71
73055,\shp,73055_Rural_Nomenclature_202606.zip,0.0
73055,\shp,73055_Rural_Sector_202606.zip,2.58
73055,\shp,73055_Rural_Vereda_202606.zip,4.93
73055,\shp,73055_Urban_Block_202606.zip,0.16
73055,\shp,73055_Urban_Building_202606.zip,0.48
73055,\shp,73055_Urban_Lot_202606.zip,0.64
73055,\shp,73055_Urban_Neighborhood_202606.zip,0.02
73055,\shp,73055_Urban_Nomenclature_202606.zip,0.1
73055,\shp,73055_Urban_Nomenclature_Road_202606.zip,0.02
73055,\shp,73055_Urban_Perimeter_202606.zip,0.02
73055,\shp,73055_Urban_Sector_202606.zip,0.02
73067,\shp,73067_OSM_Road_202608.zip,0.23
73067,\shp,73067_R1_202607.zip,0.11
73067,\shp,73067_R2_202607.zip,0.15
73067,\shp,73067_Rural_Building_202606.zip,0.32
73067,\shp,73067_Rural_Lot_202606.zip,10.64
73067,\shp,73067_Rural_Nomenclature_202606.zip,0.07
73067,\shp,73067_Rural_Sector_202606.zip,0.58
73067,\shp,73067_Rural_Vereda_202606.zip,1.89
73067,\shp,73067_Urban_Block_202606.zip,0.15
73067,\shp,73067_Urban_Building_202606.zip,0.37
73067,\shp,73067_Urban_Lot_202606.zip,0.48
73067,\shp,73067_Urban_Nomenclature_202606.zip,0.22
73067,\shp,73067_Urban_Nomenclature_Road_202606.zip,0.05
73067,\shp,73067_Urban_Perimeter_202606.zip,0.01
73067,\shp,73067_Urban_Sector_202606.zip,0.01
73124,\shp,73124_OSM_Road_202608.zip,0.23
73124,\shp,73124_R1_202607.zip,0.08
73124,\shp,73124_R2_202607.zip,0.08
73124,\shp,73124_Rural_Building_202606.zip,0.01
73124,\shp,73124_Rural_Lot_202606.zip,2.34
73124,\shp,73124_Rural_Nomenclature_202606.zip,0.0
73124,\shp,73124_Rural_Sector_202606.zip,0.21
73124,\shp,73124_Rural_Vereda_202606.zip,0.51
73124,\shp,73124_Urban_Block_202606.zip,0.11
73124,\shp,73124_Urban_Building_202606.zip,0.31
73124,\shp,73124_Urban_Lot_202606.zip,0.31
73124,\shp,73124_Urban_Neighborhood_202606.zip,0.03
73124,\shp,73124_Urban_Nomenclature_202606.zip,0.04
73124,\shp,73124_Urban_Nomenclature_Road_202606.zip,0.01
73124,\shp,73124_Urban_Perimeter_202606.zip,0.03
73124,\shp,73124_Urban_Sector_202606.zip,0.03
73148,\shp,73148_OSM_Road_202608.zip,0.15
73148,\shp,73148_R1_202607.zip,0.22
73148,\shp,73148_R2_202607.zip,0.21
73148,\shp,73148_Rural_Building_202606.zip,0.22
73148,\shp,73148_Rural_Lot_202606.zip,1.67
73148,\shp,73148_Rural_Nomenclature_202606.zip,0.1
73148,\shp,73148_Rural_Sector_202606.zip,0.05
73148,\shp,73148_Rural_Vereda_202606.zip,0.12
73148,\shp,73148_Urban_Block_202606.zip,0.19
73148,\shp,73148_Urban_Building_202606.zip,0.91
73148,\shp,73148_Urban_Lot_202606.zip,0.69
73148,\shp,73148_Urban_Nomenclature_202606.zip,0.22
73148,\shp,73148_Urban_Nomenclature_Road_202606.zip,0.04
73148,\shp,73148_Urban_Perimeter_202606.zip,0.01
73148,\shp,73148_Urban_Sector_202606.zip,0.01
73152,\shp,73152_OSM_Road_202608.zip,0.1
73152,\shp,73152_R1_202607.zip,0.04
73152,\shp,73152_R2_202607.zip,0.04
73152,\shp,73152_Rural_Lot_202606.zip,3.88
73152,\shp,73152_Rural_Nomenclature_202606.zip,0.0
73152,\shp,73152_Rural_Sector_202606.zip,0.39
73152,\shp,73152_Rural_Vereda_202606.zip,0.62
73152,\shp,73152_Urban_Block_202606.zip,0.03
73152,\shp,73152_Urban_Building_202606.zip,0.1
73152,\shp,73152_Urban_Lot_202606.zip,0.08
73152,\shp,73152_Urban_Neighborhood_202606.zip,0.01
73152,\shp,73152_Urban_Nomenclature_202606.zip,0.01
73152,\shp,73152_Urban_Nomenclature_Road_202606.zip,0.0
73152,\shp,73152_Urban_Perimeter_202606.zip,0.01
73152,\shp,73152_Urban_Sector_202606.zip,0.01
73168,\shp,73168_OSM_Road_202608.zip,0.38
73168,\shp,73168_R1_202607.zip,0.23
73168,\shp,73168_R2_202607.zip,0.43
73168,\shp,73168_Rural_Building_202606.zip,1.95
73168,\shp,73168_Rural_Lot_202606.zip,14.44
73168,\shp,73168_Rural_Nomenclature_202606.zip,0.17
73168,\shp,73168_Rural_Sector_202606.zip,0.79
73168,\shp,73168_Rural_Vereda_202606.zip,3.03
73168,\shp,73168_Urban_Block_202606.zip,0.68
73168,\shp,73168_Urban_Building_202606.zip,1.35
73168,\shp,73168_Urban_Lot_202606.zip,2.1
73168,\shp,73168_Urban_Neighborhood_202606.zip,0.08
73168,\shp,73168_Urban_Nomenclature_202606.zip,0.65
73168,\shp,73168_Urban_Nomenclature_Road_202606.zip,0.08
73168,\shp,73168_Urban_Perimeter_202606.zip,0.02
73168,\shp,73168_Urban_Sector_202606.zip,0.06
73200,\shp,73200_OSM_Road_202608.zip,0.15
73200,\shp,73200_R1_202607.zip,0.06
73200,\shp,73200_R2_202607.zip,0.06
73200,\shp,73200_Rural_Building_202606.zip,0.0
73200,\shp,73200_Rural_Lot_202606.zip,0.57
73200,\shp,73200_Rural_Nomenclature_202606.zip,0.0
73200,\shp,73200_Rural_Sector_202606.zip,0.04
73200,\shp,73200_Rural_Vereda_202606.zip,0.07
73200,\shp,73200_Urban_Block_202606.zip,0.03
73200,\shp,73200_Urban_Building_202606.zip,0.09
73200,\shp,73200_Urban_Lot_202606.zip,0.08
73200,\shp,73200_Urban_Neighborhood_202606.zip,0.01
73200,\shp,73200_Urban_Nomenclature_202606.zip,0.03
73200,\shp,73200_Urban_Nomenclature_Road_202606.zip,0.0
73200,\shp,73200_Urban_Perimeter_202606.zip,0.01
73200,\shp,73200_Urban_Sector_202606.zip,0.01
73217,\shp,73217_OSM_Road_202608.zip,0.18
73217,\shp,73217_R1_202607.zip,0.19
73217,\shp,73217_R2_202607.zip,0.19
73217,\shp,73217_Rural_Building_202606.zip,0.0
73217,\shp,73217_Rural_Lot_202606.zip,2.8
73217,\shp,73217_Rural_Nomenclature_202606.zip,0.0
73217,\shp,73217_Rural_Sector_202606.zip,0.15
73217,\shp,73217_Rural_Vereda_202606.zip,0.46
73217,\shp,73217_Urban_Block_202606.zip,0.07
73217,\shp,73217_Urban_Building_202606.zip,0.2
73217,\shp,73217_Urban_Lot_202606.zip,0.2
73217,\shp,73217_Urban_Neighborhood_202606.zip,0.01
73217,\shp,73217_Urban_Nomenclature_202606.zip,0.08
73217,\shp,73217_Urban_Nomenclature_Road_202606.zip,0.01
73217,\shp,73217_Urban_Perimeter_202606.zip,0.01
73217,\shp,73217_Urban_Sector_202606.zip,0.01
73226,\shp,73226_OSM_Road_202608.zip,0.14
73226,\shp,73226_R1_202607.zip,0.08
73226,\shp,73226_R2_202607.zip,0.08
73226,\shp,73226_Rural_Lot_202606.zip,1.93
73226,\shp,73226_Rural_Nomenclature_202606.zip,0.0
73226,\shp,73226_Rural_Sector_202606.zip,0.19
73226,\shp,73226_Rural_Vereda_202606.zip,0.44
73226,\shp,73226_Urban_Block_202606.zip,0.11
73226,\shp,73226_Urban_Building_202606.zip,0.24
73226,\shp,73226_Urban_Lot_202606.zip,0.28
73226,\shp,73226_Urban_Neighborhood_202606.zip,0.01
73226,\shp,73226_Urban_Nomenclature_202606.zip,0.13
73226,\shp,73226_Urban_Nomenclature_Road_202606.zip,0.02
73226,\shp,73226_Urban_Perimeter_202606.zip,0.01
73226,\shp,73226_Urban_Sector_202606.zip,0.01
73236,\shp,73236_OSM_Road_202608.zip,0.12
73236,\shp,73236_R1_202607.zip,0.08
73236,\shp,73236_R2_202607.zip,0.09
73236,\shp,73236_Rural_Building_202606.zip,0.0
73236,\shp,73236_Rural_Lot_202606.zip,1.46
73236,\shp,73236_Rural_Nomenclature_202606.zip,0.0
73236,\shp,73236_Rural_Sector_202606.zip,0.1
73236,\shp,73236_Rural_Vereda_202606.zip,0.2
73236,\shp,73236_Urban_Block_202606.zip,0.05
73236,\shp,73236_Urban_Building_202606.zip,0.2
73236,\shp,73236_Urban_Lot_202606.zip,0.17
73236,\shp,73236_Urban_Neighborhood_202606.zip,0.0
73236,\shp,73236_Urban_Nomenclature_202606.zip,0.1
73236,\shp,73236_Urban_Nomenclature_Road_202606.zip,0.01
73236,\shp,73236_Urban_Perimeter_202606.zip,0.0
73236,\shp,73236_Urban_Sector_202606.zip,0.0
73268,\shp,73268_OSM_Road_202608.zip,0.27
73268,\shp,73268_R1_202607.zip,0.44
73268,\shp,73268_R2_202607.zip,0.42
73268,\shp,73268_Rural_Building_202606.zip,0.46
73268,\shp,73268_Rural_Lot_202606.zip,0.79
73268,\shp,73268_Rural_Nomenclature_202606.zip,0.05
73268,\shp,73268_Rural_Sector_202606.zip,0.06
73268,\shp,73268_Rural_Vereda_202606.zip,0.08
73268,\shp,73268_Urban_Block_202606.zip,0.51
73268,\shp,73268_Urban_Building_202606.zip,1.73
73268,\shp,73268_Urban_Lot_202606.zip,1.68
73268,\shp,73268_Urban_Nomenclature_202606.zip,0.44
73268,\shp,73268_Urban_Nomenclature_Road_202606.zip,0.04
73268,\shp,73268_Urban_Perimeter_202606.zip,0.01
73268,\shp,73268_Urban_Sector_202606.zip,0.01
73270,\shp,73270_OSM_Road_202608.zip,0.18
73270,\shp,73270_R1_202607.zip,0.04
73270,\shp,73270_R2_202607.zip,0.04
73270,\shp,73270_Rural_Lot_202606.zip,1.69
73270,\shp,73270_Rural_Nomenclature_202606.zip,0.0
73270,\shp,73270_Rural_Sector_202606.zip,0.13
73270,\shp,73270_Rural_Vereda_202606.zip,0.29
73270,\shp,73270_Urban_Block_202606.zip,0.03
73270,\shp,73270_Urban_Building_202606.zip,0.22
73270,\shp,73270_Urban_Lot_202606.zip,0.1
73270,\shp,73270_Urban_Neighborhood_202606.zip,0.01
73270,\shp,73270_Urban_Nomenclature_202606.zip,0.01
73270,\shp,73270_Urban_Nomenclature_Road_202606.zip,0.0
73270,\shp,73270_Urban_Perimeter_202606.zip,0.01
73270,\shp,73270_Urban_Sector_202606.zip,0.01
73275,\shp,73275_OSM_Road_202608.zip,0.17
73275,\shp,73275_R1_202607.zip,0.29
73275,\shp,73275_R2_202607.zip,0.24
73275,\shp,73275_Rural_Building_202606.zip,0.08
73275,\shp,73275_Rural_Lot_202606.zip,0.55
73275,\shp,73275_Rural_Nomenclature_202606.zip,0.03
73275,\shp,73275_Rural_Sector_202606.zip,0.04
73275,\shp,73275_Rural_Vereda_202606.zip,0.06
73275,\shp,73275_Urban_Block_202606.zip,0.57
73275,\shp,73275_Urban_Building_202606.zip,1.87
73275,\shp,73275_Urban_Lot_202606.zip,1.57
73275,\shp,73275_Urban_Neighborhood_202606.zip,0.03
73275,\shp,73275_Urban_Nomenclature_202606.zip,0.76
73275,\shp,73275_Urban_Nomenclature_Road_202606.zip,0.06
73275,\shp,73275_Urban_Perimeter_202606.zip,0.02
73275,\shp,73275_Urban_Sector_202606.zip,0.02
73283,\shp,73283_OSM_Road_202608.zip,0.4
73283,\shp,73283_R1_202607.zip,0.14
73283,\shp,73283_R2_202607.zip,0.14
73283,\shp,73283_Rural_Building_202606.zip,0.0
73283,\shp,73283_Rural_Lot_202606.zip,2.56
73283,\shp,73283_Rural_Nomenclature_202606.zip,0.0
73283,\shp,73283_Rural_Sector_202606.zip,0.17
73283,\shp,73283_Rural_Vereda_202606.zip,0.47
73283,\shp,73283_Urban_Block_202606.zip,0.11
73283,\shp,73283_Urban_Building_202606.zip,0.33
73283,\shp,73283_Urban_Lot_202606.zip,0.37
73283,\shp,73283_Urban_Neighborhood_202606.zip,0.02
73283,\shp,73283_Urban_Nomenclature_202606.zip,0.03
73283,\shp,73283_Urban_Nomenclature_Road_202606.zip,0.01
73283,\shp,73283_Urban_Perimeter_202606.zip,0.02
73283,\shp,73283_Urban_Sector_202606.zip,0.02
73319,\shp,73319_OSM_Road_202608.zip,0.27
73319,\shp,73319_R1_202607.zip,0.25
73319,\shp,73319_R2_202607.zip,0.25
73319,\shp,73319_Rural_Building_202606.zip,0.01
73319,\shp,73319_Rural_Lot_202606.zip,1.88
73319,\shp,73319_Rural_Nomenclature_202606.zip,0.01
73319,\shp,73319_Rural_Sector_202606.zip,0.1
73319,\shp,73319_Rural_Vereda_202606.zip,0.23
73319,\shp,73319_Urban_Block_202606.zip,0.18
73319,\shp,73319_Urban_Building_202606.zip,0.83
73319,\shp,73319_Urban_Lot_202606.zip,0.87
73319,\shp,73319_Urban_Neighborhood_202606.zip,0.01
73319,\shp,73319_Urban_Nomenclature_202606.zip,0.23
73319,\shp,73319_Urban_Nomenclature_Road_202606.zip,0.02
73319,\shp,73319_Urban_Perimeter_202606.zip,0.01
73319,\shp,73319_Urban_Sector_202606.zip,0.01
73347,\shp,73347_OSM_Road_202608.zip,0.18
73347,\shp,73347_R1_202607.zip,0.05
73347,\shp,73347_R2_202607.zip,0.06
73347,\shp,73347_Rural_Building_202606.zip,0.0
73347,\shp,73347_Rural_Lot_202606.zip,1.29
73347,\shp,73347_Rural_Nomenclature_202606.zip,0.0
73347,\shp,73347_Rural_Sector_202606.zip,0.12
73347,\shp,73347_Rural_Vereda_202606.zip,0.27
73347,\shp,73347_Urban_Block_202606.zip,0.06
73347,\shp,73347_Urban_Building_202606.zip,0.13
73347,\shp,73347_Urban_Lot_202606.zip,0.15
73347,\shp,73347_Urban_Neighborhood_202606.zip,0.01
73347,\shp,73347_Urban_Nomenclature_202606.zip,0.04
73347,\shp,73347_Urban_Nomenclature_Road_202606.zip,0.01
73347,\shp,73347_Urban_Perimeter_202606.zip,0.01
73347,\shp,73347_Urban_Sector_202606.zip,0.01
73349,\shp,73349_OSM_Road_202608.zip,0.12
73349,\shp,73349_R1_202607.zip,0.16
73349,\shp,73349_R2_202607.zip,0.16
73349,\shp,73349_Rural_Lot_202606.zip,0.3
73349,\shp,73349_Rural_Nomenclature_202606.zip,0.0
73349,\shp,73349_Rural_Sector_202606.zip,0.1
73349,\shp,73349_Rural_Vereda_202606.zip,0.12
73349,\shp,73349_Urban_Block_202606.zip,0.32
73349,\shp,73349_Urban_Building_202606.zip,0.91
73349,\shp,73349_Urban_Lot_202606.zip,0.87
73349,\shp,73349_Urban_Neighborhood_202606.zip,0.03
73349,\shp,73349_Urban_Nomenclature_202606.zip,0.33
73349,\shp,73349_Urban_Nomenclature_Road_202606.zip,0.05
73349,\shp,73349_Urban_Perimeter_202606.zip,0.03
73349,\shp,73349_Urban_Sector_202606.zip,0.03
73352,\shp,73352_OSM_Road_202608.zip,0.15
73352,\shp,73352_R1_202607.zip,0.09
73352,\shp,73352_R2_202607.zip,0.09
73352,\shp,73352_Rural_Building_202606.zip,0.08
73352,\shp,73352_Rural_Lot_202606.zip,0.89
73352,\shp,73352_Rural_Nomenclature_202606.zip,0.04
73352,\shp,73352_Rural_Sector_202606.zip,0.04
73352,\shp,73352_Rural_Vereda_202606.zip,0.13
73352,\shp,73352_Urban_Block_202606.zip,0.06
73352,\shp,73352_Urban_Building_202606.zip,0.2
73352,\shp,73352_Urban_Lot_202606.zip,0.16
73352,\shp,73352_Urban_Neighborhood_202606.zip,0.01
73352,\shp,73352_Urban_Nomenclature_202606.zip,0.07
73352,\shp,73352_Urban_Nomenclature_Road_202606.zip,0.01
73352,\shp,73352_Urban_Perimeter_202606.zip,0.01
73352,\shp,73352_Urban_Sector_202606.zip,0.01
73408,\shp,73408_OSM_Road_202608.zip,0.21
73408,\shp,73408_R1_202607.zip,0.13
73408,\shp,73408_R2_202607.zip,0.13
73408,\shp,73408_Rural_Building_202606.zip,0.0
73408,\shp,73408_Rural_Lot_202606.zip,0.53
73408,\shp,73408_Rural_Nomenclature_202606.zip,0.0
73408,\shp,73408_Rural_Sector_202606.zip,0.07
73408,\shp,73408_Rural_Vereda_202606.zip,0.14
73408,\shp,73408_Urban_Block_202606.zip,0.22
73408,\shp,73408_Urban_Building_202606.zip,0.87
73408,\shp,73408_Urban_Lot_202606.zip,0.65
73408,\shp,73408_Urban_Neighborhood_202606.zip,0.01
73408,\shp,73408_Urban_Nomenclature_202606.zip,0.06
73408,\shp,73408_Urban_Nomenclature_Road_202606.zip,0.04
73408,\shp,73408_Urban_Perimeter_202606.zip,0.01
73408,\shp,73408_Urban_Sector_202606.zip,0.02
73411,\shp,73411_OSM_Road_202608.zip,0.33
73411,\shp,73411_R1_202607.zip,0.21
73411,\shp,73411_R2_202607.zip,0.24
73411,\shp,73411_Rural_Lot_202606.zip,1.64
73411,\shp,73411_Rural_Nomenclature_202606.zip,0.01
73411,\shp,73411_Rural_Sector_202606.zip,0.11
73411,\shp,73411_Rural_Vereda_202606.zip,0.2
73411,\shp,73411_Urban_Block_202606.zip,0.1
73411,\shp,73411_Urban_Building_202606.zip,0.21
73411,\shp,73411_Urban_Lot_202606.zip,0.27
73411,\shp,73411_Urban_Neighborhood_202606.zip,0.03
73411,\shp,73411_Urban_Nomenclature_202606.zip,0.1
73411,\shp,73411_Urban_Nomenclature_Road_202606.zip,0.0
73411,\shp,73411_Urban_Perimeter_202606.zip,0.03
73411,\shp,73411_Urban_Sector_202606.zip,0.03
73443,\shp,73443_OSM_Road_202608.zip,0.27
73443,\shp,73443_R1_202607.zip,0.22
73443,\shp,73443_R2_202607.zip,0.21
73443,\shp,73443_Rural_Building_202606.zip,0.0
73443,\shp,73443_Rural_Lot_202606.zip,1.61
73443,\shp,73443_Rural_Nomenclature_202606.zip,0.0
73443,\shp,73443_Rural_Sector_202606.zip,0.14
73443,\shp,73443_Rural_Vereda_202606.zip,0.31
73443,\shp,73443_Urban_Block_202606.zip,0.33
73443,\shp,73443_Urban_Building_202606.zip,1.26
73443,\shp,73443_Urban_Lot_202606.zip,1.13
73443,\shp,73443_Urban_Neighborhood_202606.zip,0.03
73443,\shp,73443_Urban_Nomenclature_202606.zip,0.6
73443,\shp,73443_Urban_Nomenclature_Road_202606.zip,0.03
73443,\shp,73443_Urban_Perimeter_202606.zip,0.03
73443,\shp,73443_Urban_Sector_202606.zip,0.01
73449,\shp,73449_OSM_Road_202608.zip,0.32
73449,\shp,73449_R1_202607.zip,0.34
73449,\shp,73449_R2_202607.zip,0.36
73449,\shp,73449_Rural_Building_202606.zip,0.82
73449,\shp,73449_Rural_Lot_202606.zip,3.5
73449,\shp,73449_Rural_Nomenclature_202606.zip,0.0
73449,\shp,73449_Rural_Sector_202606.zip,0.15
73449,\shp,73449_Rural_Vereda_202606.zip,0.76
73449,\shp,73449_Urban_Block_202606.zip,0.19
73449,\shp,73449_Urban_Building_202606.zip,0.8
73449,\shp,73449_Urban_Lot_202606.zip,0.47
73449,\shp,73449_Urban_Neighborhood_202606.zip,0.02
73449,\shp,73449_Urban_Nomenclature_202606.zip,0.09
73449,\shp,73449_Urban_Nomenclature_Road_202606.zip,0.04
73449,\shp,73449_Urban_Perimeter_202606.zip,0.02
73449,\shp,73449_Urban_Sector_202606.zip,0.02
73461,\shp,73461_OSM_Road_202608.zip,0.16
73461,\shp,73461_R1_202607.zip,0.03
73461,\shp,73461_R2_202607.zip,0.03
73461,\shp,73461_Rural_Lot_202606.zip,3.16
73461,\shp,73461_Rural_Nomenclature_202606.zip,0.0
73461,\shp,73461_Rural_Sector_202606.zip,0.38
73461,\shp,73461_Rural_Vereda_202606.zip,0.74
73461,\shp,73461_Urban_Block_202606.zip,0.03
73461,\shp,73461_Urban_Building_202606.zip,0.1
73461,\shp,73461_Urban_Lot_202606.zip,0.09
73461,\shp,73461_Urban_Neighborhood_202606.zip,0.0
73461,\shp,73461_Urban_Nomenclature_202606.zip,0.01
73461,\shp,73461_Urban_Nomenclature_Road_202606.zip,0.01
73461,\shp,73461_Urban_Perimeter_202606.zip,0.0
73461,\shp,73461_Urban_Sector_202606.zip,0.0
73483,\shp,73483_OSM_Road_202608.zip,0.13
73483,\shp,73483_R1_202607.zip,0.14
73483,\shp,73483_R2_202607.zip,0.14
73483,\shp,73483_Rural_Building_202606.zip,0.02
73483,\shp,73483_Rural_Lot_202606.zip,1.74
73483,\shp,73483_Rural_Nomenclature_202606.zip,0.01
73483,\shp,73483_Rural_Sector_202606.zip,0.27
73483,\shp,73483_Rural_Vereda_202606.zip,0.41
73483,\shp,73483_Urban_Block_202606.zip,0.15
73483,\shp,73483_Urban_Building_202606.zip,0.55
73483,\shp,73483_Urban_Lot_202606.zip,0.52
73483,\shp,73483_Urban_Neighborhood_202606.zip,0.01
73483,\shp,73483_Urban_Nomenclature_202606.zip,0.16
73483,\shp,73483_Urban_Nomenclature_Road_202606.zip,0.01
73483,\shp,73483_Urban_Perimeter_202606.zip,0.01
73483,\shp,73483_Urban_Sector_202606.zip,0.01
73504,\shp,73504_OSM_Road_202608.zip,0.23
73504,\shp,73504_R1_202607.zip,0.19
73504,\shp,73504_R2_202607.zip,0.19
73504,\shp,73504_Rural_Building_202606.zip,0.02
73504,\shp,73504_Rural_Lot_202606.zip,3.13
73504,\shp,73504_Rural_Nomenclature_202606.zip,0.0
73504,\shp,73504_Rural_Sector_202606.zip,0.18
73504,\shp,73504_Rural_Vereda_202606.zip,0.52
73504,\shp,73504_Urban_Block_202606.zip,0.13
73504,\shp,73504_Urban_Building_202606.zip,0.36
73504,\shp,73504_Urban_Lot_202606.zip,0.37
73504,\shp,73504_Urban_Neighborhood_202606.zip,0.02
73504,\shp,73504_Urban_Nomenclature_202606.zip,0.08
73504,\shp,73504_Urban_Nomenclature_Road_202606.zip,0.02
73504,\shp,73504_Urban_Perimeter_202606.zip,0.02
73504,\shp,73504_Urban_Sector_202606.zip,0.02
73520,\shp,73520_OSM_Road_202608.zip,0.13
73520,\shp,73520_R1_202607.zip,0.04
73520,\shp,73520_R2_202607.zip,0.04
73520,\shp,73520_Rural_Lot_202606.zip,2.88
73520,\shp,73520_Rural_Nomenclature_202606.zip,0.0
73520,\shp,73520_Rural_Sector_202606.zip,0.23
73520,\shp,73520_Rural_Vereda_202606.zip,0.48
73520,\shp,73520_Urban_Block_202606.zip,0.04
73520,\shp,73520_Urban_Building_202606.zip,0.11
73520,\shp,73520_Urban_Lot_202606.zip,0.1
73520,\shp,73520_Urban_Neighborhood_202606.zip,0.01
73520,\shp,73520_Urban_Nomenclature_202606.zip,0.0
73520,\shp,73520_Urban_Perimeter_202606.zip,0.01
73520,\shp,73520_Urban_Sector_202606.zip,0.01
73547,\shp,73547_OSM_Road_202608.zip,0.09
73547,\shp,73547_R1_202607.zip,0.04
73547,\shp,73547_R2_202607.zip,0.04
73547,\shp,73547_Rural_Building_202606.zip,0.0
73547,\shp,73547_Rural_Lot_202606.zip,0.5
73547,\shp,73547_Rural_Nomenclature_202606.zip,0.0
73547,\shp,73547_Rural_Sector_202606.zip,0.06
73547,\shp,73547_Rural_Vereda_202606.zip,0.14
73547,\shp,73547_Urban_Block_202606.zip,0.07
73547,\shp,73547_Urban_Building_202606.zip,0.13
73547,\shp,73547_Urban_Lot_202606.zip,0.16
73547,\shp,73547_Urban_Nomenclature_202606.zip,0.05
73547,\shp,73547_Urban_Nomenclature_Road_202606.zip,0.01
73547,\shp,73547_Urban_Perimeter_202606.zip,0.01
73547,\shp,73547_Urban_Sector_202606.zip,0.01
73555,\shp,73555_OSM_Road_202608.zip,0.16
73555,\shp,73555_R1_202607.zip,0.11
73555,\shp,73555_R2_202607.zip,0.26
73555,\shp,73555_Rural_Building_202606.zip,1.53
73555,\shp,73555_Rural_Lot_202606.zip,8.7
73555,\shp,73555_Rural_Sector_202606.zip,1.52
73555,\shp,73555_Rural_Vereda_202606.zip,2.96
73555,\shp,73555_Urban_Block_202606.zip,0.28
73555,\shp,73555_Urban_Building_202606.zip,0.52
73555,\shp,73555_Urban_Lot_202606.zip,0.66
73555,\shp,73555_Urban_Nomenclature_202606.zip,0.14
73555,\shp,73555_Urban_Perimeter_202606.zip,0.02
73555,\shp,73555_Urban_Sector_202606.zip,0.05
73563,\shp,73563_OSM_Road_202608.zip,0.09
73563,\shp,73563_R1_202607.zip,0.08
73563,\shp,73563_R2_202607.zip,0.09
73563,\shp,73563_Rural_Building_202606.zip,0.0
73563,\shp,73563_Rural_Lot_202606.zip,1.0
73563,\shp,73563_Rural_Nomenclature_202606.zip,0.0
73563,\shp,73563_Rural_Sector_202606.zip,0.14
73563,\shp,73563_Rural_Vereda_202606.zip,0.74
73563,\shp,73563_Urban_Block_202606.zip,0.06
73563,\shp,73563_Urban_Building_202606.zip,0.21
73563,\shp,73563_Urban_Lot_202606.zip,0.16
73563,\shp,73563_Urban_Neighborhood_202606.zip,0.01
73563,\shp,73563_Urban_Nomenclature_202606.zip,0.08
73563,\shp,73563_Urban_Nomenclature_Road_202606.zip,0.01
73563,\shp,73563_Urban_Perimeter_202606.zip,0.01
73563,\shp,73563_Urban_Sector_202606.zip,0.01
73585,\shp,73585_OSM_Road_202608.zip,0.14
73585,\shp,73585_R1_202607.zip,0.19
73585,\shp,73585_R2_202607.zip,0.21
73585,\shp,73585_Rural_Building_202606.zip,0.01
73585,\shp,73585_Rural_Lot_202606.zip,1.38
73585,\shp,73585_Rural_Nomenclature_202606.zip,0.01
73585,\shp,73585_Rural_Sector_202606.zip,0.27
73585,\shp,73585_Rural_Vereda_202606.zip,0.59
73585,\shp,73585_Urban_Block_202606.zip,0.26
73585,\shp,73585_Urban_Building_202606.zip,0.87
73585,\shp,73585_Urban_Lot_202606.zip,0.68
73585,\shp,73585_Urban_Neighborhood_202606.zip,0.02
73585,\shp,73585_Urban_Nomenclature_202606.zip,0.3
73585,\shp,73585_Urban_Nomenclature_Road_202606.zip,0.03
73585,\shp,73585_Urban_Perimeter_202606.zip,0.02
73585,\shp,73585_Urban_Sector_202606.zip,0.02
73616,\shp,73616_OSM_Road_202608.zip,0.22
73616,\shp,73616_R1_202607.zip,0.08
73616,\shp,73616_R2_202607.zip,0.14
73616,\shp,73616_Rural_Building_202606.zip,0.35
73616,\shp,73616_Rural_Lot_202606.zip,7.84
73616,\shp,73616_Rural_Nomenclature_202606.zip,0.03
73616,\shp,73616_Rural_Sector_202606.zip,0.75
73616,\shp,73616_Rural_Vereda_202606.zip,1.79
73616,\shp,73616_Urban_Block_202606.zip,0.06
73616,\shp,73616_Urban_Building_202606.zip,0.14
73616,\shp,73616_Urban_Lot_202606.zip,0.15
73616,\shp,73616_Urban_Nomenclature_202606.zip,0.08
73616,\shp,73616_Urban_Nomenclature_Road_202606.zip,0.01
73616,\shp,73616_Urban_Perimeter_202606.zip,0.01
73616,\shp,73616_Urban_Sector_202606.zip,0.01
73622,\shp,73622_OSM_Road_202608.zip,0.11
73622,\shp,73622_R1_202607.zip,0.03
73622,\shp,73622_R2_202607.zip,0.03
73622,\shp,73622_Rural_Building_202606.zip,0.0
73622,\shp,73622_Rural_Lot_202606.zip,0.53
73622,\shp,73622_Rural_Nomenclature_202606.zip,0.0
73622,\shp,73622_Rural_Sector_202606.zip,0.06
73622,\shp,73622_Rural_Vereda_202606.zip,0.14
73622,\shp,73622_Urban_Block_202606.zip,0.03
73622,\shp,73622_Urban_Building_202606.zip,0.08
73622,\shp,73622_Urban_Lot_202606.zip,0.08
73622,\shp,73622_Urban_Nomenclature_202606.zip,0.02
73622,\shp,73622_Urban_Nomenclature_Road_202606.zip,0.01
73622,\shp,73622_Urban_Perimeter_202606.zip,0.01
73622,\shp,73622_Urban_Sector_202606.zip,0.01
73624,\shp,73624_OSM_Road_202608.zip,0.19
73624,\shp,73624_R1_202607.zip,0.14
73624,\shp,73624_R2_202607.zip,0.17
73624,\shp,73624_Rural_Building_202606.zip,0.0
73624,\shp,73624_Rural_Lot_202606.zip,1.73
73624,\shp,73624_Rural_Nomenclature_202606.zip,0.0
73624,\shp,73624_Rural_Sector_202606.zip,0.17
73624,\shp,73624_Rural_Vereda_202606.zip,0.42
73624,\shp,73624_Urban_Block_202606.zip,0.14
73624,\shp,73624_Urban_Building_202606.zip,0.53
73624,\shp,73624_Urban_Lot_202606.zip,0.41
73624,\shp,73624_Urban_Neighborhood_202606.zip,0.01
73624,\shp,73624_Urban_Nomenclature_202606.zip,0.21
73624,\shp,73624_Urban_Nomenclature_Road_202606.zip,0.02
73624,\shp,73624_Urban_Perimeter_202606.zip,0.01
73624,\shp,73624_Urban_Sector_202606.zip,0.01
73671,\shp,73671_OSM_Road_202608.zip,0.1
73671,\shp,73671_R1_202607.zip,0.1
73671,\shp,73671_R2_202607.zip,0.1
73671,\shp,73671_Rural_Building_202606.zip,0.0
73671,\shp,73671_Rural_Lot_202606.zip,0.96
73671,\shp,73671_Rural_Nomenclature_202606.zip,0.0
73671,\shp,73671_Rural_Sector_202606.zip,0.17
73671,\shp,73671_Rural_Vereda_202606.zip,0.19
73671,\shp,73671_Urban_Block_202606.zip,0.11
73671,\shp,73671_Urban_Building_202606.zip,0.36
73671,\shp,73671_Urban_Lot_202606.zip,0.45
73671,\shp,73671_Urban_Neighborhood_202606.zip,0.02
73671,\shp,73671_Urban_Nomenclature_202606.zip,0.03
73671,\shp,73671_Urban_Nomenclature_Road_202606.zip,0.02
73671,\shp,73671_Urban_Perimeter_202606.zip,0.02
73671,\shp,73671_Urban_Sector_202606.zip,0.02
73675,\shp,73675_OSM_Road_202608.zip,0.11
73675,\shp,73675_R1_202607.zip,0.09
73675,\shp,73675_R2_202607.zip,0.1
73675,\shp,73675_Rural_Building_202606.zip,0.0
73675,\shp,73675_Rural_Lot_202606.zip,1.75
73675,\shp,73675_Rural_Nomenclature_202606.zip,0.0
73675,\shp,73675_Rural_Sector_202606.zip,0.05
73675,\shp,73675_Rural_Vereda_202606.zip,0.27
73675,\shp,73675_Urban_Block_202606.zip,0.07
73675,\shp,73675_Urban_Building_202606.zip,0.22
73675,\shp,73675_Urban_Lot_202606.zip,0.22
73675,\shp,73675_Urban_Nomenclature_202606.zip,0.07
73675,\shp,73675_Urban_Nomenclature_Road_202606.zip,0.01
73675,\shp,73675_Urban_Perimeter_202606.zip,0.01
73675,\shp,73675_Urban_Sector_202606.zip,0.01
73678,\shp,73678_OSM_Road_202608.zip,0.28
73678,\shp,73678_R1_202607.zip,0.1
73678,\shp,73678_R2_202607.zip,0.11
73678,\shp,73678_Rural_Building_202606.zip,0.0
73678,\shp,73678_Rural_Lot_202606.zip,4.98
73678,\shp,73678_Rural_Nomenclature_202606.zip,0.0
73678,\shp,73678_Rural_Sector_202606.zip,0.29
73678,\shp,73678_Rural_Vereda_202606.zip,0.71
73678,\shp,73678_Urban_Block_202606.zip,0.1
73678,\shp,73678_Urban_Building_202606.zip,0.36
73678,\shp,73678_Urban_Lot_202606.zip,0.31
73678,\shp,73678_Urban_Neighborhood_202606.zip,0.01
73678,\shp,73678_Urban_Nomenclature_202606.zip,0.16
73678,\shp,73678_Urban_Nomenclature_Road_202606.zip,0.02
73678,\shp,73678_Urban_Perimeter_202606.zip,0.01
73678,\shp,73678_Urban_Sector_202606.zip,0.01
73686,\shp,73686_OSM_Road_202608.zip,0.13
73686,\shp,73686_R1_202607.zip,0.03
73686,\shp,73686_R2_202607.zip,0.04
73686,\shp,73686_Rural_Lot_202606.zip,3.42
73686,\shp,73686_Rural_Nomenclature_202606.zip,0.0
73686,\shp,73686_Rural_Sector_202606.zip,0.25
73686,\shp,73686_Rural_Vereda_202606.zip,0.56
73686,\shp,73686_Urban_Block_202606.zip,0.03
73686,\shp,73686_Urban_Building_202606.zip,0.06
73686,\shp,73686_Urban_Lot_202606.zip,0.07
73686,\shp,73686_Urban_Neighborhood_202606.zip,0.01
73686,\shp,73686_Urban_Nomenclature_202606.zip,0.01
73686,\shp,73686_Urban_Nomenclature_Road_202606.zip,0.0
73686,\shp,73686_Urban_Perimeter_202606.zip,0.01
73686,\shp,73686_Urban_Sector_202606.zip,0.01
73770,\shp,73770_OSM_Road_202608.zip,0.05
73770,\shp,73770_R1_202607.zip,0.03
73770,\shp,73770_R2_202607.zip,0.03
73770,\shp,73770_Rural_Lot_202606.zip,0.4
73770,\shp,73770_Rural_Nomenclature_202606.zip,0.0
73770,\shp,73770_Rural_Sector_202606.zip,0.05
73770,\shp,73770_Rural_Vereda_202606.zip,0.05
73770,\shp,73770_Urban_Block_202606.zip,0.03
73770,\shp,73770_Urban_Building_202606.zip,0.08
73770,\shp,73770_Urban_Lot_202606.zip,0.08
73770,\shp,73770_Urban_Neighborhood_202606.zip,0.0
73770,\shp,73770_Urban_Nomenclature_202606.zip,0.02
73770,\shp,73770_Urban_Nomenclature_Road_202606.zip,0.01
73770,\shp,73770_Urban_Perimeter_202606.zip,0.0
73770,\shp,73770_Urban_Sector_202606.zip,0.0
73854,\shp,73854_OSM_Road_202608.zip,0.11
73854,\shp,73854_R1_202607.zip,0.04
73854,\shp,73854_R2_202607.zip,0.04
73854,\shp,73854_Rural_Building_202606.zip,0.0
73854,\shp,73854_Rural_Lot_202606.zip,1.86
73854,\shp,73854_Rural_Nomenclature_202606.zip,0.0
73854,\shp,73854_Rural_Sector_202606.zip,0.14
73854,\shp,73854_Rural_Vereda_202606.zip,0.22
73854,\shp,73854_Urban_Block_202606.zip,0.03
73854,\shp,73854_Urban_Building_202606.zip,0.07
73854,\shp,73854_Urban_Lot_202606.zip,0.08
73854,\shp,73854_Urban_Nomenclature_202606.zip,0.0
73854,\shp,73854_Urban_Nomenclature_Road_202606.zip,0.0
73854,\shp,73854_Urban_Perimeter_202606.zip,0.01
73854,\shp,73854_Urban_Sector_202606.zip,0.01
73861,\shp,73861_OSM_Road_202608.zip,0.2
73861,\shp,73861_R1_202607.zip,0.09
73861,\shp,73861_R2_202607.zip,0.09
73861,\shp,73861_Rural_Building_202606.zip,0.0
73861,\shp,73861_Rural_Lot_202606.zip,0.44
73861,\shp,73861_Rural_Nomenclature_202606.zip,0.0
73861,\shp,73861_Rural_Sector_202606.zip,0.06
73861,\shp,73861_Rural_Vereda_202606.zip,0.11
73861,\shp,73861_Urban_Block_202606.zip,0.15
73861,\shp,73861_Urban_Building_202606.zip,0.59
73861,\shp,73861_Urban_Lot_202606.zip,0.46
73861,\shp,73861_Urban_Neighborhood_202606.zip,0.01
73861,\shp,73861_Urban_Nomenclature_202606.zip,0.15
73861,\shp,73861_Urban_Nomenclature_Road_202606.zip,0.02
73861,\shp,73861_Urban_Perimeter_202606.zip,0.02
73861,\shp,73861_Urban_Sector_202606.zip,0.02
73870,\shp,73870_OSM_Road_202608.zip,0.13
73870,\shp,73870_R1_202607.zip,0.05
73870,\shp,73870_R2_202607.zip,0.06
73870,\shp,73870_Rural_Lot_202606.zip,5.16
73870,\shp,73870_Rural_Nomenclature_202606.zip,0.0
73870,\shp,73870_Rural_Sector_202606.zip,0.33
73870,\shp,73870_Rural_Vereda_202606.zip,0.98
73870,\shp,73870_Urban_Block_202606.zip,0.04
73870,\shp,73870_Urban_Building_202606.zip,0.11
73870,\shp,73870_Urban_Lot_202606.zip,0.13
73870,\shp,73870_Urban_Neighborhood_202606.zip,0.01
73870,\shp,73870_Urban_Nomenclature_202606.zip,0.01
73870,\shp,73870_Urban_Nomenclature_Road_202606.zip,0.01
73870,\shp,73870_Urban_Perimeter_202606.zip,0.01
73870,\shp,73870_Urban_Sector_202606.zip,0.01
73873,\shp,73873_OSM_Road_202608.zip,0.11
73873,\shp,73873_R1_202607.zip,0.05
73873,\shp,73873_R2_202607.zip,0.04
73873,\shp,73873_Urban_Block_202606.zip,0.08
73873,\shp,73873_Urban_Building_202606.zip,0.17
73873,\shp,73873_Urban_Lot_202606.zip,0.22
73873,\shp,73873_Urban_Nomenclature_202606.zip,0.05
73873,\shp,73873_Urban_Nomenclature_Road_202606.zip,0.01
73873,\shp,73873_Urban_Perimeter_202606.zip,0.01
73873,\shp,73873_Urban_Sector_202606.zip,0.01
75275,\shp,75275_Urban_Lot_202001.zip,0.01
76001,\shp,76001_OSM_Road_202608.zip,4.32
76001,\shp,76001_Rural_Block_201910.zip,2.94
76001,\shp,76001_Rural_Building_201910.zip,5.94
76001,\shp,76001_Rural_Building_Attach_201910.zip,2.73
76001,\shp,76001_Rural_Lot_201910.zip,9.99
76001,\shp,76001_Urban_Block_201910.zip,10.83
76001,\shp,76001_Urban_Building_201910.zip,84.47
76001,\shp,76001_Urban_Building_Attach_201910.zip,9.64
76001,\shp,76001_Urban_Lot_201910.zip,75.28
76020,\shp,76020_OSM_Road_202608.zip,0.14
76020,\shp,76020_Rural_Lot_202001.zip,0.59
76020,\shp,76020_Urban_Lot_202001.zip,0.29
76036,\shp,76036_OSM_Road_202608.zip,0.09
76036,\shp,76036_R1_202607.zip,0.13
76036,\shp,76036_R2_202607.zip,0.13
76036,\shp,76036_Rural_Building_202606.zip,0.02
76036,\shp,76036_Rural_Lot_202606.zip,0.86
76036,\shp,76036_Rural_Nomenclature_202606.zip,0.03
76036,\shp,76036_Rural_Nomenclature_Road_202606.zip,0.0
76036,\shp,76036_Rural_Sector_202606.zip,0.07
76036,\shp,76036_Rural_Vereda_202606.zip,0.1
76036,\shp,76036_Urban_Block_202606.zip,0.21
76036,\shp,76036_Urban_Building_202606.zip,0.6
76036,\shp,76036_Urban_Lot_202606.zip,0.69
76036,\shp,76036_Urban_Nomenclature_202606.zip,0.26
76036,\shp,76036_Urban_Nomenclature_Road_202606.zip,0.04
76036,\shp,76036_Urban_Perimeter_202606.zip,0.03
76036,\shp,76036_Urban_Sector_202606.zip,0.03
76041,\shp,76041_OSM_Road_202608.zip,0.22
76041,\shp,76041_Rural_Lot_202001.zip,0.9
76041,\shp,76041_Urban_Lot_202001.zip,0.49
76054,\shp,76054_OSM_Road_202608.zip,0.09
76054,\shp,76054_Rural_Lot_202001.zip,0.37
76054,\shp,76054_Urban_Lot_202001.zip,0.13
76100,\shp,76100_OSM_Road_202608.zip,0.19
76100,\shp,76100_Rural_Lot_202001.zip,1.38
76100,\shp,76100_Urban_Lot_202001.zip,0.41
76109,\shp,76109_OSM_Road_202608.zip,0.5
76109,\shp,76109_R1_202607.zip,1.22
76109,\shp,76109_R2_202607.zip,1.23
76109,\shp,76109_Rural_Building_202606.zip,0.0
76109,\shp,76109_Rural_Lot_202606.zip,0.85
76109,\shp,76109_Rural_Nomenclature_202606.zip,0.0
76109,\shp,76109_Rural_Sector_202606.zip,0.33
76109,\shp,76109_Rural_Vereda_202606.zip,0.42
76109,\shp,76109_Urban_Block_202606.zip,0.75
76109,\shp,76109_Urban_Building_202606.zip,1.82
76109,\shp,76109_Urban_Lot_202606.zip,2.24
76109,\shp,76109_Urban_Nomenclature_202606.zip,0.76
76109,\shp,76109_Urban_Nomenclature_Road_202606.zip,0.11
76109,\shp,76109_Urban_Perimeter_202606.zip,0.05
76109,\shp,76109_Urban_Sector_202606.zip,0.02
76111,\shp,76111_OSM_Road_202608.zip,0.39
76111,\shp,76111_R1_202607.zip,0.54
76111,\shp,76111_R2_202607.zip,0.55
76111,\shp,76111_Rural_Building_202606.zip,0.27
76111,\shp,76111_Rural_Lot_202606.zip,1.59
76111,\shp,76111_Rural_Nomenclature_202606.zip,0.04
76111,\shp,76111_Rural_Nomenclature_Road_202606.zip,0.0
76111,\shp,76111_Rural_Sector_202606.zip,0.08
76111,\shp,76111_Rural_Vereda_202606.zip,0.12
76111,\shp,76111_Urban_Block_202606.zip,1.01
76111,\shp,76111_Urban_Building_202606.zip,4.7
76111,\shp,76111_Urban_Lot_202606.zip,3.82
76111,\shp,76111_Urban_Nomenclature_202606.zip,1.32
76111,\shp,76111_Urban_Nomenclature_Road_202606.zip,0.2
76111,\shp,76111_Urban_Perimeter_202606.zip,0.01
76111,\shp,76111_Urban_Sector_202606.zip,0.01
76113,\shp,76113_OSM_Road_202608.zip,0.19
76113,\shp,76113_R1_202607.zip,0.13
76113,\shp,76113_R2_202607.zip,0.13
76113,\shp,76113_Rural_Building_202606.zip,0.13
76113,\shp,76113_Rural_Lot_202606.zip,1.42
76113,\shp,76113_Rural_Nomenclature_202606.zip,0.04
76113,\shp,76113_Rural_Nomenclature_Road_202606.zip,0.01
76113,\shp,76113_Rural_Sector_202606.zip,0.09
76113,\shp,76113_Rural_Vereda_202606.zip,0.21
76113,\shp,76113_Urban_Block_202606.zip,0.18
76113,\shp,76113_Urban_Building_202606.zip,0.47
76113,\shp,76113_Urban_Lot_202606.zip,0.61
76113,\shp,76113_Urban_Nomenclature_202606.zip,0.14
76113,\shp,76113_Urban_Nomenclature_Road_202606.zip,0.02
76113,\shp,76113_Urban_Perimeter_202606.zip,0.01
76113,\shp,76113_Urban_Sector_202606.zip,0.01
76122,\shp,76122_OSM_Road_202608.zip,0.14
76122,\shp,76122_R1_202607.zip,0.14
76122,\shp,76122_R2_202607.zip,0.15
76122,\shp,76122_Rural_Building_202606.zip,0.08
76122,\shp,76122_Rural_Lot_202606.zip,0.75
76122,\shp,76122_Rural_Nomenclature_202606.zip,0.03
76122,\shp,76122_Rural_Nomenclature_Road_202606.zip,0.0
76122,\shp,76122_Rural_Sector_202606.zip,0.05
76122,\shp,76122_Rural_Vereda_202606.zip,0.1
76122,\shp,76122_Urban_Block_202606.zip,0.28
76122,\shp,76122_Urban_Building_202606.zip,0.92
76122,\shp,76122_Urban_Lot_202606.zip,0.84
76122,\shp,76122_Urban_Neighborhood_202606.zip,0.02
76122,\shp,76122_Urban_Nomenclature_202606.zip,0.33
76122,\shp,76122_Urban_Nomenclature_Road_202606.zip,0.02
76122,\shp,76122_Urban_Perimeter_202606.zip,0.02
76122,\shp,76122_Urban_Sector_202606.zip,0.02
76126,\shp,76126_OSM_Road_202608.zip,0.32
76126,\shp,76126_R1_202607.zip,0.11
76126,\shp,76126_R2_202607.zip,0.12
76126,\shp,76126_Rural_Building_202606.zip,0.62
76126,\shp,76126_Rural_Lot_202606.zip,1.24
76126,\shp,76126_Rural_Sector_202606.zip,0.11
76126,\shp,76126_Rural_Vereda_202606.zip,0.14
76126,\shp,76126_Urban_Block_202606.zip,0.2
76126,\shp,76126_Urban_Building_202606.zip,0.49
76126,\shp,76126_Urban_Lot_202606.zip,0.7
76126,\shp,76126_Urban_Neighborhood_202606.zip,0.0
76126,\shp,76126_Urban_Nomenclature_202606.zip,0.25
76126,\shp,76126_Urban_Nomenclature_Road_202606.zip,0.02
76126,\shp,76126_Urban_Sector_202606.zip,0.01
76130,\shp,76130_OSM_Road_202608.zip,0.5
76130,\shp,76130_Rural_Lot_202001.zip,1.37
76130,\shp,76130_Urban_Lot_202001.zip,1.84
76147,\shp,76147_OSM_Road_202608.zip,0.37
76147,\shp,76147_Rural_Lot_202001.zip,0.42
76147,\shp,76147_Urban_Lot_202001.zip,4.71
76233,\shp,76233_OSM_Road_202608.zip,0.68
76233,\shp,76233_Rural_Lot_202001.zip,3.08
76233,\shp,76233_Urban_Lot_202001.zip,0.88
76243,\shp,76243_OSM_Road_202608.zip,0.13
76243,\shp,76243_Rural_Lot_202001.zip,0.77
76243,\shp,76243_Urban_Lot_202001.zip,0.13
76245,\shp,76245_Rural_Nomenclature_202606.zip,0.0
76246,\shp,76246_OSM_Road_202608.zip,0.1
76246,\shp,76246_Rural_Lot_202001.zip,0.82
76246,\shp,76246_Urban_Lot_202001.zip,0.17
76248,\shp,76248_OSM_Road_202608.zip,0.3
76248,\shp,76248_R1_202607.zip,0.28
76248,\shp,76248_R2_202607.zip,0.29
76248,\shp,76248_Rural_Building_202606.zip,0.02
76248,\shp,76248_Rural_Lot_202606.zip,0.99
76248,\shp,76248_Rural_Nomenclature_202606.zip,0.04
76248,\shp,76248_Rural_Nomenclature_Road_202606.zip,0.0
76248,\shp,76248_Rural_Sector_202606.zip,0.07
76248,\shp,76248_Rural_Vereda_202606.zip,0.1
76248,\shp,76248_Urban_Block_202606.zip,0.51
76248,\shp,76248_Urban_Building_202606.zip,1.6
76248,\shp,76248_Urban_Lot_202606.zip,1.8
76248,\shp,76248_Urban_Nomenclature_202606.zip,0.54
76248,\shp,76248_Urban_Nomenclature_Road_202606.zip,0.07
76248,\shp,76248_Urban_Perimeter_202606.zip,0.03
76248,\shp,76248_Urban_Sector_202606.zip,0.03
76250,\shp,76250_OSM_Road_202608.zip,0.09
76250,\shp,76250_Rural_Lot_202001.zip,0.58
76250,\shp,76250_Urban_Lot_202001.zip,0.27
76275,\shp,76275_OSM_Road_202608.zip,0.16
76275,\shp,76275_Rural_Lot_202001.zip,0.88
76275,\shp,76275_Urban_Lot_202001.zip,1.32
76306,\shp,76306_OSM_Road_202608.zip,0.19
76306,\shp,76306_R1_202607.zip,0.14
76306,\shp,76306_R2_202607.zip,0.14
76306,\shp,76306_Rural_Building_202606.zip,0.02
76306,\shp,76306_Rural_Lot_202606.zip,1.07
76306,\shp,76306_Rural_Nomenclature_202606.zip,0.1
76306,\shp,76306_Rural_Nomenclature_Road_202606.zip,0.0
76306,\shp,76306_Rural_Sector_202606.zip,0.06
76306,\shp,76306_Rural_Vereda_202606.zip,0.08
76306,\shp,76306_Urban_Block_202606.zip,0.15
76306,\shp,76306_Urban_Building_202606.zip,0.57
76306,\shp,76306_Urban_Lot_202606.zip,0.51
76306,\shp,76306_Urban_Nomenclature_202606.zip,0.22
76306,\shp,76306_Urban_Nomenclature_Road_202606.zip,0.05
76306,\shp,76306_Urban_Perimeter_202606.zip,0.02
76306,\shp,76306_Urban_Sector_202606.zip,0.02
76318,\shp,76318_OSM_Road_202608.zip,0.13
76318,\shp,76318_Rural_Lot_202001.zip,0.49
76318,\shp,76318_Urban_Lot_202001.zip,0.97
76364,\shp,76364_OSM_Road_202608.zip,0.83
76364,\shp,76364_Rural_Lot_202001.zip,3.49
76364,\shp,76364_Urban_Lot_202001.zip,4.69
76377,\shp,76377_OSM_Road_202608.zip,0.29
76377,\shp,76377_Rural_Lot_202001.zip,1.5
76377,\shp,76377_Urban_Lot_202001.zip,0.36
76400,\shp,76400_OSM_Road_202608.zip,0.19
76400,\shp,76400_R1_202607.zip,0.18
76400,\shp,76400_R2_202607.zip,0.2
76400,\shp,76400_Rural_Building_202606.zip,0.14
76400,\shp,76400_Rural_Lot_202606.zip,0.87
76400,\shp,76400_Rural_Nomenclature_202606.zip,0.04
76400,\shp,76400_Rural_Nomenclature_Road_202606.zip,0.0
76400,\shp,76400_Rural_Sector_202606.zip,0.05
76400,\shp,76400_Rural_Vereda_202606.zip,0.09
76400,\shp,76400_Urban_Block_202606.zip,0.27
76400,\shp,76400_Urban_Building_202606.zip,1.03
76400,\shp,76400_Urban_Lot_202606.zip,0.99
76400,\shp,76400_Urban_Neighborhood_202606.zip,0.01
76400,\shp,76400_Urban_Nomenclature_202606.zip,0.39
76400,\shp,76400_Urban_Nomenclature_Road_202606.zip,0.04
76400,\shp,76400_Urban_Perimeter_202606.zip,0.02
76400,\shp,76400_Urban_Sector_202606.zip,0.02
76403,\shp,76403_OSM_Road_202608.zip,0.12
76403,\shp,76403_Rural_Lot_202001.zip,0.41
76403,\shp,76403_Urban_Lot_202001.zip,0.42
76497,\shp,76497_OSM_Road_202608.zip,0.16
76497,\shp,76497_Rural_Lot_202001.zip,0.47
76497,\shp,76497_Urban_Lot_202001.zip,0.34
76520,\shp,76520_OSM_Road_202608.zip,0.98
76520,\shp,76520_R1_202607.zip,1.28
76520,\shp,76520_R2_202607.zip,2.01
76520,\shp,76520_Rural_Building_202606.zip,5.48
76520,\shp,76520_Rural_Lot_202606.zip,5.83
76520,\shp,76520_Rural_Nomenclature_202606.zip,0.02
76520,\shp,76520_Rural_Nomenclature_Road_202606.zip,0.06
76520,\shp,76520_Rural_Sector_202606.zip,0.12
76520,\shp,76520_Rural_Vereda_202606.zip,0.43
76520,\shp,76520_Urban_Block_202606.zip,3.33
76520,\shp,76520_Urban_Building_202606.zip,17.25
76520,\shp,76520_Urban_Lot_202606.zip,14.81
76520,\shp,76520_Urban_Nomenclature_202606.zip,3.51
76520,\shp,76520_Urban_Nomenclature_Road_202606.zip,0.23
76520,\shp,76520_Urban_Perimeter_202606.zip,0.01
76520,\shp,76520_Urban_Sector_202606.zip,0.06
76563,\shp,76563_OSM_Road_202608.zip,0.16
76563,\shp,76563_Rural_Lot_202001.zip,0.58
76563,\shp,76563_Urban_Lot_202001.zip,1.16
76606,\shp,76606_OSM_Road_202608.zip,0.14
76606,\shp,76606_Rural_Lot_202001.zip,0.77
76606,\shp,76606_Urban_Lot_202001.zip,0.29
76616,\shp,76616_OSM_Road_202608.zip,0.15
76616,\shp,76616_R1_202607.zip,0.09
76616,\shp,76616_R2_202607.zip,0.11
76616,\shp,76616_Rural_Building_202606.zip,0.01
76616,\shp,76616_Rural_Lot_202606.zip,1.03
76616,\shp,76616_Rural_Nomenclature_202606.zip,0.0
76616,\shp,76616_Rural_Sector_202606.zip,0.08
76616,\shp,76616_Rural_Vereda_202606.zip,0.16
76616,\shp,76616_Urban_Block_202606.zip,0.16
76616,\shp,76616_Urban_Building_202606.zip,0.55
76616,\shp,76616_Urban_Lot_202606.zip,0.5
76616,\shp,76616_Urban_Nomenclature_202606.zip,0.22
76616,\shp,76616_Urban_Nomenclature_Road_202606.zip,0.05
76616,\shp,76616_Urban_Perimeter_202606.zip,0.02
76622,\shp,76622_OSM_Road_202608.zip,0.24
76622,\shp,76622_Rural_Lot_202001.zip,0.93
76622,\shp,76622_Urban_Lot_202001.zip,1.1
76670,\shp,76670_OSM_Road_202608.zip,0.15
76670,\shp,76670_R1_202607.zip,0.1
76670,\shp,76670_R2_202607.zip,0.1
76670,\shp,76670_Rural_Building_202606.zip,0.01
76670,\shp,76670_Rural_Lot_202606.zip,0.43
76670,\shp,76670_Rural_Nomenclature_202606.zip,0.01
76670,\shp,76670_Rural_Nomenclature_Road_202606.zip,0.0
76670,\shp,76670_Rural_Sector_202606.zip,0.05
76670,\shp,76670_Rural_Vereda_202606.zip,0.08
76670,\shp,76670_Urban_Block_202606.zip,0.12
76670,\shp,76670_Urban_Building_202606.zip,0.33
76670,\shp,76670_Urban_Lot_202606.zip,0.4
76670,\shp,76670_Urban_Nomenclature_202606.zip,0.04
76670,\shp,76670_Urban_Nomenclature_Road_202606.zip,0.01
76670,\shp,76670_Urban_Perimeter_202606.zip,0.04
76736,\shp,76736_OSM_Road_202608.zip,0.37
76736,\shp,76736_Rural_Lot_202001.zip,1.36
76736,\shp,76736_Urban_Lot_202001.zip,1.12
76761,\shp,76761_Urban_Perimeter_202606.zip,0.02
76823,\shp,76823_OSM_Road_202608.zip,0.11
76823,\shp,76823_Rural_Lot_202001.zip,0.57
76823,\shp,76823_Urban_Lot_202001.zip,0.54
76828,\shp,76828_OSM_Road_202608.zip,0.19
76828,\shp,76828_Rural_Lot_202001.zip,0.71
76828,\shp,76828_Urban_Lot_202001.zip,0.43
76834,\shp,76834_OSM_Road_202608.zip,0.61
76834,\shp,76834_Rural_Lot_202001.zip,1.62
76834,\shp,76834_Urban_Lot_202001.zip,4.39
76845,\shp,76845_OSM_Road_202608.zip,0.1
76845,\shp,76845_R1_202607.zip,0.03
76845,\shp,76845_R2_202607.zip,0.03
76845,\shp,76845_Rural_Building_202606.zip,0.0
76845,\shp,76845_Rural_Lot_202606.zip,0.33
76845,\shp,76845_Rural_Nomenclature_202606.zip,0.0
76845,\shp,76845_Rural_Sector_202606.zip,0.05
76845,\shp,76845_Rural_Vereda_202606.zip,0.05
76845,\shp,76845_Urban_Block_202606.zip,0.04
76845,\shp,76845_Urban_Building_202606.zip,0.08
76845,\shp,76845_Urban_Lot_202606.zip,0.11
76845,\shp,76845_Urban_Neighborhood_202606.zip,0.02
76845,\shp,76845_Urban_Nomenclature_202606.zip,0.01
76845,\shp,76845_Urban_Nomenclature_Road_202606.zip,0.01
76845,\shp,76845_Urban_Perimeter_202606.zip,0.01
76845,\shp,76845_Urban_Sector_202606.zip,0.02
76863,\shp,76863_OSM_Road_202608.zip,0.1
76863,\shp,76863_Rural_Lot_202001.zip,0.54
76863,\shp,76863_Urban_Lot_202001.zip,0.18
76869,\shp,76869_OSM_Road_202608.zip,0.11
76869,\shp,76869_R1_202607.zip,0.08
76869,\shp,76869_R2_202607.zip,0.08
76869,\shp,76869_Rural_Building_202606.zip,0.01
76869,\shp,76869_Rural_Lot_202606.zip,0.6
76869,\shp,76869_Rural_Nomenclature_202606.zip,0.01
76869,\shp,76869_Rural_Sector_202606.zip,0.02
76869,\shp,76869_Rural_Vereda_202606.zip,0.06
76869,\shp,76869_Urban_Block_202606.zip,0.13
76869,\shp,76869_Urban_Building_202606.zip,0.34
76869,\shp,76869_Urban_Lot_202606.zip,0.42
76869,\shp,76869_Urban_Nomenclature_202606.zip,0.16
76869,\shp,76869_Urban_Nomenclature_Road_202606.zip,0.02
76869,\shp,76869_Urban_Perimeter_202606.zip,0.01
76869,\shp,76869_Urban_Sector_202606.zip,0.01
76890,\shp,76890_OSM_Road_202608.zip,0.23
76890,\shp,76890_R1_202607.zip,0.09
76890,\shp,76890_R2_202607.zip,0.1
76890,\shp,76890_Rural_Building_202606.zip,0.03
76890,\shp,76890_Rural_Lot_202606.zip,0.79
76890,\shp,76890_Rural_Nomenclature_202606.zip,0.02
76890,\shp,76890_Rural_Sector_202606.zip,0.07
76890,\shp,76890_Rural_Vereda_202606.zip,0.11
76890,\shp,76890_Urban_Block_202606.zip,0.1
76890,\shp,76890_Urban_Building_202606.zip,0.35
76890,\shp,76890_Urban_Lot_202606.zip,0.38
76890,\shp,76890_Urban_Nomenclature_202606.zip,0.12
76890,\shp,76890_Urban_Nomenclature_Road_202606.zip,0.01
76890,\shp,76890_Urban_Perimeter_202606.zip,0.01
76892,\shp,76892_OSM_Road_202608.zip,0.57
76892,\shp,76892_Rural_Lot_202001.zip,1.86
76892,\shp,76892_Urban_Lot_202001.zip,2.91
76895,\shp,76895_OSM_Road_202608.zip,0.18
76895,\shp,76895_R1_202607.zip,0.2
76895,\shp,76895_R2_202607.zip,0.21
76895,\shp,76895_Rural_Building_202606.zip,0.1
76895,\shp,76895_Rural_Lot_202606.zip,0.46
76895,\shp,76895_Rural_Nomenclature_202606.zip,0.03
76895,\shp,76895_Rural_Nomenclature_Road_202606.zip,0.0
76895,\shp,76895_Rural_Sector_202606.zip,0.06
76895,\shp,76895_Rural_Vereda_202606.zip,0.1
76895,\shp,76895_Urban_Block_202606.zip,0.41
76895,\shp,76895_Urban_Building_202606.zip,1.51
76895,\shp,76895_Urban_Lot_202606.zip,1.35
76895,\shp,76895_Urban_Neighborhood_202606.zip,0.03
76895,\shp,76895_Urban_Nomenclature_202606.zip,0.54
76895,\shp,76895_Urban_Nomenclature_Road_202606.zip,0.08
76895,\shp,76895_Urban_Perimeter_202606.zip,0.03
76895,\shp,76895_Urban_Sector_202606.zip,0.03
81001,\shp,81001_OSM_Road_202608.zip,0.26
81001,\shp,81001_R1_202607.zip,0.38
81001,\shp,81001_R2_202607.zip,0.34
81001,\shp,81001_Rural_Building_202606.zip,0.0
81001,\shp,81001_Rural_Lot_202606.zip,0.61
81001,\shp,81001_Rural_Nomenclature_202606.zip,0.0
81001,\shp,81001_Rural_Sector_202606.zip,0.18
81001,\shp,81001_Rural_Vereda_202606.zip,0.28
81065,\shp,81065_OSM_Road_202608.zip,0.36
81065,\shp,81065_R1_202607.zip,0.16
81065,\shp,81065_R2_202607.zip,0.2
81065,\shp,81065_Rural_Building_202606.zip,0.19
81065,\shp,81065_Rural_Lot_202606.zip,3.47
81065,\shp,81065_Rural_Nomenclature_202606.zip,0.03
81065,\shp,81065_Rural_Nomenclature_Road_202606.zip,0.0
81065,\shp,81065_Rural_Sector_202606.zip,0.28
81065,\shp,81065_Rural_Vereda_202606.zip,1.03
81065,\shp,81065_Urban_Block_202606.zip,0.07
81065,\shp,81065_Urban_Building_202606.zip,0.14
81065,\shp,81065_Urban_Lot_202606.zip,0.19
81065,\shp,81065_Urban_Nomenclature_202606.zip,0.09
81065,\shp,81065_Urban_Nomenclature_Road_202606.zip,0.01
81065,\shp,81065_Urban_Perimeter_202606.zip,0.01
81065,\shp,81065_Urban_Sector_202606.zip,0.01
81220,\shp,81220_OSM_Road_202608.zip,0.08
81220,\shp,81220_R1_202607.zip,0.04
81220,\shp,81220_R2_202607.zip,0.04
81220,\shp,81220_Rural_Building_202606.zip,0.0
81220,\shp,81220_Rural_Lot_202606.zip,0.49
81220,\shp,81220_Rural_Nomenclature_202606.zip,0.0
81220,\shp,81220_Rural_Sector_202606.zip,0.11
81220,\shp,81220_Rural_Vereda_202606.zip,0.24
81220,\shp,81220_Urban_Block_202606.zip,0.05
81220,\shp,81220_Urban_Building_202606.zip,0.11
81220,\shp,81220_Urban_Lot_202606.zip,0.11
81220,\shp,81220_Urban_Nomenclature_202606.zip,0.01
81220,\shp,81220_Urban_Nomenclature_Road_202606.zip,0.01
81220,\shp,81220_Urban_Perimeter_202606.zip,0.0
81220,\shp,81220_Urban_Sector_202606.zip,0.0
81300,\shp,81300_OSM_Road_202608.zip,0.11
81300,\shp,81300_R1_202607.zip,0.08
81300,\shp,81300_R2_202607.zip,0.08
81300,\shp,81300_Rural_Lot_202606.zip,0.5
81300,\shp,81300_Rural_Nomenclature_202606.zip,0.01
81300,\shp,81300_Rural_Sector_202606.zip,0.04
81300,\shp,81300_Rural_Vereda_202606.zip,0.14
81300,\shp,81300_Urban_Block_202606.zip,0.09
81300,\shp,81300_Urban_Building_202606.zip,0.23
81300,\shp,81300_Urban_Lot_202606.zip,0.23
81300,\shp,81300_Urban_Neighborhood_202606.zip,0.01
81300,\shp,81300_Urban_Nomenclature_202606.zip,0.11
81300,\shp,81300_Urban_Nomenclature_Road_202606.zip,0.02
81300,\shp,81300_Urban_Perimeter_202606.zip,0.01
81300,\shp,81300_Urban_Sector_202606.zip,0.01
81591,\shp,81591_OSM_Road_202608.zip,0.08
81591,\shp,81591_R1_202607.zip,0.04
81591,\shp,81591_R2_202607.zip,0.03
81591,\shp,81591_Rural_Lot_202606.zip,0.43
81591,\shp,81591_Rural_Nomenclature_202606.zip,0.0
81591,\shp,81591_Rural_Sector_202606.zip,0.09
81591,\shp,81591_Rural_Vereda_202606.zip,0.23
81591,\shp,81591_Urban_Block_202606.zip,0.03
81591,\shp,81591_Urban_Building_202606.zip,0.08
81591,\shp,81591_Urban_Lot_202606.zip,0.08
81591,\shp,81591_Urban_Neighborhood_202606.zip,0.0
81591,\shp,81591_Urban_Nomenclature_202606.zip,0.0
81591,\shp,81591_Urban_Perimeter_202606.zip,0.0
81591,\shp,81591_Urban_Sector_202606.zip,0.0
81736,\shp,81736_OSM_Road_202608.zip,0.21
81736,\shp,81736_R1_202607.zip,0.3
81736,\shp,81736_R2_202607.zip,0.26
81736,\shp,81736_Rural_Building_202606.zip,0.01
81736,\shp,81736_Rural_Lot_202606.zip,0.51
81736,\shp,81736_Rural_Nomenclature_202606.zip,0.03
81736,\shp,81736_Rural_Sector_202606.zip,0.11
81736,\shp,81736_Rural_Vereda_202606.zip,0.14
81736,\shp,81736_Urban_Block_202606.zip,0.39
81736,\shp,81736_Urban_Building_202606.zip,1.4
81736,\shp,81736_Urban_Lot_202606.zip,1.13
81736,\shp,81736_Urban_Nomenclature_202606.zip,0.58
81736,\shp,81736_Urban_Nomenclature_Road_202606.zip,0.05
81736,\shp,81736_Urban_Perimeter_202606.zip,0.0
81736,\shp,81736_Urban_Sector_202606.zip,0.36
81794,\shp,81794_OSM_Road_202608.zip,0.37
81794,\shp,81794_R1_202607.zip,0.36
81794,\shp,81794_R2_202607.zip,0.27
81794,\shp,81794_Urban_Block_202606.zip,0.28
81794,\shp,81794_Urban_Building_202606.zip,0.97
81794,\shp,81794_Urban_Lot_202606.zip,0.83
81794,\shp,81794_Urban_Nomenclature_202606.zip,0.38
81794,\shp,81794_Urban_Nomenclature_Road_202606.zip,0.04
82960,\shp,82960_Rural_Lot_202001.zip,0.0
85001,\shp,85001_OSM_Road_202608.zip,0.79
85001,\shp,85001_Rural_Lot_202606.zip,2.13
85001,\shp,85001_Urban_Lot_202606.zip,2.62
85010,\shp,85010_OSM_Road_202608.zip,0.33
85010,\shp,85010_R1_202607.zip,0.25
85010,\shp,85010_R2_202607.zip,0.27
85010,\shp,85010_Rural_Building_202606.zip,0.01
85010,\shp,85010_Rural_Lot_202606.zip,1.6
85010,\shp,85010_Rural_Nomenclature_202606.zip,0.02
85010,\shp,85010_Rural_Sector_202606.zip,0.11
85010,\shp,85010_Rural_Vereda_202606.zip,0.25
85010,\shp,85010_Urban_Block_202606.zip,0.4
85010,\shp,85010_Urban_Building_202606.zip,1.2
85010,\shp,85010_Urban_Lot_202606.zip,1.11
85010,\shp,85010_Urban_Nomenclature_202606.zip,0.56
85010,\shp,85010_Urban_Nomenclature_Road_202606.zip,0.06
85010,\shp,85010_Urban_Perimeter_202606.zip,0.03
85010,\shp,85010_Urban_Sector_202606.zip,0.03
85015,\shp,85015_OSM_Road_202608.zip,0.05
85015,\shp,85015_R1_202607.zip,0.02
85015,\shp,85015_R2_202607.zip,0.02
85015,\shp,85015_Rural_Building_202606.zip,0.0
85015,\shp,85015_Rural_Lot_202606.zip,0.25
85015,\shp,85015_Rural_Nomenclature_202606.zip,0.0
85015,\shp,85015_Rural_Sector_202606.zip,0.03
85015,\shp,85015_Rural_Vereda_202606.zip,0.05
85015,\shp,85015_Urban_Block_202606.zip,0.02
85015,\shp,85015_Urban_Building_202606.zip,0.03
85015,\shp,85015_Urban_Lot_202606.zip,0.04
85015,\shp,85015_Urban_Neighborhood_202606.zip,0.0
85015,\shp,85015_Urban_Nomenclature_202606.zip,0.0
85015,\shp,85015_Urban_Nomenclature_Road_202606.zip,0.0
85015,\shp,85015_Urban_Perimeter_202606.zip,0.0
85015,\shp,85015_Urban_Sector_202606.zip,0.0
85125,\shp,85125_OSM_Road_202608.zip,0.15
85125,\shp,85125_R1_202607.zip,0.08
85125,\shp,85125_R2_202607.zip,0.09
85125,\shp,85125_Rural_Building_202606.zip,0.08
85125,\shp,85125_Rural_Lot_202606.zip,2.7
85125,\shp,85125_Rural_Nomenclature_202606.zip,0.01
85125,\shp,85125_Rural_Sector_202606.zip,1.08
85125,\shp,85125_Rural_Vereda_202606.zip,1.28
85125,\shp,85125_Urban_Block_202606.zip,0.08
85125,\shp,85125_Urban_Building_202606.zip,0.2
85125,\shp,85125_Urban_Lot_202606.zip,0.2
85125,\shp,85125_Urban_Neighborhood_202606.zip,0.01
85125,\shp,85125_Urban_Nomenclature_202606.zip,0.02
85125,\shp,85125_Urban_Nomenclature_Road_202606.zip,0.01
85125,\shp,85125_Urban_Perimeter_202606.zip,0.01
85125,\shp,85125_Urban_Sector_202606.zip,0.01
85136,\shp,85136_OSM_Road_202608.zip,0.04
85136,\shp,85136_R1_202607.zip,0.01
85136,\shp,85136_R2_202607.zip,0.01
85136,\shp,85136_Rural_Lot_202606.zip,0.21
85136,\shp,85136_Rural_Nomenclature_202606.zip,0.0
85136,\shp,85136_Rural_Sector_202606.zip,0.04
85136,\shp,85136_Rural_Vereda_202606.zip,0.08
85136,\shp,85136_Urban_Block_202606.zip,0.02
85136,\shp,85136_Urban_Building_202606.zip,0.02
85136,\shp,85136_Urban_Lot_202606.zip,0.02
85136,\shp,85136_Urban_Nomenclature_202606.zip,0.0
85136,\shp,85136_Urban_Perimeter_202606.zip,0.0
85136,\shp,85136_Urban_Sector_202606.zip,0.0
85139,\shp,85139_OSM_Road_202608.zip,0.13
85139,\shp,85139_R1_202607.zip,0.1
85139,\shp,85139_R2_202607.zip,0.11
85139,\shp,85139_Rural_Lot_202606.zip,1.08
85139,\shp,85139_Rural_Nomenclature_202606.zip,0.01
85139,\shp,85139_Rural_Nomenclature_Road_202606.zip,0.0
85139,\shp,85139_Rural_Sector_202606.zip,0.29
85139,\shp,85139_Rural_Vereda_202606.zip,0.48
85139,\shp,85139_Urban_Block_202606.zip,0.11
85139,\shp,85139_Urban_Building_202606.zip,0.42
85139,\shp,85139_Urban_Lot_202606.zip,0.34
85139,\shp,85139_Urban_Nomenclature_202606.zip,0.18
85139,\shp,85139_Urban_Nomenclature_Road_202606.zip,0.02
85139,\shp,85139_Urban_Perimeter_202606.zip,0.01
85139,\shp,85139_Urban_Sector_202606.zip,0.01
85162,\shp,85162_OSM_Road_202608.zip,0.21
85162,\shp,85162_R1_202607.zip,0.1
85162,\shp,85162_R2_202607.zip,0.1
85162,\shp,85162_Rural_Building_202606.zip,0.0
85162,\shp,85162_Rural_Lot_202606.zip,0.92
85162,\shp,85162_Rural_Nomenclature_202606.zip,0.01
85162,\shp,85162_Rural_Sector_202606.zip,0.07
85162,\shp,85162_Rural_Vereda_202606.zip,0.25
85162,\shp,85162_Urban_Block_202606.zip,0.26
85162,\shp,85162_Urban_Building_202606.zip,0.47
85162,\shp,85162_Urban_Lot_202606.zip,0.62
85162,\shp,85162_Urban_Nomenclature_202606.zip,0.26
85162,\shp,85162_Urban_Nomenclature_Road_202606.zip,0.04
85162,\shp,85162_Urban_Perimeter_202606.zip,0.02
85162,\shp,85162_Urban_Sector_202606.zip,0.02
85225,\shp,85225_OSM_Road_202608.zip,0.1
85225,\shp,85225_R1_202607.zip,0.06
85225,\shp,85225_R2_202607.zip,0.06
85225,\shp,85225_Rural_Building_202606.zip,0.0
85225,\shp,85225_Rural_Lot_202606.zip,1.22
85225,\shp,85225_Rural_Nomenclature_202606.zip,0.14
85225,\shp,85225_Rural_Sector_202606.zip,0.14
85225,\shp,85225_Rural_Vereda_202606.zip,0.15
85225,\shp,85225_Urban_Block_202606.zip,0.04
85225,\shp,85225_Urban_Building_202606.zip,0.11
85225,\shp,85225_Urban_Lot_202606.zip,0.1
85225,\shp,85225_Urban_Neighborhood_202606.zip,0.01
85225,\shp,85225_Urban_Nomenclature_202606.zip,0.05
85225,\shp,85225_Urban_Nomenclature_Road_202606.zip,0.01
85225,\shp,85225_Urban_Perimeter_202606.zip,0.01
85225,\shp,85225_Urban_Sector_202606.zip,0.01
85230,\shp,85230_OSM_Road_202608.zip,0.13
85230,\shp,85230_R1_202607.zip,0.05
85230,\shp,85230_R2_202607.zip,0.05
85230,\shp,85230_Rural_Building_202606.zip,0.0
85230,\shp,85230_Rural_Lot_202606.zip,1.0
85230,\shp,85230_Rural_Nomenclature_202606.zip,0.01
85230,\shp,85230_Rural_Sector_202606.zip,0.16
85230,\shp,85230_Rural_Vereda_202606.zip,0.59
85230,\shp,85230_Urban_Block_202606.zip,0.06
85230,\shp,85230_Urban_Building_202606.zip,0.07
85230,\shp,85230_Urban_Lot_202606.zip,0.13
85230,\shp,85230_Urban_Neighborhood_202606.zip,0.0
85230,\shp,85230_Urban_Nomenclature_202606.zip,0.08
85230,\shp,85230_Urban_Nomenclature_Road_202606.zip,0.01
85230,\shp,85230_Urban_Perimeter_202606.zip,0.0
85230,\shp,85230_Urban_Sector_202606.zip,0.0
85250,\shp,85250_OSM_Road_202608.zip,0.21
85250,\shp,85250_R1_202607.zip,0.23
85250,\shp,85250_R2_202607.zip,0.25
85250,\shp,85250_Rural_Lot_202606.zip,1.98
85250,\shp,85250_Rural_Nomenclature_202606.zip,0.04
85250,\shp,85250_Rural_Sector_202606.zip,0.23
85250,\shp,85250_Rural_Vereda_202606.zip,0.67
85250,\shp,85250_Urban_Block_202606.zip,0.71
85250,\shp,85250_Urban_Building_202606.zip,1.5
85250,\shp,85250_Urban_Lot_202606.zip,1.88
85250,\shp,85250_Urban_Neighborhood_202606.zip,0.01
85250,\shp,85250_Urban_Nomenclature_202606.zip,0.85
85250,\shp,85250_Urban_Nomenclature_Road_202606.zip,0.06
85250,\shp,85250_Urban_Perimeter_202606.zip,0.01
85250,\shp,85250_Urban_Sector_202606.zip,0.02
85263,\shp,85263_OSM_Road_202608.zip,0.08
85263,\shp,85263_R1_202607.zip,0.07
85263,\shp,85263_R2_202607.zip,0.06
85263,\shp,85263_Rural_Building_202606.zip,0.0
85263,\shp,85263_Rural_Lot_202606.zip,0.49
85263,\shp,85263_Rural_Nomenclature_202606.zip,0.01
85263,\shp,85263_Rural_Sector_202606.zip,0.06
85263,\shp,85263_Rural_Vereda_202606.zip,0.11
85263,\shp,85263_Urban_Block_202606.zip,0.08
85263,\shp,85263_Urban_Building_202606.zip,0.18
85263,\shp,85263_Urban_Lot_202606.zip,0.22
85263,\shp,85263_Urban_Neighborhood_202606.zip,0.07
85263,\shp,85263_Urban_Nomenclature_202606.zip,0.03
85263,\shp,85263_Urban_Nomenclature_Road_202606.zip,0.01
85263,\shp,85263_Urban_Perimeter_202606.zip,0.01
85263,\shp,85263_Urban_Sector_202606.zip,0.01
85279,\shp,85279_OSM_Road_202608.zip,0.03
85279,\shp,85279_R1_202607.zip,0.01
85279,\shp,85279_R2_202607.zip,0.01
85279,\shp,85279_Rural_Lot_202606.zip,0.22
85279,\shp,85279_Rural_Nomenclature_202606.zip,0.0
85279,\shp,85279_Rural_Sector_202606.zip,0.03
85279,\shp,85279_Rural_Vereda_202606.zip,0.05
85279,\shp,85279_Urban_Block_202606.zip,0.01
85279,\shp,85279_Urban_Building_202606.zip,0.01
85279,\shp,85279_Urban_Lot_202606.zip,0.01
85279,\shp,85279_Urban_Nomenclature_202606.zip,0.0
85279,\shp,85279_Urban_Nomenclature_Road_202606.zip,0.0
85279,\shp,85279_Urban_Perimeter_202606.zip,0.0
85279,\shp,85279_Urban_Sector_202606.zip,0.0
85300,\shp,85300_OSM_Road_202608.zip,0.08
85300,\shp,85300_R1_202607.zip,0.03
85300,\shp,85300_R2_202607.zip,0.03
85300,\shp,85300_Rural_Building_202606.zip,0.01
85300,\shp,85300_Rural_Lot_202606.zip,0.39
85300,\shp,85300_Rural_Nomenclature_202606.zip,0.01
85300,\shp,85300_Rural_Sector_202606.zip,0.03
85300,\shp,85300_Rural_Vereda_202606.zip,0.09
85300,\shp,85300_Urban_Block_202606.zip,0.03
85300,\shp,85300_Urban_Building_202606.zip,0.08
85300,\shp,85300_Urban_Lot_202606.zip,0.09
85300,\shp,85300_Urban_Nomenclature_202606.zip,0.04
85300,\shp,85300_Urban_Nomenclature_Road_202606.zip,0.01
85300,\shp,85300_Urban_Perimeter_202606.zip,0.01
85315,\shp,85315_OSM_Road_202608.zip,0.02
85315,\shp,85315_R1_202607.zip,0.01
85315,\shp,85315_R2_202607.zip,0.01
85315,\shp,85315_Rural_Building_202606.zip,0.0
85315,\shp,85315_Rural_Lot_202606.zip,0.21
85315,\shp,85315_Rural_Nomenclature_202606.zip,0.0
85315,\shp,85315_Rural_Sector_202606.zip,0.05
85315,\shp,85315_Rural_Vereda_202606.zip,0.08
85315,\shp,85315_Urban_Block_202606.zip,0.02
85315,\shp,85315_Urban_Building_202606.zip,0.06
85315,\shp,85315_Urban_Lot_202606.zip,0.04
85315,\shp,85315_Urban_Nomenclature_202606.zip,0.0
85315,\shp,85315_Urban_Nomenclature_Road_202606.zip,0.0
85315,\shp,85315_Urban_Perimeter_202606.zip,0.0
85315,\shp,85315_Urban_Sector_202606.zip,0.0
85325,\shp,85325_OSM_Road_202608.zip,0.17
85325,\shp,85325_R1_202607.zip,0.05
85325,\shp,85325_R2_202607.zip,0.05
85325,\shp,85325_Rural_Building_202606.zip,0.0
85325,\shp,85325_Rural_Lot_202606.zip,0.73
85325,\shp,85325_Rural_Nomenclature_202606.zip,0.01
85325,\shp,85325_Rural_Sector_202606.zip,0.12
85325,\shp,85325_Rural_Vereda_202606.zip,0.3
85325,\shp,85325_Urban_Block_202606.zip,0.05
85325,\shp,85325_Urban_Building_202606.zip,0.1
85325,\shp,85325_Urban_Lot_202606.zip,0.12
85325,\shp,85325_Urban_Neighborhood_202606.zip,0.0
85325,\shp,85325_Urban_Nomenclature_202606.zip,0.05
85325,\shp,85325_Urban_Nomenclature_Road_202606.zip,0.01
85325,\shp,85325_Urban_Perimeter_202606.zip,0.0
85325,\shp,85325_Urban_Sector_202606.zip,0.0
85350,\shp,85350_Urban_Lot_202001.zip,0.0
85400,\shp,85400_OSM_Road_202608.zip,0.06
85400,\shp,85400_R1_202607.zip,0.06
85400,\shp,85400_R2_202607.zip,0.06
85400,\shp,85400_Rural_Lot_202606.zip,0.97
85400,\shp,85400_Rural_Nomenclature_202606.zip,0.0
85400,\shp,85400_Rural_Vereda_202606.zip,0.15
85400,\shp,85400_Urban_Block_202606.zip,0.03
85400,\shp,85400_Urban_Building_202606.zip,0.08
85400,\shp,85400_Urban_Lot_202606.zip,0.08
85400,\shp,85400_Urban_Nomenclature_202606.zip,0.02
85400,\shp,85400_Urban_Nomenclature_Road_202606.zip,0.01
85400,\shp,85400_Urban_Perimeter_202606.zip,0.01
85410,\shp,85410_OSM_Road_202608.zip,0.36
85410,\shp,85410_R1_202607.zip,0.14
85410,\shp,85410_R2_202607.zip,0.18
85410,\shp,85410_Rural_Building_202606.zip,0.03
85410,\shp,85410_Rural_Lot_202606.zip,1.2
85410,\shp,85410_Rural_Nomenclature_202606.zip,0.02
85410,\shp,85410_Rural_Sector_202606.zip,0.2
85410,\shp,85410_Rural_Vereda_202606.zip,0.26
85410,\shp,85410_Urban_Block_202606.zip,0.2
85410,\shp,85410_Urban_Building_202606.zip,0.95
85410,\shp,85410_Urban_Lot_202606.zip,0.56
85410,\shp,85410_Urban_Nomenclature_202606.zip,0.27
85410,\shp,85410_Urban_Nomenclature_Road_202606.zip,0.04
85410,\shp,85410_Urban_Perimeter_202606.zip,0.01
85430,\shp,85430_OSM_Road_202608.zip,0.1
85430,\shp,85430_R1_202607.zip,0.07
85430,\shp,85430_R2_202607.zip,0.07
85430,\shp,85430_Rural_Building_202606.zip,0.02
85430,\shp,85430_Rural_Lot_202606.zip,0.84
85430,\shp,85430_Rural_Nomenclature_202606.zip,0.05
85430,\shp,85430_Rural_Sector_202606.zip,0.16
85430,\shp,85430_Rural_Vereda_202606.zip,0.27
85430,\shp,85430_Urban_Block_202606.zip,0.1
85430,\shp,85430_Urban_Building_202606.zip,0.24
85430,\shp,85430_Urban_Lot_202606.zip,0.25
85430,\shp,85430_Urban_Nomenclature_202606.zip,0.13
85430,\shp,85430_Urban_Nomenclature_Road_202606.zip,0.02
85430,\shp,85430_Urban_Perimeter_202606.zip,0.01
85430,\shp,85430_Urban_Sector_202606.zip,0.0
85440,\shp,85440_OSM_Road_202608.zip,0.21
85440,\shp,85440_R1_202607.zip,0.14
85440,\shp,85440_R2_202607.zip,0.13
85440,\shp,85440_Rural_Building_202606.zip,0.0
85440,\shp,85440_Rural_Lot_202606.zip,0.45
85440,\shp,85440_Rural_Nomenclature_202606.zip,0.02
85440,\shp,85440_Rural_Sector_202606.zip,0.05
85440,\shp,85440_Rural_Vereda_202606.zip,0.07
85440,\shp,85440_Urban_Block_202606.zip,0.18
85440,\shp,85440_Urban_Building_202606.zip,0.61
85440,\shp,85440_Urban_Lot_202606.zip,0.59
85440,\shp,85440_Urban_Nomenclature_202606.zip,0.06
85440,\shp,85440_Urban_Nomenclature_Road_202606.zip,0.03
85440,\shp,85440_Urban_Perimeter_202606.zip,0.01
85440,\shp,85440_Urban_Sector_202606.zip,0.01
86001,\shp,86001_OSM_Road_202608.zip,0.21
86001,\shp,86001_R1_202607.zip,0.26
86001,\shp,86001_R2_202607.zip,0.3
86001,\shp,86001_Rural_Building_202606.zip,0.23
86001,\shp,86001_Rural_Lot_202606.zip,2.5
86001,\shp,86001_Rural_Nomenclature_202606.zip,0.02
86001,\shp,86001_Rural_Sector_202606.zip,0.15
86001,\shp,86001_Rural_Vereda_202606.zip,0.67
86001,\shp,86001_Urban_Block_202606.zip,0.35
86001,\shp,86001_Urban_Building_202606.zip,1.36
86001,\shp,86001_Urban_Lot_202606.zip,1.16
86001,\shp,86001_Urban_Nomenclature_202606.zip,0.42
86001,\shp,86001_Urban_Nomenclature_Road_202606.zip,0.05
86001,\shp,86001_Urban_Perimeter_202606.zip,0.03
86001,\shp,86001_Urban_Sector_202606.zip,0.03
86219,\shp,86219_OSM_Road_202608.zip,0.03
86219,\shp,86219_R1_202607.zip,0.04
86219,\shp,86219_R2_202607.zip,0.04
86219,\shp,86219_Rural_Building_202606.zip,0.0
86219,\shp,86219_Rural_Lot_202606.zip,0.34
86219,\shp,86219_Rural_Nomenclature_202606.zip,0.0
86219,\shp,86219_Rural_Nomenclature_Road_202606.zip,0.0
86219,\shp,86219_Rural_Sector_202606.zip,0.05
86219,\shp,86219_Rural_Vereda_202606.zip,0.07
86219,\shp,86219_Urban_Block_202606.zip,0.08
86219,\shp,86219_Urban_Building_202606.zip,0.1
86219,\shp,86219_Urban_Lot_202606.zip,0.21
86219,\shp,86219_Urban_Nomenclature_202606.zip,0.06
86219,\shp,86219_Urban_Nomenclature_Road_202606.zip,0.01
86219,\shp,86219_Urban_Perimeter_202606.zip,0.01
86219,\shp,86219_Urban_Sector_202606.zip,0.01
86320,\shp,86320_OSM_Road_202608.zip,0.16
86320,\shp,86320_R1_202607.zip,0.11
86320,\shp,86320_R2_202607.zip,0.2
86320,\shp,86320_Rural_Building_202606.zip,0.23
86320,\shp,86320_Rural_Lot_202606.zip,5.51
86320,\shp,86320_Rural_Nomenclature_202606.zip,0.51
86320,\shp,86320_Rural_Nomenclature_Road_202606.zip,0.57
86320,\shp,86320_Rural_Sector_202606.zip,0.67
86320,\shp,86320_Rural_Vereda_202606.zip,2.6
86320,\shp,86320_Urban_Block_202606.zip,0.4
86320,\shp,86320_Urban_Building_202606.zip,0.84
86320,\shp,86320_Urban_Lot_202606.zip,0.92
86320,\shp,86320_Urban_Nomenclature_202606.zip,0.46
86320,\shp,86320_Urban_Nomenclature_Road_202606.zip,0.04
86320,\shp,86320_Urban_Perimeter_202606.zip,0.07
86320,\shp,86320_Urban_Sector_202606.zip,0.07
86568,\shp,86568_OSM_Road_202608.zip,0.2
86568,\shp,86568_R1_202607.zip,0.28
86568,\shp,86568_R2_202607.zip,0.36
86568,\shp,86568_Rural_Building_202606.zip,0.47
86568,\shp,86568_Rural_Lot_202606.zip,3.98
86568,\shp,86568_Rural_Nomenclature_202606.zip,0.01
86568,\shp,86568_Rural_Sector_202606.zip,0.19
86568,\shp,86568_Rural_Vereda_202606.zip,1.14
86568,\shp,86568_Urban_Block_202606.zip,0.81
86568,\shp,86568_Urban_Building_202606.zip,2.01
86568,\shp,86568_Urban_Lot_202606.zip,2.25
86568,\shp,86568_Urban_Neighborhood_202606.zip,0.03
86568,\shp,86568_Urban_Nomenclature_202606.zip,1.17
86568,\shp,86568_Urban_Nomenclature_Road_202606.zip,0.1
86568,\shp,86568_Urban_Perimeter_202606.zip,0.03
86568,\shp,86568_Urban_Sector_202606.zip,0.03
86569,\shp,86569_OSM_Road_202608.zip,0.09
86569,\shp,86569_R1_202607.zip,0.05
86569,\shp,86569_R2_202607.zip,0.08
86569,\shp,86569_Rural_Building_202606.zip,0.26
86569,\shp,86569_Rural_Lot_202606.zip,2.89
86569,\shp,86569_Rural_Nomenclature_202606.zip,0.22
86569,\shp,86569_Rural_Sector_202606.zip,0.25
86569,\shp,86569_Rural_Vereda_202606.zip,1.08
86569,\shp,86569_Urban_Block_202606.zip,0.09
86569,\shp,86569_Urban_Building_202606.zip,0.19
86569,\shp,86569_Urban_Lot_202606.zip,0.22
86569,\shp,86569_Urban_Nomenclature_202606.zip,0.12
86569,\shp,86569_Urban_Nomenclature_Road_202606.zip,0.01
86569,\shp,86569_Urban_Perimeter_202606.zip,0.02
86569,\shp,86569_Urban_Sector_202606.zip,0.02
86571,\shp,86571_OSM_Road_202608.zip,0.18
86571,\shp,86571_R1_202607.zip,0.06
86571,\shp,86571_R2_202607.zip,0.06
86571,\shp,86571_Rural_Building_202606.zip,0.01
86571,\shp,86571_Rural_Lot_202606.zip,1.71
86571,\shp,86571_Rural_Nomenclature_202606.zip,0.0
86571,\shp,86571_Rural_Sector_202606.zip,0.43
86571,\shp,86571_Rural_Vereda_202606.zip,1.04
86571,\shp,86571_Urban_Block_202606.zip,0.09
86571,\shp,86571_Urban_Building_202606.zip,0.14
86571,\shp,86571_Urban_Lot_202606.zip,0.2
86571,\shp,86571_Urban_Nomenclature_202606.zip,0.1
86571,\shp,86571_Urban_Nomenclature_Road_202606.zip,0.01
86571,\shp,86571_Urban_Perimeter_202606.zip,0.02
86571,\shp,86571_Urban_Sector_202606.zip,0.02
86573,\shp,86573_OSM_Road_202608.zip,0.07
86573,\shp,86573_R1_202607.zip,0.05
86573,\shp,86573_R2_202607.zip,0.07
86573,\shp,86573_Rural_Building_202606.zip,0.03
86573,\shp,86573_Rural_Lot_202606.zip,2.49
86573,\shp,86573_Rural_Nomenclature_202606.zip,0.11
86573,\shp,86573_Rural_Sector_202606.zip,1.14
86573,\shp,86573_Rural_Vereda_202606.zip,1.54
86749,\shp,86749_OSM_Road_202608.zip,0.04
86749,\shp,86749_R1_202607.zip,0.09
86749,\shp,86749_R2_202607.zip,0.09
86749,\shp,86749_Rural_Building_202606.zip,0.0
86749,\shp,86749_Rural_Lot_202606.zip,0.68
86749,\shp,86749_Rural_Nomenclature_202606.zip,0.01
86749,\shp,86749_Rural_Sector_202606.zip,0.05
86749,\shp,86749_Rural_Vereda_202606.zip,0.14
86749,\shp,86749_Urban_Block_202606.zip,0.16
86749,\shp,86749_Urban_Building_202606.zip,0.22
86749,\shp,86749_Urban_Lot_202606.zip,0.55
86749,\shp,86749_Urban_Nomenclature_202606.zip,0.03
86749,\shp,86749_Urban_Nomenclature_Road_202606.zip,0.01
86749,\shp,86749_Urban_Perimeter_202606.zip,0.02
86755,\shp,86755_OSM_Road_202608.zip,0.07
86755,\shp,86755_R1_202607.zip,0.04
86755,\shp,86755_R2_202607.zip,0.04
86755,\shp,86755_Urban_Block_202606.zip,0.05
86755,\shp,86755_Urban_Building_202606.zip,0.1
86755,\shp,86755_Urban_Lot_202606.zip,0.16
86755,\shp,86755_Urban_Nomenclature_202606.zip,0.01
86755,\shp,86755_Urban_Nomenclature_Road_202606.zip,0.0
86755,\shp,86755_Urban_Perimeter_202606.zip,0.01
86755,\shp,86755_Urban_Sector_202606.zip,0.01
86757,\shp,86757_OSM_Road_202608.zip,0.07
86757,\shp,86757_R1_202607.zip,0.05
86757,\shp,86757_R2_202607.zip,0.09
86757,\shp,86757_Rural_Building_202606.zip,0.14
86757,\shp,86757_Rural_Lot_202606.zip,0.98
86757,\shp,86757_Rural_Nomenclature_202606.zip,0.16
86757,\shp,86757_Rural_Nomenclature_Road_202606.zip,0.14
86757,\shp,86757_Rural_Sector_202606.zip,0.09
86757,\shp,86757_Rural_Vereda_202606.zip,0.28
86757,\shp,86757_Urban_Block_202606.zip,0.07
86757,\shp,86757_Urban_Building_202606.zip,0.23
86757,\shp,86757_Urban_Lot_202606.zip,0.2
86757,\shp,86757_Urban_Nomenclature_202606.zip,0.09
86757,\shp,86757_Urban_Nomenclature_Road_202606.zip,0.01
86757,\shp,86757_Urban_Perimeter_202606.zip,0.01
86757,\shp,86757_Urban_Sector_202606.zip,0.01
86760,\shp,86760_OSM_Road_202608.zip,0.04
86760,\shp,86760_R1_202607.zip,0.04
86760,\shp,86760_R2_202607.zip,0.04
86760,\shp,86760_Rural_Building_202606.zip,0.0
86760,\shp,86760_Rural_Lot_202606.zip,1.01
86760,\shp,86760_Rural_Nomenclature_202606.zip,0.01
86760,\shp,86760_Rural_Sector_202606.zip,0.07
86760,\shp,86760_Rural_Vereda_202606.zip,0.19
86760,\shp,86760_Urban_Block_202606.zip,0.06
86760,\shp,86760_Urban_Building_202606.zip,0.08
86760,\shp,86760_Urban_Lot_202606.zip,0.15
86760,\shp,86760_Urban_Nomenclature_202606.zip,0.05
86760,\shp,86760_Urban_Nomenclature_Road_202606.zip,0.0
86760,\shp,86760_Urban_Perimeter_202606.zip,0.01
86760,\shp,86760_Urban_Sector_202606.zip,0.01
86865,\shp,86865_OSM_Road_202608.zip,0.12
86865,\shp,86865_R1_202607.zip,0.13
86865,\shp,86865_R2_202607.zip,0.21
86865,\shp,86865_Rural_Building_202606.zip,0.4
86865,\shp,86865_Rural_Lot_202606.zip,2.46
86865,\shp,86865_Rural_Nomenclature_202606.zip,0.59
86865,\shp,86865_Rural_Sector_202606.zip,0.17
86865,\shp,86865_Rural_Vereda_202606.zip,0.79
86865,\shp,86865_Urban_Block_202606.zip,0.2
86865,\shp,86865_Urban_Building_202606.zip,0.6
86865,\shp,86865_Urban_Lot_202606.zip,0.77
86865,\shp,86865_Urban_Nomenclature_202606.zip,0.34
86865,\shp,86865_Urban_Perimeter_202606.zip,0.02
86865,\shp,86865_Urban_Sector_202606.zip,0.02
86885,\shp,86885_OSM_Road_202608.zip,0.11
86885,\shp,86885_R1_202607.zip,0.15
86885,\shp,86885_R2_202607.zip,0.16
86885,\shp,86885_Rural_Building_202606.zip,0.05
86885,\shp,86885_Rural_Lot_202606.zip,2.3
86885,\shp,86885_Rural_Nomenclature_202606.zip,0.04
86885,\shp,86885_Rural_Sector_202606.zip,0.44
86885,\shp,86885_Rural_Vereda_202606.zip,0.9
86885,\shp,86885_Urban_Block_202606.zip,0.21
86885,\shp,86885_Urban_Building_202606.zip,0.45
86885,\shp,86885_Urban_Lot_202606.zip,0.67
86885,\shp,86885_Urban_Nomenclature_202606.zip,0.21
86885,\shp,86885_Urban_Nomenclature_Road_202606.zip,0.09
86885,\shp,86885_Urban_Perimeter_202606.zip,0.01
86885,\shp,86885_Urban_Sector_202606.zip,0.02
88001,\shp,88001_OSM_Road_202608.zip,0.14
88001,\shp,88001_R1_202607.zip,0.25
88001,\shp,88001_R2_202607.zip,0.3
88001,\shp,88001_Rural_Building_202606.zip,0.43
88001,\shp,88001_Rural_Lot_202606.zip,1.25
88001,\shp,88001_Rural_Nomenclature_202606.zip,0.03
88001,\shp,88001_Rural_Nomenclature_Road_202606.zip,0.01
88001,\shp,88001_Rural_Sector_202606.zip,0.01
88001,\shp,88001_Rural_Vereda_202606.zip,0.16
88001,\shp,88001_Urban_Block_202606.zip,0.12
88001,\shp,88001_Urban_Building_202606.zip,0.34
88001,\shp,88001_Urban_Lot_202606.zip,0.32
88001,\shp,88001_Urban_Nomenclature_202606.zip,0.11
88001,\shp,88001_Urban_Nomenclature_Road_202606.zip,0.02
88001,\shp,88001_Urban_Perimeter_202606.zip,0.03
88001,\shp,88001_Urban_Sector_202606.zip,0.03
88564,\shp,88564_OSM_Road_202608.zip,0.04
88564,\shp,88564_R1_202607.zip,0.06
88564,\shp,88564_R2_202607.zip,0.07
88564,\shp,88564_Rural_Building_202606.zip,0.14
88564,\shp,88564_Rural_Lot_202606.zip,0.87
88564,\shp,88564_Rural_Nomenclature_202606.zip,0.02
88564,\shp,88564_Rural_Sector_202606.zip,0.1
88564,\shp,88564_Rural_Vereda_202606.zip,0.15
91001,\shp,91001_OSM_Road_202608.zip,0.12
91001,\shp,91001_R1_202607.zip,0.15
91001,\shp,91001_R2_202607.zip,0.15
91001,\shp,91001_Rural_Lot_202606.zip,0.17
91001,\shp,91001_Rural_Nomenclature_202606.zip,0.01
91001,\shp,91001_Rural_Sector_202606.zip,0.03
91001,\shp,91001_Rural_Vereda_202606.zip,0.03
91263,\shp,91263_OSM_Road_202608.zip,0.01
91263,\shp,91263_R1_202607.zip,0.0
91263,\shp,91263_R2_202607.zip,0.0
91263,\shp,91263_Rural_Lot_202606.zip,0.05
91405,\shp,91405_OSM_Road_202608.zip,0.01
91405,\shp,91405_R1_202607.zip,0.0
91405,\shp,91405_R2_202607.zip,0.0
91405,\shp,91405_Rural_Lot_202606.zip,0.35
91407,\shp,91407_OSM_Road_202608.zip,0.01
91407,\shp,91407_R1_202607.zip,0.0
91407,\shp,91407_R2_202607.zip,0.0
91407,\shp,91407_Rural_Lot_202606.zip,0.14
91430,\shp,91430_R1_202607.zip,0.0
91430,\shp,91430_R2_202607.zip,0.0
91430,\shp,91430_Rural_Lot_202606.zip,0.25
91460,\shp,91460_OSM_Road_202608.zip,0.0
91460,\shp,91460_R1_202607.zip,0.0
91460,\shp,91460_R2_202607.zip,0.0
91460,\shp,91460_Rural_Lot_202606.zip,0.36
91530,\shp,91530_OSM_Road_202608.zip,0.0
91530,\shp,91530_R1_202607.zip,0.0
91530,\shp,91530_R2_202607.zip,0.0
91530,\shp,91530_Rural_Lot_202606.zip,0.0
91536,\shp,91536_OSM_Road_202608.zip,0.0
91536,\shp,91536_R1_202607.zip,0.0
91536,\shp,91536_R2_202607.zip,0.0
91536,\shp,91536_Rural_Lot_202606.zip,0.0
91536,\shp,91536_Rural_Sector_202606.zip,0.0
91536,\shp,91536_Rural_Vereda_202606.zip,0.0
91540,\shp,91540_OSM_Road_202608.zip,0.02
91540,\shp,91540_R1_202607.zip,0.01
91540,\shp,91540_R2_202607.zip,0.01
91540,\shp,91540_Rural_Lot_202606.zip,0.03
91540,\shp,91540_Rural_Sector_202606.zip,0.01
91540,\shp,91540_Rural_Vereda_202606.zip,0.01
91669,\shp,91669_OSM_Road_202608.zip,0.01
91669,\shp,91669_R1_202607.zip,0.0
91669,\shp,91669_R2_202607.zip,0.0
91669,\shp,91669_Rural_Lot_202606.zip,0.84
91798,\shp,91798_OSM_Road_202608.zip,0.01
91798,\shp,91798_R1_202607.zip,0.0
91798,\shp,91798_R2_202607.zip,0.0
91798,\shp,91798_Rural_Lot_202606.zip,0.02
91798,\shp,91798_Rural_Sector_202606.zip,0.02
91798,\shp,91798_Rural_Vereda_202606.zip,0.02
94001,\shp,94001_OSM_Road_202608.zip,0.09
94001,\shp,94001_R1_202607.zip,0.06
94001,\shp,94001_R2_202607.zip,0.07
94001,\shp,94001_Urban_Block_202606.zip,0.04
94001,\shp,94001_Urban_Building_202606.zip,0.09
94001,\shp,94001_Urban_Lot_202606.zip,0.13
94001,\shp,94001_Urban_Nomenclature_202606.zip,0.06
94001,\shp,94001_Urban_Nomenclature_Road_202606.zip,0.0
94001,\shp,94001_Urban_Perimeter_202606.zip,0.01
94001,\shp,94001_Urban_Sector_202606.zip,0.01
94343,\shp,94343_OSM_Road_202608.zip,0.02
94343,\shp,94343_R1_202607.zip,0.0
94343,\shp,94343_R2_202607.zip,0.0
94343,\shp,94343_Urban_Block_202606.zip,0.0
94343,\shp,94343_Urban_Building_202606.zip,0.0
94343,\shp,94343_Urban_Lot_202606.zip,0.0
94343,\shp,94343_Urban_Nomenclature_202606.zip,0.0
94343,\shp,94343_Urban_Nomenclature_Road_202606.zip,0.0
94343,\shp,94343_Urban_Perimeter_202606.zip,0.0
94883,\shp,94883_OSM_Road_202608.zip,0.01
94883,\shp,94883_R1_202607.zip,0.0
94883,\shp,94883_R2_202607.zip,0.0
94884,\shp,94884_OSM_Road_202608.zip,0.02
94884,\shp,94884_R1_202607.zip,0.0
94884,\shp,94884_R2_202607.zip,0.0
94885,\shp,94885_R1_202607.zip,0.0
94885,\shp,94885_R2_202607.zip,0.0
94886,\shp,94886_OSM_Road_202608.zip,0.0
94886,\shp,94886_R1_202607.zip,0.0
94886,\shp,94886_R2_202607.zip,0.0
94887,\shp,94887_OSM_Road_202608.zip,0.01
94887,\shp,94887_R1_202607.zip,0.0
94887,\shp,94887_R2_202607.zip,0.0
94888,\shp,94888_OSM_Road_202608.zip,0.0
94888,\shp,94888_R1_202607.zip,0.0
94888,\shp,94888_R2_202607.zip,0.0
95001,\shp,95001_OSM_Road_202608.zip,0.48
95001,\shp,95001_R1_202607.zip,0.23
95001,\shp,95001_R2_202607.zip,0.24
95001,\shp,95001_Rural_Building_202606.zip,0.51
95001,\shp,95001_Rural_Lot_202606.zip,5.72
95001,\shp,95001_Rural_Nomenclature_202606.zip,0.02
95001,\shp,95001_Rural_Sector_202606.zip,0.79
95001,\shp,95001_Rural_Vereda_202606.zip,2.89
95001,\shp,95001_Urban_Block_202606.zip,0.11
95001,\shp,95001_Urban_Building_202606.zip,0.32
95001,\shp,95001_Urban_Lot_202606.zip,0.31
95001,\shp,95001_Urban_Nomenclature_202606.zip,0.14
95001,\shp,95001_Urban_Nomenclature_Road_202606.zip,0.01
95001,\shp,95001_Urban_Perimeter_202606.zip,0.01
95001,\shp,95001_Urban_Sector_202606.zip,0.01
95015,\shp,95015_OSM_Road_202608.zip,0.11
95015,\shp,95015_R1_202607.zip,0.03
95015,\shp,95015_R2_202607.zip,0.03
95015,\shp,95015_Rural_Lot_202606.zip,0.47
95015,\shp,95015_Rural_Sector_202606.zip,0.24
95015,\shp,95015_Rural_Vereda_202606.zip,0.27
95015,\shp,95015_Urban_Block_202606.zip,0.01
95015,\shp,95015_Urban_Building_202606.zip,0.01
95015,\shp,95015_Urban_Lot_202606.zip,0.01
95015,\shp,95015_Urban_Neighborhood_202606.zip,0.0
95015,\shp,95015_Urban_Nomenclature_202606.zip,0.0
95015,\shp,95015_Urban_Nomenclature_Road_202606.zip,0.0
95015,\shp,95015_Urban_Perimeter_202606.zip,0.0
95015,\shp,95015_Urban_Sector_202606.zip,0.0
95025,\shp,95025_OSM_Road_202608.zip,0.17
95025,\shp,95025_R1_202607.zip,0.07
95025,\shp,95025_R2_202607.zip,0.05
95025,\shp,95025_Urban_Block_202606.zip,0.07
95025,\shp,95025_Urban_Building_202606.zip,0.18
95025,\shp,95025_Urban_Lot_202606.zip,0.19
95025,\shp,95025_Urban_Neighborhood_202606.zip,0.03
95025,\shp,95025_Urban_Nomenclature_202606.zip,0.11
95025,\shp,95025_Urban_Nomenclature_Road_202606.zip,0.02
95025,\shp,95025_Urban_Perimeter_202606.zip,0.03
95025,\shp,95025_Urban_Sector_202606.zip,0.03
95200,\shp,95200_OSM_Road_202608.zip,0.06
95200,\shp,95200_R1_202607.zip,0.02
95200,\shp,95200_R2_202607.zip,0.02
95200,\shp,95200_Rural_Lot_202606.zip,0.12
95200,\shp,95200_Rural_Sector_202606.zip,0.19
95200,\shp,95200_Rural_Vereda_202606.zip,0.19
95200,\shp,95200_Urban_Block_202606.zip,0.04
95200,\shp,95200_Urban_Building_202606.zip,0.09
95200,\shp,95200_Urban_Lot_202606.zip,0.1
95200,\shp,95200_Urban_Nomenclature_202606.zip,0.06
95200,\shp,95200_Urban_Nomenclature_Road_202606.zip,0.01
95200,\shp,95200_Urban_Sector_202606.zip,0.01
97001,\shp,97001_OSM_Road_202608.zip,0.07
97001,\shp,97001_R1_202607.zip,0.04
97001,\shp,97001_R2_202607.zip,0.04
97001,\shp,97001_Rural_Lot_202606.zip,0.76
97001,\shp,97001_Rural_Sector_202606.zip,0.74
97001,\shp,97001_Rural_Vereda_202606.zip,0.17
97001,\shp,97001_Urban_Lot_202606.zip,0.0
97161,\shp,97161_OSM_Road_202608.zip,0.02
97161,\shp,97161_R1_202607.zip,0.0
97161,\shp,97161_R2_202607.zip,0.0
97161,\shp,97161_Urban_Block_202606.zip,0.01
97161,\shp,97161_Urban_Building_202606.zip,0.02
97161,\shp,97161_Urban_Lot_202606.zip,0.02
97161,\shp,97161_Urban_Neighborhood_202606.zip,0.0
97161,\shp,97161_Urban_Nomenclature_202606.zip,0.01
97161,\shp,97161_Urban_Nomenclature_Road_202606.zip,0.0
97161,\shp,97161_Urban_Perimeter_202606.zip,0.0
97161,\shp,97161_Urban_Sector_202606.zip,0.0
97511,\shp,97511_OSM_Road_202608.zip,0.01
97511,\shp,97511_R1_202607.zip,0.0
97511,\shp,97511_R2_202607.zip,0.0
97666,\shp,97666_OSM_Road_202608.zip,0.01
97666,\shp,97666_R1_202607.zip,0.01
97666,\shp,97666_R2_202607.zip,0.01
97666,\shp,97666_Rural_Lot_202606.zip,0.19
97666,\shp,97666_Rural_Sector_202606.zip,0.1
97666,\shp,97666_Rural_Vereda_202606.zip,0.1
97777,\shp,97777_OSM_Road_202608.zip,0.0
97777,\shp,97777_R1_202607.zip,0.0
97777,\shp,97777_R2_202607.zip,0.0
97889,\shp,97889_OSM_Road_202608.zip,0.01
97889,\shp,97889_R1_202607.zip,0.0
97889,\shp,97889_R2_202607.zip,0.0
99001,\shp,99001_OSM_Road_202608.zip,0.16
99001,\shp,99001_R1_202607.zip,0.13
99001,\shp,99001_R2_202607.zip,0.16
99001,\shp,99001_Rural_Building_202606.zip,0.01
99001,\shp,99001_Rural_Lot_202606.zip,0.75
99001,\shp,99001_Rural_Nomenclature_202606.zip,0.01
99001,\shp,99001_Rural_Nomenclature_Road_202606.zip,0.0
99001,\shp,99001_Rural_Sector_202606.zip,0.11
99001,\shp,99001_Rural_Vereda_202606.zip,0.23
99524,\shp,99524_OSM_Road_202608.zip,0.09
99524,\shp,99524_R1_202607.zip,0.06
99524,\shp,99524_R2_202607.zip,0.11
99524,\shp,99524_Rural_Building_202606.zip,0.3
99524,\shp,99524_Rural_Lot_202606.zip,4.5
99524,\shp,99524_Rural_Nomenclature_202606.zip,0.06
99524,\shp,99524_Rural_Sector_202606.zip,0.8
99524,\shp,99524_Rural_Vereda_202606.zip,0.71
99524,\shp,99524_Urban_Block_202606.zip,0.06
99524,\shp,99524_Urban_Building_202606.zip,0.1
99524,\shp,99524_Urban_Lot_202606.zip,0.15
99524,\shp,99524_Urban_Nomenclature_202606.zip,0.08
99524,\shp,99524_Urban_Nomenclature_Road_202606.zip,0.01
99524,\shp,99524_Urban_Perimeter_202606.zip,0.01
99524,\shp,99524_Urban_Sector_202606.zip,0.01
99624,\shp,99624_OSM_Road_202608.zip,0.03
99624,\shp,99624_R1_202607.zip,0.02
99624,\shp,99624_R2_202607.zip,0.03
99624,\shp,99624_Rural_Building_202606.zip,0.07
99624,\shp,99624_Rural_Lot_202606.zip,2.42
99624,\shp,99624_Rural_Nomenclature_202606.zip,0.01
99624,\shp,99624_Rural_Sector_202606.zip,0.49
99624,\shp,99624_Rural_Vereda_202606.zip,1.32
99624,\shp,99624_Urban_Block_202606.zip,0.05
99624,\shp,99624_Urban_Building_202606.zip,0.11
99624,\shp,99624_Urban_Lot_202606.zip,0.11
99624,\shp,99624_Urban_Nomenclature_202606.zip,0.1
99624,\shp,99624_Urban_Nomenclature_Road_202606.zip,0.01
99624,\shp,99624_Urban_Perimeter_202606.zip,0.01
99624,\shp,99624_Urban_Sector_202606.zip,0.01
99773,\shp,99773_OSM_Road_202608.zip,0.37
99773,\shp,99773_R1_202607.zip,0.05
99773,\shp,99773_R2_202607.zip,0.08
99773,\shp,99773_Rural_Building_202606.zip,0.84
99773,\shp,99773_Rural_Lot_202606.zip,6.9
99773,\shp,99773_Rural_Sector_202606.zip,1.24
99773,\shp,99773_Rural_Vereda_202606.zip,3.9
99773,\shp,99773_Urban_Block_202606.zip,0.05
99773,\shp,99773_Urban_Building_202606.zip,0.23
99773,\shp,99773_Urban_Lot_202606.zip,0.13
99773,\shp,99773_Urban_Nomenclature_202606.zip,0.07
99773,\shp,99773_Urban_Nomenclature_Road_202606.zip,0.01
99773,\shp,99773_Urban_Perimeter_202606.zip,0.0
99773,\shp,99773_Urban_Sector_202606.zip,0.0
ColombiaCadastreManager4326.zip,\shp,ColombiaCadastreManager4326.zip,0.79
ColombiaCounty4326.zip,\shp,ColombiaCounty4326.zip,68.41
ColombiaCountyMapSheet4326.zip,\shp,ColombiaCountyMapSheet4326.zip,65.94
ColombiaMapSheet9377.zip,\shp,ColombiaMapSheet9377.zip,0.03
ColombiaState4326.zip,\shp,ColombiaState4326.zip,11.53
aaa.zip,\shp\aaaa,aaa.zip,0.0
